2026-06-11 12:54:27,925 [DEBUG] [SystrayMonitor] [systray_widget/systray.py:57]: Systray thread is starting...
2026-06-11 12:54:28,010 [DEBUG] [SystrayMonitor] [systray_widget/systray_monitor.py:242]: Finding real tray hwnd
2026-06-11 12:54:28,302 [DEBUG] [MainThread] [systray_widget/systray.py:277]: Systray thread started
2026-06-11 12:54:28,508 [DEBUG] [SystrayMonitor] [systray_widget/systray_monitor.py:164]: Adding TaskbandHWND prop to hwnd 67188
2026-06-11 12:54:28,516 [DEBUG] [MainThread] [systray_widget/systray_monitor.py:157]: Sending TaskbarCreated message: 49360
2026-06-11 12:55:05,129 [ERROR] [Thread-3 (process_audio)] [root/cava.py:630]: Error reading cava data: wrapped C/C++ object of type CavaWidget has been deleted
2026-06-11 13:02:36,664 [INFO] [MainThread] [root/log.py:69]: YASB v1.8.5
2026-06-11 13:02:36,665 [INFO] [Thread-1 (_run_server)] [cli_server/cli_server.py:212]: CLI server started v1.1.4
2026-06-11 13:02:36,665 [INFO] [MainThread] [cli_server/cli_server.py:104]: Log pipe server started
2026-06-11 13:02:37,427 [INFO] [MainThread] [root/service.py:48]: AudioOutputService starting...
2026-06-11 13:02:38,041 [INFO] [MainThread] [root/bar_manager.py:85]: Starting SystemEventListener...
2026-06-11 13:02:38,041 [INFO] [MainThread] [root/bar_manager.py:85]: Starting KomorebiEventListener...
2026-06-11 13:02:38,041 [INFO] [MainThread] [root/bar_manager.py:85]: Starting WindowsNotificationEventListener...
2026-06-11 13:02:38,042 [INFO] [Dummy-4] [root/event_listener.py:51]: Created named pipe yasb-b8b9cf6e-6567-11f1-85e3-b48c9d368940
2026-06-11 13:02:38,043 [INFO] [MainThread] [root/watcher.py:54]: Created file watcher for path C:\Users\Srinath\.config\yasb
2026-06-11 13:02:38,097 [INFO] [MainThread] [root/update_service.py:404]: Background update checker started
2026-06-11 13:02:38,097 [DEBUG] [MainThread] [qasync._windows._EventPoller/_windows.py:215]: Starting (proactor: <_IocpProactor overlapped#=0 result#=0>)...
2026-06-11 13:02:38,098 [DEBUG] [Dummy-9] [qasync._windows._EventWorker/_windows.py:195]: Thread started
2026-06-11 13:02:38,101 [DEBUG] [MainThread] [systray_widget/systray.py:526]: Loading state from C:\Users\Srinath\AppData\Local\YASB\systray_state_MLTDDISPLAY1.json
2026-06-11 13:02:38,104 [DEBUG] [SystrayMonitor] [systray_widget/systray.py:57]: Systray thread is starting...
2026-06-11 13:02:38,233 [DEBUG] [MainThread] [systray_widget/systray.py:277]: Systray thread started
2026-06-11 13:02:38,435 [DEBUG] [SystrayMonitor] [systray_widget/systray_monitor.py:164]: Adding TaskbandHWND prop to hwnd 132728
2026-06-11 13:02:38,441 [DEBUG] [SystrayMonitor] [systray_widget/systray_monitor.py:242]: Finding real tray hwnd
2026-06-11 13:02:38,444 [DEBUG] [MainThread] [systray_widget/systray_monitor.py:157]: Sending TaskbarCreated message: 49360
2026-06-11 16:33:27,483 [INFO] [Dummy-4] [root/event_listener.py:125]: Komorebi connected to named pipe: yasb-b8b9cf6e-6567-11f1-85e3-b48c9d368940
2026-06-11 21:54:42,359 [ERROR] [MainThread] [root/gpu.py:170]: Error updating shared GPU data: Command '['C:\\WINDOWS\\system32\\nvidia-smi.EXE', '--query-gpu=index,utilization.gpu,memory.total,memory.used,memory.free,temperature.gpu,fan.speed', '--format=csv,noheader,nounits']' timed out after 2 seconds
2026-06-12 12:24:20,186 [ERROR] [MainThread] [root/gpu.py:170]: Error updating shared GPU data: Command '['C:\\WINDOWS\\system32\\nvidia-smi.EXE', '--query-gpu=index,utilization.gpu,memory.total,memory.used,memory.free,temperature.gpu,fan.speed', '--format=csv,noheader,nounits']' timed out after 2 seconds
2026-06-12 12:55:14,745 [DEBUG] [SystrayMonitor] [systray_widget/utils.py:124]: Could not open process ID 4356. Err: 5
2026-06-12 12:55:14,787 [DEBUG] [SystrayMonitor] [systray_widget/utils.py:124]: Could not open process ID 4356. Err: 5
2026-06-12 21:22:57,588 [ERROR] [SystrayMonitor] [root/app_icons.py:282]: GetIconInfo failed: 0
2026-06-19 19:09:54,085 [INFO] [MainThread] [root/log.py:69]: YASB v1.8.5
2026-06-19 19:09:54,087 [INFO] [Thread-1 (_run_server)] [cli_server/cli_server.py:212]: CLI server started v1.1.4
2026-06-19 19:09:54,087 [INFO] [MainThread] [cli_server/cli_server.py:104]: Log pipe server started
2026-06-19 19:09:56,470 [INFO] [MainThread] [root/service.py:48]: AudioOutputService starting...
2026-06-19 19:09:58,457 [INFO] [MainThread] [root/bar_manager.py:85]: Starting WindowsNotificationEventListener...
2026-06-19 19:09:58,459 [INFO] [MainThread] [root/bar_manager.py:85]: Starting KomorebiEventListener...
2026-06-19 19:09:58,459 [INFO] [MainThread] [root/bar_manager.py:85]: Starting SystemEventListener...
2026-06-19 19:09:58,461 [INFO] [MainThread] [root/watcher.py:54]: Created file watcher for path C:\Users\Srinath\.config\yasb
2026-06-19 19:09:58,461 [INFO] [Dummy-6] [root/event_listener.py:51]: Created named pipe yasb-5d24aa4a-6be4-11f1-96dd-b48c9d368940
2026-06-19 19:09:58,626 [INFO] [MainThread] [root/update_service.py:404]: Background update checker started
2026-06-19 19:09:58,627 [DEBUG] [MainThread] [qasync._windows._EventPoller/_windows.py:215]: Starting (proactor: <_IocpProactor overlapped#=0 result#=0>)...
2026-06-19 19:09:58,629 [DEBUG] [Dummy-9] [qasync._windows._EventWorker/_windows.py:195]: Thread started
2026-06-19 19:09:58,634 [DEBUG] [MainThread] [systray_widget/systray.py:526]: Loading state from C:\Users\Srinath\AppData\Local\YASB\systray_state_MLTDDISPLAY1.json
2026-06-19 19:09:58,677 [DEBUG] [SystrayMonitor] [systray_widget/systray.py:57]: Systray thread is starting...
2026-06-19 19:09:59,182 [DEBUG] [MainThread] [systray_widget/systray.py:277]: Systray thread started
2026-06-19 19:09:59,386 [DEBUG] [SystrayMonitor] [systray_widget/systray_monitor.py:164]: Adding TaskbandHWND prop to hwnd 525986
2026-06-19 19:09:59,404 [DEBUG] [SystrayMonitor] [systray_widget/systray_monitor.py:242]: Finding real tray hwnd
2026-06-19 19:09:59,415 [DEBUG] [MainThread] [systray_widget/systray_monitor.py:157]: Sending TaskbarCreated message: 49360
2026-06-19 20:00:40,452 [INFO] [MainThread] [root/controller.py:35]: Exiting Application...
2026-06-19 20:00:40,554 [INFO] [MainThread] [cli_server/cli_server.py:112]: Log pipe server stopped
2026-06-19 20:00:40,554 [DEBUG] [MainThread] [cli_server/cli_server.py:206]: CLI server stopped
2026-06-19 20:00:40,642 [INFO] [MainThread] [root/bar_manager.py:92]: Stopping WindowsNotificationEventListener...
2026-06-19 20:00:40,642 [INFO] [MainThread] [root/bar_manager.py:92]: Stopping KomorebiEventListener...
2026-06-19 20:00:40,643 [INFO] [MainThread] [root/bar_manager.py:92]: Stopping SystemEventListener...
2026-06-19 20:00:40,648 [DEBUG] [MainThread] [systray_widget/systray.py:504]: Saving state to disk
2026-06-19 20:00:40,649 [DEBUG] [MainThread] [systray_widget/systray.py:508]: Saving state to C:\Users\Srinath\AppData\Local\YASB\systray_state_MLTDDISPLAY1.json
2026-06-19 20:00:40,661 [DEBUG] [MainThread] [systray_widget/utils.py:96]: Destroying window 525986
2026-06-19 20:00:40,673 [DEBUG] [MainThread] [qasync._windows._EventPoller/_windows.py:220]: Stopping worker thread...
2026-06-19 20:00:40,681 [DEBUG] [Dummy-9] [qasync._windows._EventWorker/_windows.py:204]: Exiting thread
2026-06-19 20:00:40,682 [DEBUG] [MainThread] [qasync._windows._IocpProactor/_windows.py:78]: Closing
2026-06-19 20:00:40,751 [DEBUG] [MainThread] [systray_widget/utils.py:96]: Destroying window 525986
2026-06-19 21:00:14,947 [ERROR] [Dummy-4255] [comtypes._vtbl/_vtbl.py:217]: Exception in IMMNotificationClient.OnDeviceStateChanged implementation:
Traceback (most recent call last):
  File "D:\a\yasb\yasb\venv\Lib\site-packages\comtypes\_vtbl.py", line 176, in call_without_this
  File "D:\a\yasb\yasb\venv\Lib\site-packages\pycaw\callbacks.py", line 332, in OnDeviceStateChanged
  File "D:\a\yasb\yasb\src\core\utils\widgets\volume\service.py", line 317, in on_device_state_changed
RuntimeError: wrapped C/C++ object of type AudioOutputService has been deleted
2026-06-19 21:00:15,118 [ERROR] [Dummy-4256] [comtypes._vtbl/_vtbl.py:217]: Exception in IMMNotificationClient.OnDeviceStateChanged implementation:
Traceback (most recent call last):
  File "D:\a\yasb\yasb\venv\Lib\site-packages\comtypes\_vtbl.py", line 176, in call_without_this
  File "D:\a\yasb\yasb\venv\Lib\site-packages\pycaw\callbacks.py", line 332, in OnDeviceStateChanged
  File "D:\a\yasb\yasb\src\core\utils\widgets\volume\service.py", line 317, in on_device_state_changed
RuntimeError: wrapped C/C++ object of type AudioOutputService has been deleted
2026-06-19 21:00:15,213 [ERROR] [Dummy-4257] [comtypes._vtbl/_vtbl.py:217]: Exception in IMMNotificationClient.OnDeviceStateChanged implementation:
Traceback (most recent call last):
  File "D:\a\yasb\yasb\venv\Lib\site-packages\comtypes\_vtbl.py", line 176, in call_without_this
  File "D:\a\yasb\yasb\venv\Lib\site-packages\pycaw\callbacks.py", line 332, in OnDeviceStateChanged
  File "D:\a\yasb\yasb\src\core\utils\widgets\volume\service.py", line 317, in on_device_state_changed
RuntimeError: wrapped C/C++ object of type AudioOutputService has been deleted
2026-06-21 11:18:51,912 [INFO] [MainThread] [root/log.py:69]: YASB v1.8.5
2026-06-21 11:18:51,914 [INFO] [Thread-1 (_run_server)] [cli_server/cli_server.py:212]: CLI server started v1.1.4
2026-06-21 11:18:51,914 [INFO] [MainThread] [cli_server/cli_server.py:104]: Log pipe server started
2026-06-21 11:18:53,413 [INFO] [MainThread] [root/service.py:48]: AudioOutputService starting...
2026-06-21 11:18:55,315 [INFO] [MainThread] [root/bar_manager.py:85]: Starting KomorebiEventListener...
2026-06-21 11:18:55,315 [INFO] [MainThread] [root/bar_manager.py:85]: Starting SystemEventListener...
2026-06-21 11:18:55,316 [INFO] [MainThread] [root/bar_manager.py:85]: Starting WindowsNotificationEventListener...
2026-06-21 11:18:55,316 [INFO] [Dummy-4] [root/event_listener.py:51]: Created named pipe yasb-e3d2af70-6d34-11f1-ab30-b48c9d368940
2026-06-21 11:18:55,319 [INFO] [MainThread] [root/watcher.py:54]: Created file watcher for path C:\Users\Srinath\.config\yasb
2026-06-21 11:18:55,487 [INFO] [MainThread] [root/update_service.py:404]: Background update checker started
2026-06-21 11:18:55,487 [DEBUG] [MainThread] [qasync._windows._EventPoller/_windows.py:215]: Starting (proactor: <_IocpProactor overlapped#=0 result#=0>)...
2026-06-21 11:18:55,489 [DEBUG] [Dummy-9] [qasync._windows._EventWorker/_windows.py:195]: Thread started
2026-06-21 11:18:55,503 [DEBUG] [MainThread] [systray_widget/systray.py:526]: Loading state from C:\Users\Srinath\AppData\Local\YASB\systray_state_MLTDDISPLAY1.json
2026-06-21 11:18:55,535 [DEBUG] [SystrayMonitor] [systray_widget/systray.py:57]: Systray thread is starting...
2026-06-21 11:18:55,931 [DEBUG] [MainThread] [systray_widget/systray.py:277]: Systray thread started
2026-06-21 11:18:56,133 [DEBUG] [SystrayMonitor] [systray_widget/systray_monitor.py:164]: Adding TaskbandHWND prop to hwnd 67262
2026-06-21 11:18:56,138 [DEBUG] [SystrayMonitor] [systray_widget/systray_monitor.py:242]: Finding real tray hwnd
2026-06-21 11:18:56,141 [DEBUG] [MainThread] [systray_widget/systray_monitor.py:157]: Sending TaskbarCreated message: 49359
2026-06-21 11:41:14,534 [INFO] [Dummy-4] [root/event_listener.py:125]: Komorebi connected to named pipe: yasb-e3d2af70-6d34-11f1-ab30-b48c9d368940
2026-06-22 09:46:21,185 [INFO] [MainThread] [root/bar_manager.py:92]: Stopping KomorebiEventListener...
2026-06-22 09:46:21,186 [INFO] [MainThread] [root/bar_manager.py:92]: Stopping SystemEventListener...
2026-06-22 09:46:21,187 [INFO] [MainThread] [root/bar_manager.py:92]: Stopping WindowsNotificationEventListener...
2026-06-22 09:46:21,189 [DEBUG] [MainThread] [systray_widget/systray.py:504]: Saving state to disk
2026-06-22 09:46:21,190 [DEBUG] [MainThread] [systray_widget/systray.py:508]: Saving state to C:\Users\Srinath\AppData\Local\YASB\systray_state_MLTDDISPLAY1.json
2026-06-22 09:46:21,207 [DEBUG] [MainThread] [systray_widget/utils.py:96]: Destroying window 67262
2026-06-22 09:46:21,212 [INFO] [Dummy-4] [root/event_listener.py:92]: Attempting to reconnect to Komorebi...
2026-06-22 09:48:14,467 [INFO] [MainThread] [root/log.py:69]: YASB v1.8.5
2026-06-22 09:48:14,468 [INFO] [Thread-1 (_run_server)] [cli_server/cli_server.py:212]: CLI server started v1.1.4
2026-06-22 09:48:14,468 [INFO] [MainThread] [cli_server/cli_server.py:104]: Log pipe server started
2026-06-22 09:48:16,145 [INFO] [MainThread] [root/service.py:48]: AudioOutputService starting...
2026-06-22 09:48:17,480 [INFO] [MainThread] [root/bar_manager.py:85]: Starting WindowsNotificationEventListener...
2026-06-22 09:48:17,481 [INFO] [MainThread] [root/bar_manager.py:85]: Starting KomorebiEventListener...
2026-06-22 09:48:17,482 [INFO] [MainThread] [root/bar_manager.py:85]: Starting SystemEventListener...
2026-06-22 09:48:17,482 [INFO] [MainThread] [root/watcher.py:54]: Created file watcher for path C:\Users\Srinath\.config\yasb
2026-06-22 09:48:17,484 [INFO] [Dummy-6] [root/event_listener.py:51]: Created named pipe yasb-6508d86d-6df1-11f1-be20-b48c9d368940
2026-06-22 09:48:17,624 [INFO] [MainThread] [root/update_service.py:404]: Background update checker started
2026-06-22 09:48:17,625 [DEBUG] [MainThread] [qasync._windows._EventPoller/_windows.py:215]: Starting (proactor: <_IocpProactor overlapped#=0 result#=0>)...
2026-06-22 09:48:17,626 [DEBUG] [Dummy-9] [qasync._windows._EventWorker/_windows.py:195]: Thread started
2026-06-22 09:48:17,630 [DEBUG] [MainThread] [systray_widget/systray.py:526]: Loading state from C:\Users\Srinath\AppData\Local\YASB\systray_state_MLTDDISPLAY1.json
2026-06-22 09:48:17,664 [DEBUG] [SystrayMonitor] [systray_widget/systray.py:57]: Systray thread is starting...
2026-06-22 09:48:17,841 [DEBUG] [MainThread] [systray_widget/systray.py:277]: Systray thread started
2026-06-22 09:48:18,043 [DEBUG] [SystrayMonitor] [systray_widget/systray_monitor.py:164]: Adding TaskbandHWND prop to hwnd 67116
2026-06-22 09:48:18,051 [DEBUG] [SystrayMonitor] [systray_widget/systray_monitor.py:242]: Finding real tray hwnd
2026-06-22 09:48:18,055 [DEBUG] [MainThread] [systray_widget/systray_monitor.py:157]: Sending TaskbarCreated message: 49359
2026-06-22 15:56:27,392 [INFO] [Dummy-6] [root/event_listener.py:125]: Komorebi connected to named pipe: yasb-6508d86d-6df1-11f1-be20-b48c9d368940
2026-06-22 19:38:13,298 [ERROR] [SystrayMonitor] [root/app_icons.py:282]: GetIconInfo failed: 0
2026-06-22 21:15:06,753 [ERROR] [MainThread] [root/gpu.py:170]: Error updating shared GPU data: Command '['C:\\WINDOWS\\system32\\nvidia-smi.EXE', '--query-gpu=index,utilization.gpu,memory.total,memory.used,memory.free,temperature.gpu,fan.speed', '--format=csv,noheader,nounits']' timed out after 2 seconds
2026-06-22 22:30:28,596 [DEBUG] [SystrayMonitor] [systray_widget/utils.py:124]: Could not open process ID 4348. Err: 5
2026-06-22 22:30:28,664 [DEBUG] [SystrayMonitor] [systray_widget/utils.py:124]: Could not open process ID 4348. Err: 5
2026-06-22 23:41:54,474 [ERROR] [MainThread] [root/gpu.py:170]: Error updating shared GPU data: Command '['C:\\WINDOWS\\system32\\nvidia-smi.EXE', '--query-gpu=index,utilization.gpu,memory.total,memory.used,memory.free,temperature.gpu,fan.speed', '--format=csv,noheader,nounits']' timed out after 2 seconds
2026-06-23 12:39:39,267 [ERROR] [MainThread] [root/gpu.py:170]: Error updating shared GPU data: Command '['C:\\WINDOWS\\system32\\nvidia-smi.EXE', '--query-gpu=index,utilization.gpu,memory.total,memory.used,memory.free,temperature.gpu,fan.speed', '--format=csv,noheader,nounits']' timed out after 2 seconds
2026-06-23 13:24:30,929 [WARNING] [Dummy-6] [root/event_listener.py:82]: Pipe has been ended: (109, 'PeekNamedPipe', 'The pipe has been ended.')
2026-06-23 13:24:30,930 [INFO] [Dummy-6] [root/event_listener.py:92]: Attempting to reconnect to Komorebi...
2026-06-23 13:24:33,931 [INFO] [Dummy-6] [root/event_listener.py:51]: Created named pipe yasb-6508d86d-6df1-11f1-be20-b48c9d368940
2026-06-23 13:26:25,706 [INFO] [Dummy-6] [root/event_listener.py:125]: Komorebi connected to named pipe: yasb-6508d86d-6df1-11f1-be20-b48c9d368940
2026-06-23 22:31:02,670 [DEBUG] [SystrayMonitor] [systray_widget/utils.py:124]: Could not open process ID 4348. Err: 5
2026-06-23 22:31:02,711 [DEBUG] [SystrayMonitor] [systray_widget/utils.py:124]: Could not open process ID 4348. Err: 5
2026-06-23 23:56:36,819 [WARNING] [Dummy-6] [root/event_listener.py:82]: Pipe has been ended: (109, 'PeekNamedPipe', 'The pipe has been ended.')
2026-06-23 23:56:36,820 [INFO] [Dummy-6] [root/event_listener.py:92]: Attempting to reconnect to Komorebi...
2026-06-23 23:56:39,820 [INFO] [Dummy-6] [root/event_listener.py:51]: Created named pipe yasb-6508d86d-6df1-11f1-be20-b48c9d368940
2026-06-24 14:07:27,448 [INFO] [MainThread] [root/log.py:69]: YASB v1.8.5
2026-06-24 14:07:27,450 [INFO] [Thread-1 (_run_server)] [cli_server/cli_server.py:212]: CLI server started v1.1.4
2026-06-24 14:07:27,450 [INFO] [MainThread] [cli_server/cli_server.py:104]: Log pipe server started
2026-06-24 14:07:29,855 [INFO] [MainThread] [root/service.py:48]: AudioOutputService starting...
2026-06-24 14:07:32,817 [INFO] [MainThread] [root/bar_manager.py:85]: Starting KomorebiEventListener...
2026-06-24 14:07:32,817 [INFO] [MainThread] [root/bar_manager.py:85]: Starting SystemEventListener...
2026-06-24 14:07:32,818 [INFO] [MainThread] [root/bar_manager.py:85]: Starting WindowsNotificationEventListener...
2026-06-24 14:07:32,820 [INFO] [MainThread] [root/watcher.py:54]: Created file watcher for path C:\Users\Srinath\.config\yasb
2026-06-24 14:07:32,820 [INFO] [Dummy-6] [root/event_listener.py:51]: Created named pipe yasb-f1902baa-6fa7-11f1-b8c6-b48c9d368940
2026-06-24 14:07:33,061 [INFO] [MainThread] [root/update_service.py:404]: Background update checker started
2026-06-24 14:07:33,062 [DEBUG] [MainThread] [qasync._windows._EventPoller/_windows.py:215]: Starting (proactor: <_IocpProactor overlapped#=0 result#=0>)...
2026-06-24 14:07:33,067 [DEBUG] [Dummy-9] [qasync._windows._EventWorker/_windows.py:195]: Thread started
2026-06-24 14:07:33,100 [DEBUG] [MainThread] [systray_widget/systray.py:526]: Loading state from C:\Users\Srinath\AppData\Local\YASB\systray_state_MLTDDISPLAY1.json
2026-06-24 14:07:33,149 [DEBUG] [SystrayMonitor] [systray_widget/systray.py:57]: Systray thread is starting...
2026-06-24 14:07:33,915 [DEBUG] [MainThread] [systray_widget/systray.py:277]: Systray thread started
2026-06-24 14:07:34,117 [DEBUG] [SystrayMonitor] [systray_widget/systray_monitor.py:164]: Adding TaskbandHWND prop to hwnd 131752
2026-06-24 14:07:34,122 [DEBUG] [SystrayMonitor] [systray_widget/systray_monitor.py:242]: Finding real tray hwnd
2026-06-24 14:07:34,128 [DEBUG] [MainThread] [systray_widget/systray_monitor.py:157]: Sending TaskbarCreated message: 49359
2026-06-24 19:48:16,502 [ERROR] [MainThread] [root/gpu.py:170]: Error updating shared GPU data: Command '['C:\\WINDOWS\\system32\\nvidia-smi.EXE', '--query-gpu=index,utilization.gpu,memory.total,memory.used,memory.free,temperature.gpu,fan.speed', '--format=csv,noheader,nounits']' timed out after 2 seconds
2026-06-24 19:49:34,344 [INFO] [MainThread] [root/bar_manager.py:80]: Screens updated. Re-initialising all bars.
2026-06-24 19:49:34,345 [INFO] [MainThread] [root/controller.py:15]: Reloading Application because of screen update.
2026-06-24 19:49:34,452 [INFO] [MainThread] [cli_server/cli_server.py:112]: Log pipe server stopped
2026-06-24 19:49:34,452 [DEBUG] [MainThread] [cli_server/cli_server.py:206]: CLI server stopped
2026-06-24 19:49:35,168 [INFO] [MainThread] [root/bar_manager.py:92]: Stopping KomorebiEventListener...
2026-06-24 19:49:35,169 [INFO] [MainThread] [root/bar_manager.py:92]: Stopping SystemEventListener...
2026-06-24 19:49:35,170 [INFO] [MainThread] [root/bar_manager.py:92]: Stopping WindowsNotificationEventListener...
2026-06-24 19:49:35,184 [DEBUG] [MainThread] [systray_widget/systray.py:504]: Saving state to disk
2026-06-24 19:49:35,185 [DEBUG] [MainThread] [systray_widget/systray.py:508]: Saving state to C:\Users\Srinath\AppData\Local\YASB\systray_state_ACERTECHNOLOGIESVG271UM32526057A84212.json
2026-06-24 19:49:35,208 [DEBUG] [MainThread] [systray_widget/utils.py:96]: Destroying window 131752
2026-06-24 19:49:35,230 [DEBUG] [MainThread] [qasync._windows._EventPoller/_windows.py:220]: Stopping worker thread...
2026-06-24 19:49:35,243 [DEBUG] [Dummy-9] [qasync._windows._EventWorker/_windows.py:204]: Exiting thread
2026-06-24 19:49:35,247 [DEBUG] [MainThread] [qasync._windows._IocpProactor/_windows.py:78]: Closing
2026-06-24 19:49:35,297 [DEBUG] [MainThread] [systray_widget/utils.py:96]: Destroying window 131752
2026-06-24 19:49:37,082 [INFO] [MainThread] [root/log.py:69]: YASB v1.8.5
2026-06-24 19:49:37,083 [INFO] [Thread-1 (_run_server)] [cli_server/cli_server.py:212]: CLI server started v1.1.4
2026-06-24 19:49:37,083 [INFO] [MainThread] [cli_server/cli_server.py:104]: Log pipe server started
2026-06-24 19:49:39,027 [INFO] [MainThread] [root/service.py:48]: AudioOutputService starting...
2026-06-24 19:49:40,695 [INFO] [MainThread] [root/bar_manager.py:85]: Starting WindowsNotificationEventListener...
2026-06-24 19:49:40,696 [INFO] [MainThread] [root/bar_manager.py:85]: Starting KomorebiEventListener...
2026-06-24 19:49:40,696 [INFO] [MainThread] [root/bar_manager.py:85]: Starting SystemEventListener...
2026-06-24 19:49:40,696 [INFO] [MainThread] [root/watcher.py:54]: Created file watcher for path C:\Users\Srinath\.config\yasb
2026-06-24 19:49:40,889 [INFO] [Dummy-7] [root/event_listener.py:51]: Created named pipe yasb-bd21e759-6fd7-11f1-acaa-b48c9d368940
2026-06-24 19:49:40,936 [INFO] [MainThread] [root/update_service.py:404]: Background update checker started
2026-06-24 19:49:40,936 [DEBUG] [MainThread] [qasync._windows._EventPoller/_windows.py:215]: Starting (proactor: <_IocpProactor overlapped#=0 result#=0>)...
2026-06-24 19:49:40,939 [DEBUG] [Dummy-10] [qasync._windows._EventWorker/_windows.py:195]: Thread started
2026-06-24 19:49:40,944 [DEBUG] [MainThread] [systray_widget/systray.py:526]: Loading state from C:\Users\Srinath\AppData\Local\YASB\systray_state_ACERTECHNOLOGIESVG271UM32526057A84212.json
2026-06-24 19:49:40,966 [DEBUG] [SystrayMonitor] [systray_widget/systray.py:57]: Systray thread is starting...
2026-06-24 19:49:41,211 [DEBUG] [MainThread] [systray_widget/systray.py:526]: Loading state from C:\Users\Srinath\AppData\Local\YASB\systray_state_MLTDDISPLAY1.json
2026-06-24 19:49:41,354 [WARNING] [UpdateChecker] [root/update_service.py:274]: Network error checking for updates: [Errno 11001] getaddrinfo failed
2026-06-24 19:49:41,354 [WARNING] [UpdateChecker] [root/update_service.py:400]: Background update check failed: <urlopen error [Errno 11001] getaddrinfo failed>
2026-06-24 19:49:41,614 [DEBUG] [SystrayMonitor] [systray_widget/systray_monitor.py:242]: Finding real tray hwnd
2026-06-24 19:49:41,640 [INFO] [MainThread] [root/bar_manager.py:80]: Screens updated. Re-initialising all bars.
2026-06-24 19:49:41,640 [INFO] [MainThread] [root/controller.py:15]: Reloading Application because of screen update.
2026-06-24 19:49:41,740 [INFO] [MainThread] [cli_server/cli_server.py:112]: Log pipe server stopped
2026-06-24 19:49:41,741 [DEBUG] [MainThread] [cli_server/cli_server.py:206]: CLI server stopped
2026-06-24 19:49:41,741 [DEBUG] [MainThread] [systray_widget/systray.py:277]: Systray thread started
2026-06-24 19:49:41,878 [INFO] [MainThread] [root/bar_manager.py:92]: Stopping WindowsNotificationEventListener...
2026-06-24 19:49:41,878 [INFO] [MainThread] [root/bar_manager.py:92]: Stopping KomorebiEventListener...
2026-06-24 19:49:41,878 [INFO] [MainThread] [root/bar_manager.py:92]: Stopping SystemEventListener...
2026-06-24 19:49:41,891 [DEBUG] [MainThread] [systray_widget/systray.py:504]: Saving state to disk
2026-06-24 19:49:41,891 [DEBUG] [MainThread] [systray_widget/systray.py:508]: Saving state to C:\Users\Srinath\AppData\Local\YASB\systray_state_ACERTECHNOLOGIESVG271UM32526057A84212.json
2026-06-24 19:49:41,892 [DEBUG] [MainThread] [systray_widget/utils.py:96]: Destroying window 197356
2026-06-24 19:49:41,893 [DEBUG] [MainThread] [systray_widget/systray.py:504]: Saving state to disk
2026-06-24 19:49:41,893 [DEBUG] [MainThread] [systray_widget/systray.py:508]: Saving state to C:\Users\Srinath\AppData\Local\YASB\systray_state_ACERTECHNOLOGIESVG271UM32526057A84212.json
2026-06-24 19:49:41,903 [DEBUG] [MainThread] [systray_widget/utils.py:96]: Destroying window 197356
2026-06-24 19:49:41,948 [DEBUG] [MainThread] [qasync._windows._EventPoller/_windows.py:220]: Stopping worker thread...
2026-06-24 19:49:41,954 [DEBUG] [Dummy-10] [qasync._windows._EventWorker/_windows.py:204]: Exiting thread
2026-06-24 19:49:41,957 [DEBUG] [MainThread] [qasync._windows._IocpProactor/_windows.py:78]: Closing
2026-06-24 19:49:41,986 [DEBUG] [MainThread] [systray_widget/utils.py:96]: Destroying window 197356
2026-06-24 19:49:42,225 [INFO] [MainThread] [root/log.py:69]: YASB v1.8.5
2026-06-24 19:49:42,226 [INFO] [Thread-1 (_run_server)] [cli_server/cli_server.py:212]: CLI server started v1.1.4
2026-06-24 19:49:42,227 [INFO] [MainThread] [cli_server/cli_server.py:104]: Log pipe server started
2026-06-24 19:49:45,309 [INFO] [MainThread] [root/service.py:48]: AudioOutputService starting...
2026-06-24 19:49:45,779 [INFO] [MainThread] [root/bar_manager.py:85]: Starting WindowsNotificationEventListener...
2026-06-24 19:49:45,780 [INFO] [MainThread] [root/bar_manager.py:85]: Starting SystemEventListener...
2026-06-24 19:49:45,780 [INFO] [MainThread] [root/bar_manager.py:85]: Starting KomorebiEventListener...
2026-06-24 19:49:45,781 [INFO] [MainThread] [root/watcher.py:54]: Created file watcher for path C:\Users\Srinath\.config\yasb
2026-06-24 19:49:45,782 [INFO] [Dummy-6] [root/event_listener.py:51]: Created named pipe yasb-c029b5bf-6fd7-11f1-b23f-b48c9d368940
2026-06-24 19:49:45,845 [INFO] [MainThread] [root/update_service.py:404]: Background update checker started
2026-06-24 19:49:45,845 [DEBUG] [MainThread] [qasync._windows._EventPoller/_windows.py:215]: Starting (proactor: <_IocpProactor overlapped#=0 result#=0>)...
2026-06-24 19:49:45,846 [DEBUG] [Dummy-9] [qasync._windows._EventWorker/_windows.py:195]: Thread started
2026-06-24 19:49:45,851 [DEBUG] [MainThread] [systray_widget/systray.py:526]: Loading state from C:\Users\Srinath\AppData\Local\YASB\systray_state_ACERTECHNOLOGIESVG271UM32526057A84212.json
2026-06-24 19:49:45,873 [DEBUG] [SystrayMonitor] [systray_widget/systray.py:57]: Systray thread is starting...
2026-06-24 19:49:46,165 [DEBUG] [MainThread] [systray_widget/systray.py:277]: Systray thread started
2026-06-24 19:49:46,211 [WARNING] [UpdateChecker] [root/update_service.py:274]: Network error checking for updates: [Errno 11001] getaddrinfo failed
2026-06-24 19:49:46,211 [WARNING] [UpdateChecker] [root/update_service.py:400]: Background update check failed: <urlopen error [Errno 11001] getaddrinfo failed>
2026-06-24 19:49:46,367 [DEBUG] [SystrayMonitor] [systray_widget/systray_monitor.py:164]: Adding TaskbandHWND prop to hwnd 526286
2026-06-24 19:49:46,372 [DEBUG] [SystrayMonitor] [systray_widget/systray_monitor.py:242]: Finding real tray hwnd
2026-06-24 19:49:46,378 [DEBUG] [MainThread] [systray_widget/systray_monitor.py:157]: Sending TaskbarCreated message: 49359
2026-06-24 19:50:27,703 [INFO] [MainThread] [root/bar.py:154]: Screen geometry changed. Updating position for bar status-bar on screen VG271U M3
2026-06-24 19:50:28,564 [INFO] [MainThread] [root/bar_manager.py:80]: Screens updated. Re-initialising all bars.
2026-06-24 19:50:28,565 [INFO] [MainThread] [root/controller.py:15]: Reloading Application because of screen update.
2026-06-24 19:50:28,667 [INFO] [MainThread] [cli_server/cli_server.py:112]: Log pipe server stopped
2026-06-24 19:50:28,667 [DEBUG] [MainThread] [cli_server/cli_server.py:206]: CLI server stopped
2026-06-24 19:50:28,990 [INFO] [MainThread] [root/bar_manager.py:92]: Stopping WindowsNotificationEventListener...
2026-06-24 19:50:28,990 [INFO] [MainThread] [root/bar_manager.py:92]: Stopping SystemEventListener...
2026-06-24 19:50:28,991 [INFO] [MainThread] [root/bar_manager.py:92]: Stopping KomorebiEventListener...
2026-06-24 19:50:28,998 [DEBUG] [MainThread] [systray_widget/systray.py:504]: Saving state to disk
2026-06-24 19:50:28,999 [DEBUG] [MainThread] [systray_widget/systray.py:508]: Saving state to C:\Users\Srinath\AppData\Local\YASB\systray_state_ACERTECHNOLOGIESVG271UM32526057A84212.json
2026-06-24 19:50:29,001 [DEBUG] [MainThread] [systray_widget/utils.py:96]: Destroying window 526286
2026-06-24 19:50:29,016 [DEBUG] [MainThread] [qasync._windows._EventPoller/_windows.py:220]: Stopping worker thread...
2026-06-24 19:50:29,028 [DEBUG] [Dummy-9] [qasync._windows._EventWorker/_windows.py:204]: Exiting thread
2026-06-24 19:50:29,031 [DEBUG] [MainThread] [qasync._windows._IocpProactor/_windows.py:78]: Closing
2026-06-24 19:50:29,070 [DEBUG] [MainThread] [systray_widget/utils.py:96]: Destroying window 526286
2026-06-24 19:50:29,446 [INFO] [MainThread] [root/log.py:69]: YASB v1.8.5
2026-06-24 19:50:29,448 [INFO] [Thread-1 (_run_server)] [cli_server/cli_server.py:212]: CLI server started v1.1.4
2026-06-24 19:50:29,449 [INFO] [MainThread] [cli_server/cli_server.py:104]: Log pipe server started
2026-06-24 19:50:31,046 [INFO] [MainThread] [root/service.py:48]: AudioOutputService starting...
2026-06-24 19:50:31,784 [INFO] [MainThread] [root/bar_manager.py:85]: Starting WindowsNotificationEventListener...
2026-06-24 19:50:31,785 [INFO] [MainThread] [root/bar_manager.py:85]: Starting SystemEventListener...
2026-06-24 19:50:31,786 [INFO] [MainThread] [root/bar_manager.py:85]: Starting KomorebiEventListener...
2026-06-24 19:50:31,786 [INFO] [MainThread] [root/watcher.py:54]: Created file watcher for path C:\Users\Srinath\.config\yasb
2026-06-24 19:50:31,885 [INFO] [Dummy-7] [root/event_listener.py:51]: Created named pipe yasb-db959f5e-6fd7-11f1-b689-b48c9d368940
2026-06-24 19:50:31,939 [INFO] [MainThread] [root/update_service.py:404]: Background update checker started
2026-06-24 19:50:31,939 [DEBUG] [MainThread] [qasync._windows._EventPoller/_windows.py:215]: Starting (proactor: <_IocpProactor overlapped#=0 result#=0>)...
2026-06-24 19:50:31,941 [DEBUG] [Dummy-10] [qasync._windows._EventWorker/_windows.py:195]: Thread started
2026-06-24 19:50:31,980 [DEBUG] [MainThread] [systray_widget/systray.py:526]: Loading state from C:\Users\Srinath\AppData\Local\YASB\systray_state_ACERTECHNOLOGIESVG271UM32526057A84212.json
2026-06-24 19:50:31,984 [DEBUG] [SystrayMonitor] [systray_widget/systray.py:57]: Systray thread is starting...
2026-06-24 19:50:32,158 [DEBUG] [MainThread] [systray_widget/systray.py:526]: Loading state from C:\Users\Srinath\AppData\Local\YASB\systray_state_MLTDDISPLAY2.json
2026-06-24 19:50:32,196 [DEBUG] [SystrayMonitor] [systray_widget/systray_monitor.py:242]: Finding real tray hwnd
2026-06-24 19:50:32,327 [DEBUG] [MainThread] [systray_widget/systray.py:277]: Systray thread started
2026-06-24 19:50:32,528 [DEBUG] [SystrayMonitor] [systray_widget/systray_monitor.py:164]: Adding TaskbandHWND prop to hwnd 2557886
2026-06-24 19:50:32,539 [DEBUG] [MainThread] [systray_widget/systray_monitor.py:157]: Sending TaskbarCreated message: 49359
2026-06-24 19:52:35,286 [INFO] [MainThread] [root/log.py:69]: YASB v1.8.5
2026-06-24 19:52:35,288 [INFO] [Thread-1 (_run_server)] [cli_server/cli_server.py:212]: CLI server started v1.1.4
2026-06-24 19:52:35,289 [INFO] [MainThread] [cli_server/cli_server.py:104]: Log pipe server started
2026-06-24 19:52:37,183 [INFO] [MainThread] [root/service.py:48]: AudioOutputService starting...
2026-06-24 19:52:38,254 [INFO] [MainThread] [root/bar_manager.py:85]: Starting KomorebiEventListener...
2026-06-24 19:52:38,254 [INFO] [MainThread] [root/bar_manager.py:85]: Starting WindowsNotificationEventListener...
2026-06-24 19:52:38,255 [INFO] [Dummy-4] [root/event_listener.py:51]: Created named pipe yasb-26f7223e-6fd8-11f1-ac50-b68c9d368921
2026-06-24 19:52:38,256 [INFO] [MainThread] [root/bar_manager.py:85]: Starting SystemEventListener...
2026-06-24 19:52:38,257 [INFO] [MainThread] [root/watcher.py:54]: Created file watcher for path C:\Users\Srinath\.config\yasb
2026-06-24 19:52:38,390 [INFO] [MainThread] [root/update_service.py:404]: Background update checker started
2026-06-24 19:52:38,390 [DEBUG] [MainThread] [qasync._windows._EventPoller/_windows.py:215]: Starting (proactor: <_IocpProactor overlapped#=0 result#=0>)...
2026-06-24 19:52:38,392 [DEBUG] [Dummy-9] [qasync._windows._EventWorker/_windows.py:195]: Thread started
2026-06-24 19:52:38,396 [DEBUG] [MainThread] [systray_widget/systray.py:526]: Loading state from C:\Users\Srinath\AppData\Local\YASB\systray_state_ACERTECHNOLOGIESVG271UM32526057A84212.json
2026-06-24 19:52:38,431 [DEBUG] [SystrayMonitor] [systray_widget/systray.py:57]: Systray thread is starting...
2026-06-24 19:52:38,679 [DEBUG] [MainThread] [systray_widget/systray.py:277]: Systray thread started
2026-06-24 19:52:38,882 [DEBUG] [SystrayMonitor] [systray_widget/systray_monitor.py:164]: Adding TaskbandHWND prop to hwnd 67232
2026-06-24 19:52:38,888 [DEBUG] [SystrayMonitor] [systray_widget/systray_monitor.py:242]: Finding real tray hwnd
2026-06-24 19:52:38,892 [DEBUG] [MainThread] [systray_widget/systray_monitor.py:157]: Sending TaskbarCreated message: 49336
2026-06-24 19:52:39,269 [DEBUG] [SystrayMonitor] [systray_widget/utils.py:124]: Could not open process ID 4560. Err: 5
2026-06-24 19:52:39,327 [DEBUG] [SystrayMonitor] [systray_widget/utils.py:124]: Could not open process ID 4560. Err: 5
2026-06-24 19:53:42,661 [INFO] [MainThread] [root/controller.py:15]: Reloading Bar from context menu...
2026-06-24 19:53:42,768 [INFO] [MainThread] [cli_server/cli_server.py:112]: Log pipe server stopped
2026-06-24 19:53:42,768 [DEBUG] [MainThread] [cli_server/cli_server.py:206]: CLI server stopped
2026-06-24 19:53:42,845 [INFO] [MainThread] [root/bar_manager.py:92]: Stopping KomorebiEventListener...
2026-06-24 19:53:42,845 [INFO] [MainThread] [root/bar_manager.py:92]: Stopping WindowsNotificationEventListener...
2026-06-24 19:53:42,845 [INFO] [MainThread] [root/bar_manager.py:92]: Stopping SystemEventListener...
2026-06-24 19:53:42,851 [DEBUG] [MainThread] [systray_widget/systray.py:504]: Saving state to disk
2026-06-24 19:53:42,851 [DEBUG] [MainThread] [systray_widget/systray.py:508]: Saving state to C:\Users\Srinath\AppData\Local\YASB\systray_state_ACERTECHNOLOGIESVG271UM32526057A84212.json
2026-06-24 19:53:42,853 [DEBUG] [MainThread] [systray_widget/utils.py:96]: Destroying window 67232
2026-06-24 19:53:42,860 [DEBUG] [MainThread] [qasync._windows._EventPoller/_windows.py:220]: Stopping worker thread...
2026-06-24 19:53:42,861 [DEBUG] [Dummy-9] [qasync._windows._EventWorker/_windows.py:204]: Exiting thread
2026-06-24 19:53:42,863 [DEBUG] [MainThread] [qasync._windows._IocpProactor/_windows.py:78]: Closing
2026-06-24 19:53:42,876 [DEBUG] [MainThread] [systray_widget/utils.py:96]: Destroying window 67232
2026-06-24 19:53:43,228 [INFO] [MainThread] [root/log.py:69]: YASB v1.8.5
2026-06-24 19:53:43,229 [INFO] [Thread-1 (_run_server)] [cli_server/cli_server.py:212]: CLI server started v1.1.4
2026-06-24 19:53:43,229 [INFO] [MainThread] [cli_server/cli_server.py:104]: Log pipe server started
2026-06-24 19:53:44,105 [INFO] [MainThread] [root/service.py:48]: AudioOutputService starting...
2026-06-24 19:53:44,578 [INFO] [MainThread] [root/bar_manager.py:85]: Starting SystemEventListener...
2026-06-24 19:53:44,578 [INFO] [MainThread] [root/bar_manager.py:85]: Starting WindowsNotificationEventListener...
2026-06-24 19:53:44,579 [INFO] [MainThread] [root/bar_manager.py:85]: Starting KomorebiEventListener...
2026-06-24 19:53:44,580 [INFO] [MainThread] [root/watcher.py:54]: Created file watcher for path C:\Users\Srinath\.config\yasb
2026-06-24 19:53:44,581 [INFO] [Dummy-6] [root/event_listener.py:51]: Created named pipe yasb-4e7f911a-6fd8-11f1-a7b1-b68c9d368921
2026-06-24 19:53:44,643 [INFO] [MainThread] [root/update_service.py:404]: Background update checker started
2026-06-24 19:53:44,643 [DEBUG] [MainThread] [qasync._windows._EventPoller/_windows.py:215]: Starting (proactor: <_IocpProactor overlapped#=0 result#=0>)...
2026-06-24 19:53:44,646 [DEBUG] [Dummy-9] [qasync._windows._EventWorker/_windows.py:195]: Thread started
2026-06-24 19:53:44,649 [DEBUG] [MainThread] [systray_widget/systray.py:526]: Loading state from C:\Users\Srinath\AppData\Local\YASB\systray_state_ACERTECHNOLOGIESVG271UM32526057A84212.json
2026-06-24 19:53:44,654 [DEBUG] [SystrayMonitor] [systray_widget/systray.py:57]: Systray thread is starting...
2026-06-24 19:53:44,877 [DEBUG] [MainThread] [systray_widget/systray.py:277]: Systray thread started
2026-06-24 19:53:45,079 [DEBUG] [SystrayMonitor] [systray_widget/systray_monitor.py:164]: Adding TaskbandHWND prop to hwnd 132784
2026-06-24 19:53:45,086 [DEBUG] [SystrayMonitor] [systray_widget/systray_monitor.py:242]: Finding real tray hwnd
2026-06-24 19:53:45,108 [DEBUG] [MainThread] [systray_widget/systray_monitor.py:157]: Sending TaskbarCreated message: 49336
2026-06-24 19:54:12,148 [INFO] [MainThread] [root/bar_manager.py:80]: Screens updated. Re-initialising all bars.
2026-06-24 19:54:12,148 [INFO] [MainThread] [root/controller.py:15]: Reloading Application because of screen update.
2026-06-24 19:54:12,252 [INFO] [MainThread] [cli_server/cli_server.py:112]: Log pipe server stopped
2026-06-24 19:54:12,252 [DEBUG] [MainThread] [cli_server/cli_server.py:206]: CLI server stopped
2026-06-24 19:54:12,797 [INFO] [MainThread] [root/bar_manager.py:92]: Stopping SystemEventListener...
2026-06-24 19:54:12,797 [INFO] [MainThread] [root/bar_manager.py:92]: Stopping WindowsNotificationEventListener...
2026-06-24 19:54:12,798 [INFO] [MainThread] [root/bar_manager.py:92]: Stopping KomorebiEventListener...
2026-06-24 19:54:12,806 [DEBUG] [MainThread] [systray_widget/systray.py:504]: Saving state to disk
2026-06-24 19:54:12,807 [DEBUG] [MainThread] [systray_widget/systray.py:508]: Saving state to C:\Users\Srinath\AppData\Local\YASB\systray_state_ACERTECHNOLOGIESVG271UM32526057A84212.json
2026-06-24 19:54:12,809 [DEBUG] [MainThread] [systray_widget/utils.py:96]: Destroying window 132784
2026-06-24 19:54:12,815 [DEBUG] [MainThread] [qasync._windows._EventPoller/_windows.py:220]: Stopping worker thread...
2026-06-24 19:54:12,828 [DEBUG] [Dummy-9] [qasync._windows._EventWorker/_windows.py:204]: Exiting thread
2026-06-24 19:54:12,830 [DEBUG] [MainThread] [qasync._windows._IocpProactor/_windows.py:78]: Closing
2026-06-24 19:54:12,845 [DEBUG] [MainThread] [systray_widget/utils.py:96]: Destroying window 132784
2026-06-24 19:54:13,243 [INFO] [MainThread] [root/log.py:69]: YASB v1.8.5
2026-06-24 19:54:13,245 [INFO] [Thread-1 (_run_server)] [cli_server/cli_server.py:212]: CLI server started v1.1.4
2026-06-24 19:54:13,245 [INFO] [MainThread] [cli_server/cli_server.py:104]: Log pipe server started
2026-06-24 19:54:14,105 [INFO] [MainThread] [root/service.py:48]: AudioOutputService starting...
2026-06-24 19:54:14,842 [INFO] [MainThread] [root/bar_manager.py:85]: Starting KomorebiEventListener...
2026-06-24 19:54:14,843 [INFO] [MainThread] [root/bar_manager.py:85]: Starting WindowsNotificationEventListener...
2026-06-24 19:54:14,845 [INFO] [MainThread] [root/bar_manager.py:85]: Starting SystemEventListener...
2026-06-24 19:54:14,846 [INFO] [MainThread] [root/watcher.py:54]: Created file watcher for path C:\Users\Srinath\.config\yasb
2026-06-24 19:54:14,847 [INFO] [Dummy-7] [root/event_listener.py:51]: Created named pipe yasb-608962a3-6fd8-11f1-a1af-b68c9d368921
2026-06-24 19:54:14,982 [INFO] [MainThread] [root/update_service.py:404]: Background update checker started
2026-06-24 19:54:14,983 [DEBUG] [MainThread] [qasync._windows._EventPoller/_windows.py:215]: Starting (proactor: <_IocpProactor overlapped#=0 result#=0>)...
2026-06-24 19:54:14,984 [DEBUG] [Dummy-10] [qasync._windows._EventWorker/_windows.py:195]: Thread started
2026-06-24 19:54:14,989 [DEBUG] [MainThread] [systray_widget/systray.py:526]: Loading state from C:\Users\Srinath\AppData\Local\YASB\systray_state_ACERTECHNOLOGIESVG271UM32526057A84212.json
2026-06-24 19:54:14,991 [DEBUG] [SystrayMonitor] [systray_widget/systray.py:57]: Systray thread is starting...
2026-06-24 19:54:15,276 [DEBUG] [MainThread] [systray_widget/systray.py:526]: Loading state from C:\Users\Srinath\AppData\Local\YASB\systray_state_MLTDDISPLAY1.json
2026-06-24 19:54:15,410 [DEBUG] [MainThread] [systray_widget/systray.py:277]: Systray thread started
2026-06-24 19:54:15,613 [DEBUG] [SystrayMonitor] [systray_widget/systray_monitor.py:164]: Adding TaskbandHWND prop to hwnd 198308
2026-06-24 19:54:15,621 [DEBUG] [SystrayMonitor] [systray_widget/systray_monitor.py:242]: Finding real tray hwnd
2026-06-24 19:54:15,625 [DEBUG] [MainThread] [systray_widget/systray_monitor.py:157]: Sending TaskbarCreated message: 49336
2026-06-24 19:54:35,540 [INFO] [MainThread] [root/bar_manager.py:80]: Screens updated. Re-initialising all bars.
2026-06-24 19:54:35,542 [INFO] [MainThread] [root/controller.py:15]: Reloading Application because of screen update.
2026-06-24 19:54:35,657 [INFO] [MainThread] [cli_server/cli_server.py:112]: Log pipe server stopped
2026-06-24 19:54:35,658 [DEBUG] [MainThread] [cli_server/cli_server.py:206]: CLI server stopped
2026-06-24 19:54:38,799 [INFO] [MainThread] [root/bar_manager.py:92]: Stopping KomorebiEventListener...
2026-06-24 19:54:38,800 [INFO] [MainThread] [root/bar_manager.py:92]: Stopping WindowsNotificationEventListener...
2026-06-24 19:54:38,801 [INFO] [MainThread] [root/bar_manager.py:92]: Stopping SystemEventListener...
2026-06-24 19:54:38,841 [DEBUG] [MainThread] [systray_widget/systray.py:504]: Saving state to disk
2026-06-24 19:54:38,842 [DEBUG] [MainThread] [systray_widget/systray.py:508]: Saving state to C:\Users\Srinath\AppData\Local\YASB\systray_state_ACERTECHNOLOGIESVG271UM32526057A84212.json
2026-06-24 19:54:38,845 [DEBUG] [MainThread] [systray_widget/utils.py:96]: Destroying window 198308
2026-06-24 19:54:38,848 [DEBUG] [MainThread] [systray_widget/systray.py:504]: Saving state to disk
2026-06-24 19:54:38,849 [DEBUG] [MainThread] [systray_widget/systray.py:508]: Saving state to C:\Users\Srinath\AppData\Local\YASB\systray_state_ACERTECHNOLOGIESVG271UM32526057A84212.json
2026-06-24 19:54:38,868 [DEBUG] [MainThread] [systray_widget/utils.py:96]: Destroying window 198308
2026-06-24 19:54:38,895 [DEBUG] [MainThread] [qasync._windows._EventPoller/_windows.py:220]: Stopping worker thread...
2026-06-24 19:54:38,900 [DEBUG] [Dummy-10] [qasync._windows._EventWorker/_windows.py:204]: Exiting thread
2026-06-24 19:54:38,904 [DEBUG] [MainThread] [qasync._windows._IocpProactor/_windows.py:78]: Closing
2026-06-24 19:54:38,929 [DEBUG] [MainThread] [systray_widget/utils.py:96]: Destroying window 198308
2026-06-24 19:54:39,644 [INFO] [MainThread] [root/log.py:69]: YASB v1.8.5
2026-06-24 19:54:39,647 [INFO] [Thread-1 (_run_server)] [cli_server/cli_server.py:212]: CLI server started v1.1.4
2026-06-24 19:54:39,648 [INFO] [MainThread] [cli_server/cli_server.py:104]: Log pipe server started
2026-06-24 19:54:43,326 [INFO] [MainThread] [root/service.py:48]: AudioOutputService starting...
2026-06-24 19:54:47,899 [INFO] [MainThread] [root/bar_manager.py:85]: Starting KomorebiEventListener...
2026-06-24 19:54:47,901 [INFO] [MainThread] [root/bar_manager.py:85]: Starting SystemEventListener...
2026-06-24 19:54:47,902 [INFO] [MainThread] [root/bar_manager.py:85]: Starting WindowsNotificationEventListener...
2026-06-24 19:54:47,905 [INFO] [MainThread] [root/watcher.py:54]: Created file watcher for path C:\Users\Srinath\.config\yasb
2026-06-24 19:54:47,909 [INFO] [Dummy-6] [root/event_listener.py:51]: Created named pipe yasb-743da0b7-6fd8-11f1-bfa7-b68c9d368921
2026-06-24 19:54:48,288 [INFO] [MainThread] [root/update_service.py:404]: Background update checker started
2026-06-24 19:54:48,292 [DEBUG] [MainThread] [qasync._windows._EventPoller/_windows.py:215]: Starting (proactor: <_IocpProactor overlapped#=0 result#=0>)...
2026-06-24 19:54:48,306 [DEBUG] [Dummy-9] [qasync._windows._EventWorker/_windows.py:195]: Thread started
2026-06-24 19:54:48,331 [DEBUG] [MainThread] [systray_widget/systray.py:526]: Loading state from C:\Users\Srinath\AppData\Local\YASB\systray_state_ACERTECHNOLOGIESVG271UM32526057A84212.json
2026-06-24 19:54:48,351 [DEBUG] [SystrayMonitor] [systray_widget/systray.py:57]: Systray thread is starting...
2026-06-24 19:54:48,525 [INFO] [Dummy-6] [root/event_listener.py:125]: Komorebi connected to named pipe: yasb-743da0b7-6fd8-11f1-bfa7-b68c9d368921
2026-06-24 19:54:51,195 [DEBUG] [MainThread] [systray_widget/systray.py:277]: Systray thread started
2026-06-24 19:54:51,670 [DEBUG] [SystrayMonitor] [systray_widget/systray_monitor.py:164]: Adding TaskbandHWND prop to hwnd 197430
2026-06-24 19:54:51,683 [DEBUG] [SystrayMonitor] [systray_widget/systray_monitor.py:242]: Finding real tray hwnd
2026-06-24 19:54:51,722 [DEBUG] [MainThread] [systray_widget/systray_monitor.py:157]: Sending TaskbarCreated message: 49336
2026-06-24 20:00:47,995 [ERROR] [SystrayMonitor] [root/app_icons.py:282]: GetIconInfo failed: 0
2026-06-24 23:55:15,588 [WARNING] [Dummy-6] [root/event_listener.py:82]: Pipe has been ended: (109, 'PeekNamedPipe', 'The pipe has been ended.')
2026-06-24 23:55:15,589 [INFO] [Dummy-6] [root/event_listener.py:92]: Attempting to reconnect to Komorebi...
2026-06-24 23:55:18,590 [INFO] [Dummy-6] [root/event_listener.py:51]: Created named pipe yasb-743da0b7-6fd8-11f1-bfa7-b68c9d368921
2026-06-25 13:10:47,994 [ERROR] [MainThread] [root/gpu.py:170]: Error updating shared GPU data: Command '['C:\\WINDOWS\\system32\\nvidia-smi.EXE', '--query-gpu=index,utilization.gpu,memory.total,memory.used,memory.free,temperature.gpu,fan.speed', '--format=csv,noheader,nounits']' timed out after 2 seconds
2026-06-25 13:10:51,070 [INFO] [MainThread] [root/bar_manager.py:80]: Screens updated. Re-initialising all bars.
2026-06-25 13:10:51,071 [INFO] [MainThread] [root/controller.py:15]: Reloading Application because of screen update.
2026-06-25 13:10:51,179 [INFO] [MainThread] [cli_server/cli_server.py:112]: Log pipe server stopped
2026-06-25 13:10:51,179 [DEBUG] [MainThread] [cli_server/cli_server.py:206]: CLI server stopped
2026-06-25 13:10:51,278 [INFO] [MainThread] [root/bar_manager.py:80]: Screens updated. Re-initialising all bars.
2026-06-25 13:10:51,278 [INFO] [MainThread] [root/controller.py:15]: Reloading Application because of screen update.
2026-06-25 13:10:51,384 [INFO] [MainThread] [cli_server/cli_server.py:112]: Log pipe server stopped
2026-06-25 13:10:51,384 [DEBUG] [MainThread] [cli_server/cli_server.py:206]: CLI server stopped
2026-06-25 13:10:53,423 [ERROR] [MainThread] [root/gpu.py:170]: Error updating shared GPU data: Command '['C:\\WINDOWS\\system32\\nvidia-smi.EXE', '--query-gpu=index,utilization.gpu,memory.total,memory.used,memory.free,temperature.gpu,fan.speed', '--format=csv,noheader,nounits']' timed out after 2 seconds
2026-06-25 13:10:56,755 [INFO] [MainThread] [root/bar_manager.py:92]: Stopping KomorebiEventListener...
2026-06-25 13:10:56,755 [INFO] [MainThread] [root/bar_manager.py:92]: Stopping SystemEventListener...
2026-06-25 13:10:56,756 [INFO] [MainThread] [root/bar_manager.py:92]: Stopping WindowsNotificationEventListener...
2026-06-25 13:10:56,763 [DEBUG] [MainThread] [systray_widget/systray.py:504]: Saving state to disk
2026-06-25 13:10:56,764 [DEBUG] [MainThread] [systray_widget/systray.py:508]: Saving state to C:\Users\Srinath\AppData\Local\YASB\systray_state_DISPLAY1.json
2026-06-25 13:10:56,781 [DEBUG] [MainThread] [systray_widget/utils.py:96]: Destroying window 197430
2026-06-25 13:10:56,802 [DEBUG] [MainThread] [qasync._windows._EventPoller/_windows.py:220]: Stopping worker thread...
2026-06-25 13:10:56,813 [DEBUG] [Dummy-9] [qasync._windows._EventWorker/_windows.py:204]: Exiting thread
2026-06-25 13:10:56,818 [DEBUG] [MainThread] [qasync._windows._IocpProactor/_windows.py:78]: Closing
2026-06-25 13:10:56,880 [DEBUG] [MainThread] [systray_widget/utils.py:96]: Destroying window 197430
2026-06-25 13:10:58,141 [INFO] [MainThread] [root/log.py:69]: YASB v1.8.5
2026-06-25 13:10:58,143 [INFO] [Thread-1 (_run_server)] [cli_server/cli_server.py:212]: CLI server started v1.1.4
2026-06-25 13:10:58,143 [INFO] [MainThread] [cli_server/cli_server.py:104]: Log pipe server started
2026-06-25 13:10:58,147 [INFO] [MainThread] [root/log.py:69]: YASB v1.8.5
2026-06-25 13:10:58,148 [INFO] [Thread-1 (_run_server)] [cli_server/cli_server.py:212]: CLI server started v1.1.4
2026-06-25 13:10:58,148 [INFO] [MainThread] [cli_server/cli_server.py:104]: Log pipe server started
2026-06-25 13:10:58,149 [INFO] [MainThread] [root/main.py:45]: Waiting for previous YASB instance to exit...
2026-06-25 13:11:00,071 [INFO] [MainThread] [root/service.py:48]: AudioOutputService starting...
2026-06-25 13:12:44,852 [ERROR] [MainThread] [root/main.py:68]: Timeout waiting for previous instance. Aborting start.
2026-06-25 13:12:48,574 [INFO] [MainThread] [root/bar_manager.py:85]: Starting SystemEventListener...
2026-06-25 13:12:48,575 [INFO] [MainThread] [root/bar_manager.py:85]: Starting WindowsNotificationEventListener...
2026-06-25 13:12:48,578 [INFO] [MainThread] [root/bar_manager.py:85]: Starting KomorebiEventListener...
2026-06-25 13:12:48,579 [INFO] [MainThread] [root/watcher.py:54]: Created file watcher for path C:\Users\Srinath\.config\yasb
2026-06-25 13:12:48,590 [INFO] [Dummy-6] [root/event_listener.py:51]: Created named pipe yasb-766ae503-7069-11f1-99c4-b68c9d368921
2026-06-25 13:12:48,766 [INFO] [MainThread] [root/update_service.py:404]: Background update checker started
2026-06-25 13:12:48,766 [DEBUG] [MainThread] [qasync._windows._EventPoller/_windows.py:215]: Starting (proactor: <_IocpProactor overlapped#=0 result#=0>)...
2026-06-25 13:12:48,797 [DEBUG] [Dummy-9] [qasync._windows._EventWorker/_windows.py:195]: Thread started
2026-06-25 13:12:48,816 [DEBUG] [MainThread] [systray_widget/systray.py:526]: Loading state from C:\Users\Srinath\AppData\Local\YASB\systray_state_DISPLAY1.json
2026-06-25 13:12:48,819 [DEBUG] [SystrayMonitor] [systray_widget/systray.py:57]: Systray thread is starting...
2026-06-25 13:12:49,030 [DEBUG] [SystrayMonitor] [systray_widget/systray_monitor.py:242]: Finding real tray hwnd
2026-06-25 13:12:52,577 [DEBUG] [MainThread] [systray_widget/systray.py:277]: Systray thread started
2026-06-25 13:12:52,578 [INFO] [MainThread] [root/bar.py:154]: Screen geometry changed. Updating position for bar status-bar on screen \\.\DISPLAY1
2026-06-25 13:12:52,779 [DEBUG] [SystrayMonitor] [systray_widget/systray_monitor.py:164]: Adding TaskbandHWND prop to hwnd 394570
2026-06-25 13:12:52,786 [DEBUG] [MainThread] [systray_widget/systray_monitor.py:157]: Sending TaskbarCreated message: 49336
2026-06-25 13:13:00,230 [WARNING] [UpdateChecker] [root/update_service.py:274]: Network error checking for updates: [Errno 11001] getaddrinfo failed
2026-06-25 13:13:00,230 [WARNING] [UpdateChecker] [root/update_service.py:400]: Background update check failed: <urlopen error [Errno 11001] getaddrinfo failed>
2026-06-25 15:45:53,227 [INFO] [MainThread] [root/bar_manager.py:92]: Stopping SystemEventListener...
2026-06-25 15:45:53,229 [INFO] [MainThread] [root/bar_manager.py:92]: Stopping WindowsNotificationEventListener...
2026-06-25 15:45:53,230 [INFO] [MainThread] [root/bar_manager.py:92]: Stopping KomorebiEventListener...
2026-06-25 15:45:53,234 [DEBUG] [MainThread] [systray_widget/systray.py:504]: Saving state to disk
2026-06-25 15:45:53,236 [DEBUG] [MainThread] [systray_widget/systray.py:508]: Saving state to C:\Users\Srinath\AppData\Local\YASB\systray_state_DISPLAY1.json
2026-06-25 15:45:53,254 [DEBUG] [MainThread] [systray_widget/utils.py:96]: Destroying window 394570
2026-06-25 18:26:56,896 [INFO] [MainThread] [root/log.py:69]: YASB v1.8.5
2026-06-25 18:26:56,897 [INFO] [Thread-1 (_run_server)] [cli_server/cli_server.py:212]: CLI server started v1.1.4
2026-06-25 18:26:56,898 [INFO] [MainThread] [cli_server/cli_server.py:104]: Log pipe server started
2026-06-25 18:26:58,333 [INFO] [MainThread] [root/service.py:48]: AudioOutputService starting...
2026-06-25 18:26:59,482 [INFO] [MainThread] [root/bar_manager.py:85]: Starting WindowsNotificationEventListener...
2026-06-25 18:26:59,483 [INFO] [MainThread] [root/bar_manager.py:85]: Starting KomorebiEventListener...
2026-06-25 18:26:59,483 [INFO] [MainThread] [root/bar_manager.py:85]: Starting SystemEventListener...
2026-06-25 18:26:59,484 [INFO] [MainThread] [root/watcher.py:54]: Created file watcher for path C:\Users\Srinath\.config\yasb
2026-06-25 18:26:59,485 [INFO] [Dummy-6] [root/event_listener.py:51]: Created named pipe yasb-5a6eaa7c-7095-11f1-a42e-b68c9d368921
2026-06-25 18:26:59,606 [INFO] [MainThread] [root/update_service.py:404]: Background update checker started
2026-06-25 18:26:59,607 [DEBUG] [MainThread] [qasync._windows._EventPoller/_windows.py:215]: Starting (proactor: <_IocpProactor overlapped#=0 result#=0>)...
2026-06-25 18:26:59,608 [DEBUG] [Dummy-9] [qasync._windows._EventWorker/_windows.py:195]: Thread started
2026-06-25 18:26:59,611 [DEBUG] [MainThread] [systray_widget/systray.py:526]: Loading state from C:\Users\Srinath\AppData\Local\YASB\systray_state_MLTDDISPLAY1.json
2026-06-25 18:26:59,640 [DEBUG] [SystrayMonitor] [systray_widget/systray.py:57]: Systray thread is starting...
2026-06-25 18:26:59,819 [DEBUG] [MainThread] [systray_widget/systray.py:277]: Systray thread started
2026-06-25 18:26:59,823 [DEBUG] [SystrayMonitor] [systray_widget/systray_monitor.py:242]: Finding real tray hwnd
2026-06-25 18:27:00,025 [DEBUG] [SystrayMonitor] [systray_widget/systray_monitor.py:164]: Adding TaskbandHWND prop to hwnd 67232
2026-06-25 18:27:00,032 [DEBUG] [MainThread] [systray_widget/systray_monitor.py:157]: Sending TaskbarCreated message: 49359
2026-06-25 18:27:00,422 [ERROR] [UpdateChecker] [root/update_service.py:280]: Unexpected error checking for updates: [WinError 10054] An existing connection was forcibly closed by the remote host
2026-06-25 18:27:00,422 [WARNING] [UpdateChecker] [root/update_service.py:400]: Background update check failed: [WinError 10054] An existing connection was forcibly closed by the remote host
2026-06-25 22:16:05,608 [ERROR] [SystrayMonitor] [root/app_icons.py:282]: GetIconInfo failed: 0
2026-06-25 22:19:51,410 [INFO] [Dummy-6] [root/event_listener.py:125]: Komorebi connected to named pipe: yasb-5a6eaa7c-7095-11f1-a42e-b68c9d368921
2026-06-26 03:42:20,635 [INFO] [MainThread] [root/controller.py:35]: Exiting Application...
2026-06-26 03:42:20,743 [INFO] [MainThread] [cli_server/cli_server.py:112]: Log pipe server stopped
2026-06-26 03:42:20,743 [DEBUG] [MainThread] [cli_server/cli_server.py:206]: CLI server stopped
2026-06-26 03:42:20,842 [INFO] [MainThread] [root/bar_manager.py:92]: Stopping WindowsNotificationEventListener...
2026-06-26 03:42:20,842 [INFO] [MainThread] [root/bar_manager.py:92]: Stopping KomorebiEventListener...
2026-06-26 03:42:20,842 [INFO] [MainThread] [root/bar_manager.py:92]: Stopping SystemEventListener...
2026-06-26 03:42:20,850 [DEBUG] [MainThread] [systray_widget/systray.py:504]: Saving state to disk
2026-06-26 03:42:20,851 [DEBUG] [MainThread] [systray_widget/systray.py:508]: Saving state to C:\Users\Srinath\AppData\Local\YASB\systray_state_MLTDDISPLAY1.json
2026-06-26 03:42:20,853 [DEBUG] [MainThread] [systray_widget/utils.py:96]: Destroying window 67232
2026-06-26 03:42:20,856 [INFO] [Dummy-6] [root/event_listener.py:92]: Attempting to reconnect to Komorebi...
2026-06-26 03:42:20,904 [DEBUG] [MainThread] [qasync._windows._EventPoller/_windows.py:220]: Stopping worker thread...
2026-06-26 03:42:20,915 [DEBUG] [Dummy-9] [qasync._windows._EventWorker/_windows.py:204]: Exiting thread
2026-06-26 03:42:20,925 [DEBUG] [MainThread] [qasync._windows._IocpProactor/_windows.py:78]: Closing
2026-06-26 03:42:21,025 [DEBUG] [MainThread] [systray_widget/utils.py:96]: Destroying window 67232
2026-06-26 13:24:51,005 [INFO] [MainThread] [root/log.py:69]: YASB v1.8.5
2026-06-26 13:24:51,007 [INFO] [Thread-1 (_run_server)] [cli_server/cli_server.py:212]: CLI server started v1.1.4
2026-06-26 13:24:51,007 [INFO] [MainThread] [cli_server/cli_server.py:104]: Log pipe server started
2026-06-26 13:24:52,577 [INFO] [MainThread] [root/service.py:48]: AudioOutputService starting...
2026-06-26 13:24:53,711 [INFO] [MainThread] [root/bar_manager.py:85]: Starting SystemEventListener...
2026-06-26 13:24:53,711 [INFO] [MainThread] [root/bar_manager.py:85]: Starting WindowsNotificationEventListener...
2026-06-26 13:24:53,713 [INFO] [MainThread] [root/bar_manager.py:85]: Starting KomorebiEventListener...
2026-06-26 13:24:53,714 [INFO] [MainThread] [root/watcher.py:54]: Created file watcher for path C:\Users\Srinath\.config\yasb
2026-06-26 13:24:53,715 [INFO] [Dummy-6] [root/event_listener.py:51]: Created named pipe yasb-510b6860-7134-11f1-b3b2-b48c9d368940
2026-06-26 13:24:53,852 [INFO] [MainThread] [root/update_service.py:404]: Background update checker started
2026-06-26 13:24:53,852 [DEBUG] [MainThread] [qasync._windows._EventPoller/_windows.py:215]: Starting (proactor: <_IocpProactor overlapped#=0 result#=0>)...
2026-06-26 13:24:53,854 [DEBUG] [Dummy-9] [qasync._windows._EventWorker/_windows.py:195]: Thread started
2026-06-26 13:24:53,857 [DEBUG] [MainThread] [systray_widget/systray.py:526]: Loading state from C:\Users\Srinath\AppData\Local\YASB\systray_state_MLTDDISPLAY1.json
2026-06-26 13:24:53,892 [DEBUG] [SystrayMonitor] [systray_widget/systray.py:57]: Systray thread is starting...
2026-06-26 13:24:54,167 [DEBUG] [MainThread] [systray_widget/systray.py:277]: Systray thread started
2026-06-26 13:24:54,370 [DEBUG] [SystrayMonitor] [systray_widget/systray_monitor.py:164]: Adding TaskbandHWND prop to hwnd 67118
2026-06-26 13:24:54,379 [DEBUG] [SystrayMonitor] [systray_widget/systray_monitor.py:242]: Finding real tray hwnd
2026-06-26 13:24:54,382 [DEBUG] [MainThread] [systray_widget/systray_monitor.py:157]: Sending TaskbarCreated message: 49360
2026-06-26 13:24:54,490 [DEBUG] [SystrayMonitor] [systray_widget/utils.py:124]: Could not open process ID 4300. Err: 5
2026-06-26 13:24:54,612 [DEBUG] [SystrayMonitor] [systray_widget/utils.py:124]: Could not open process ID 4300. Err: 5
2026-06-26 13:25:09,523 [INFO] [Dummy-6] [root/event_listener.py:125]: Komorebi connected to named pipe: yasb-510b6860-7134-11f1-b3b2-b48c9d368940
2026-06-26 13:28:14,607 [INFO] [MainThread] [root/controller.py:35]: Exiting Application...
2026-06-26 13:28:14,716 [INFO] [MainThread] [cli_server/cli_server.py:112]: Log pipe server stopped
2026-06-26 13:28:14,716 [DEBUG] [MainThread] [cli_server/cli_server.py:206]: CLI server stopped
2026-06-26 13:28:15,661 [INFO] [MainThread] [root/bar_manager.py:92]: Stopping SystemEventListener...
2026-06-26 13:28:15,662 [INFO] [MainThread] [root/bar_manager.py:92]: Stopping WindowsNotificationEventListener...
2026-06-26 13:28:15,662 [INFO] [MainThread] [root/bar_manager.py:92]: Stopping KomorebiEventListener...
2026-06-26 13:28:15,676 [INFO] [Dummy-6] [root/event_listener.py:92]: Attempting to reconnect to Komorebi...
2026-06-26 13:28:15,940 [DEBUG] [MainThread] [systray_widget/systray.py:504]: Saving state to disk
2026-06-26 13:28:15,941 [DEBUG] [MainThread] [systray_widget/systray.py:508]: Saving state to C:\Users\Srinath\AppData\Local\YASB\systray_state_MLTDDISPLAY1.json
2026-06-26 13:28:15,946 [DEBUG] [MainThread] [systray_widget/utils.py:96]: Destroying window 67118
2026-06-26 13:28:16,750 [DEBUG] [MainThread] [qasync._windows._EventPoller/_windows.py:220]: Stopping worker thread...
2026-06-26 13:28:16,757 [DEBUG] [Dummy-9] [qasync._windows._EventWorker/_windows.py:204]: Exiting thread
2026-06-26 13:28:16,760 [DEBUG] [MainThread] [qasync._windows._IocpProactor/_windows.py:78]: Closing
2026-06-26 13:28:18,258 [DEBUG] [MainThread] [systray_widget/utils.py:96]: Destroying window 67118
2026-06-26 13:30:57,587 [INFO] [MainThread] [root/log.py:69]: YASB v1.8.5
2026-06-26 13:30:57,588 [INFO] [Thread-1 (_run_server)] [cli_server/cli_server.py:212]: CLI server started v1.1.4
2026-06-26 13:30:57,588 [INFO] [MainThread] [cli_server/cli_server.py:104]: Log pipe server started
2026-06-26 13:30:59,105 [INFO] [MainThread] [root/service.py:48]: AudioOutputService starting...
2026-06-26 13:31:00,132 [INFO] [MainThread] [root/bar_manager.py:85]: Starting SystemEventListener...
2026-06-26 13:31:00,132 [INFO] [MainThread] [root/bar_manager.py:85]: Starting KomorebiEventListener...
2026-06-26 13:31:00,132 [INFO] [MainThread] [root/bar_manager.py:85]: Starting WindowsNotificationEventListener...
2026-06-26 13:31:00,134 [INFO] [Dummy-4] [root/event_listener.py:51]: Created named pipe yasb-2b728779-7135-11f1-bf95-b68c9d368921
2026-06-26 13:31:00,135 [INFO] [MainThread] [root/watcher.py:54]: Created file watcher for path C:\Users\Srinath\.config\yasb
2026-06-26 13:31:00,254 [INFO] [MainThread] [root/update_service.py:404]: Background update checker started
2026-06-26 13:31:00,255 [DEBUG] [MainThread] [qasync._windows._EventPoller/_windows.py:215]: Starting (proactor: <_IocpProactor overlapped#=0 result#=0>)...
2026-06-26 13:31:00,256 [DEBUG] [Dummy-9] [qasync._windows._EventWorker/_windows.py:195]: Thread started
2026-06-26 13:31:00,259 [DEBUG] [MainThread] [systray_widget/systray.py:526]: Loading state from C:\Users\Srinath\AppData\Local\YASB\systray_state_MLTDDISPLAY1.json
2026-06-26 13:31:00,268 [DEBUG] [SystrayMonitor] [systray_widget/systray.py:57]: Systray thread is starting...
2026-06-26 13:31:00,427 [DEBUG] [MainThread] [systray_widget/systray.py:277]: Systray thread started
2026-06-26 13:31:00,629 [DEBUG] [SystrayMonitor] [systray_widget/systray_monitor.py:164]: Adding TaskbandHWND prop to hwnd 67132
2026-06-26 13:31:00,637 [DEBUG] [SystrayMonitor] [systray_widget/systray_monitor.py:242]: Finding real tray hwnd
2026-06-26 13:31:00,639 [DEBUG] [MainThread] [systray_widget/systray_monitor.py:157]: Sending TaskbarCreated message: 49360
2026-06-26 13:31:07,563 [DEBUG] [SystrayMonitor] [systray_widget/utils.py:124]: Could not open process ID 4460. Err: 5
2026-06-26 13:31:07,610 [DEBUG] [SystrayMonitor] [systray_widget/utils.py:124]: Could not open process ID 4460. Err: 5
2026-06-26 13:32:46,859 [INFO] [Dummy-4] [root/event_listener.py:125]: Komorebi connected to named pipe: yasb-2b728779-7135-11f1-bf95-b68c9d368921
2026-06-26 13:34:49,243 [ERROR] [SystrayMonitor] [root/app_icons.py:282]: GetIconInfo failed: 0
2026-06-26 15:40:22,594 [WARNING] [Dummy-4] [root/event_listener.py:82]: Pipe has been ended: (109, 'PeekNamedPipe', 'The pipe has been ended.')
2026-06-26 15:40:22,594 [INFO] [Dummy-4] [root/event_listener.py:92]: Attempting to reconnect to Komorebi...
2026-06-26 15:40:25,596 [INFO] [Dummy-4] [root/event_listener.py:51]: Created named pipe yasb-2b728779-7135-11f1-bf95-b68c9d368921
2026-06-27 00:05:30,636 [INFO] [Dummy-4] [root/event_listener.py:125]: Komorebi connected to named pipe: yasb-2b728779-7135-11f1-bf95-b68c9d368921
2026-06-27 14:31:28,475 [DEBUG] [SystrayMonitor] [systray_widget/utils.py:124]: Could not open process ID 4460. Err: 5
2026-06-27 14:31:28,546 [DEBUG] [SystrayMonitor] [systray_widget/utils.py:124]: Could not open process ID 4460. Err: 5
2026-06-27 15:14:07,604 [WARNING] [Dummy-4] [root/event_listener.py:82]: Pipe has been ended: (109, 'PeekNamedPipe', 'The pipe has been ended.')
2026-06-27 15:14:07,604 [INFO] [Dummy-4] [root/event_listener.py:92]: Attempting to reconnect to Komorebi...
2026-06-27 15:14:10,607 [INFO] [Dummy-4] [root/event_listener.py:51]: Created named pipe yasb-2b728779-7135-11f1-bf95-b68c9d368921
2026-06-27 19:37:00,504 [INFO] [Dummy-4] [root/event_listener.py:125]: Komorebi connected to named pipe: yasb-2b728779-7135-11f1-bf95-b68c9d368921
2026-06-27 19:37:47,710 [DEBUG] [SystrayMonitor] [systray_widget/utils.py:124]: Could not open process ID 4460. Err: 5
2026-06-27 19:37:47,760 [DEBUG] [SystrayMonitor] [systray_widget/utils.py:124]: Could not open process ID 4460. Err: 5
2026-06-27 19:40:28,896 [ERROR] [MainThread] [root/gpu.py:170]: Error updating shared GPU data: Command '['C:\\WINDOWS\\system32\\nvidia-smi.EXE', '--query-gpu=index,utilization.gpu,memory.total,memory.used,memory.free,temperature.gpu,fan.speed', '--format=csv,noheader,nounits']' timed out after 2 seconds
2026-06-27 21:59:42,699 [INFO] [MainThread] [root/controller.py:15]: Reloading Bar from context menu...
2026-06-27 21:59:42,804 [INFO] [MainThread] [cli_server/cli_server.py:112]: Log pipe server stopped
2026-06-27 21:59:42,804 [DEBUG] [MainThread] [cli_server/cli_server.py:206]: CLI server stopped
2026-06-27 21:59:43,267 [INFO] [MainThread] [root/bar_manager.py:92]: Stopping SystemEventListener...
2026-06-27 21:59:43,268 [INFO] [MainThread] [root/bar_manager.py:92]: Stopping KomorebiEventListener...
2026-06-27 21:59:43,268 [INFO] [MainThread] [root/bar_manager.py:92]: Stopping WindowsNotificationEventListener...
2026-06-27 21:59:43,270 [INFO] [Dummy-4] [root/event_listener.py:92]: Attempting to reconnect to Komorebi...
2026-06-27 21:59:43,278 [DEBUG] [MainThread] [systray_widget/systray.py:504]: Saving state to disk
2026-06-27 21:59:43,279 [DEBUG] [MainThread] [systray_widget/systray.py:508]: Saving state to C:\Users\Srinath\AppData\Local\YASB\systray_state_MLTDDISPLAY1.json
2026-06-27 21:59:43,294 [DEBUG] [MainThread] [systray_widget/utils.py:96]: Destroying window 67132
2026-06-27 21:59:43,317 [DEBUG] [MainThread] [qasync._windows._EventPoller/_windows.py:220]: Stopping worker thread...
2026-06-27 21:59:43,322 [DEBUG] [Dummy-9] [qasync._windows._EventWorker/_windows.py:204]: Exiting thread
2026-06-27 21:59:43,327 [DEBUG] [MainThread] [qasync._windows._IocpProactor/_windows.py:78]: Closing
2026-06-27 21:59:43,381 [DEBUG] [MainThread] [systray_widget/utils.py:96]: Destroying window 67132
2026-06-27 21:59:44,729 [INFO] [MainThread] [root/log.py:69]: YASB v1.8.5
2026-06-27 21:59:44,730 [INFO] [Thread-1 (_run_server)] [cli_server/cli_server.py:212]: CLI server started v1.1.4
2026-06-27 21:59:44,730 [INFO] [MainThread] [cli_server/cli_server.py:104]: Log pipe server started
2026-06-27 21:59:46,643 [INFO] [MainThread] [root/service.py:48]: AudioOutputService starting...
2026-06-27 21:59:47,899 [INFO] [MainThread] [root/bar_manager.py:85]: Starting WindowsNotificationEventListener...
2026-06-27 21:59:47,901 [INFO] [MainThread] [root/bar_manager.py:85]: Starting SystemEventListener...
2026-06-27 21:59:47,901 [INFO] [MainThread] [root/bar_manager.py:85]: Starting KomorebiEventListener...
2026-06-27 21:59:47,901 [INFO] [MainThread] [root/watcher.py:54]: Created file watcher for path C:\Users\Srinath\.config\yasb
2026-06-27 21:59:47,913 [INFO] [Dummy-6] [root/event_listener.py:51]: Created named pipe yasb-69d41d15-7245-11f1-9f93-b68c9d368921
2026-06-27 21:59:48,054 [INFO] [MainThread] [root/update_service.py:404]: Background update checker started
2026-06-27 21:59:48,054 [DEBUG] [MainThread] [qasync._windows._EventPoller/_windows.py:215]: Starting (proactor: <_IocpProactor overlapped#=0 result#=0>)...
2026-06-27 21:59:48,056 [DEBUG] [Dummy-9] [qasync._windows._EventWorker/_windows.py:195]: Thread started
2026-06-27 21:59:48,070 [DEBUG] [MainThread] [systray_widget/systray.py:526]: Loading state from C:\Users\Srinath\AppData\Local\YASB\systray_state_MLTDDISPLAY1.json
2026-06-27 21:59:48,074 [DEBUG] [SystrayMonitor] [systray_widget/systray.py:57]: Systray thread is starting...
2026-06-27 21:59:48,129 [INFO] [Dummy-6] [root/event_listener.py:125]: Komorebi connected to named pipe: yasb-69d41d15-7245-11f1-9f93-b68c9d368921
2026-06-27 21:59:48,371 [DEBUG] [MainThread] [systray_widget/systray.py:277]: Systray thread started
2026-06-27 21:59:48,618 [DEBUG] [SystrayMonitor] [systray_widget/systray_monitor.py:164]: Adding TaskbandHWND prop to hwnd 459668
2026-06-27 21:59:48,625 [DEBUG] [SystrayMonitor] [systray_widget/systray_monitor.py:242]: Finding real tray hwnd
2026-06-27 21:59:48,631 [DEBUG] [MainThread] [systray_widget/systray_monitor.py:157]: Sending TaskbarCreated message: 49360
2026-06-28 00:36:17,582 [ERROR] [MainThread] [root/gpu.py:170]: Error updating shared GPU data: Command '['C:\\WINDOWS\\system32\\nvidia-smi.EXE', '--query-gpu=index,utilization.gpu,memory.total,memory.used,memory.free,temperature.gpu,fan.speed', '--format=csv,noheader,nounits']' timed out after 2 seconds
2026-06-28 13:01:57,890 [INFO] [MainThread] [root/log.py:69]: YASB v1.8.5
2026-06-28 13:01:57,892 [INFO] [Thread-1 (_run_server)] [cli_server/cli_server.py:212]: CLI server started v1.1.4
2026-06-28 13:01:57,892 [INFO] [MainThread] [cli_server/cli_server.py:104]: Log pipe server started
2026-06-28 13:01:59,541 [INFO] [MainThread] [root/service.py:48]: AudioOutputService starting...
2026-06-28 13:02:01,025 [INFO] [MainThread] [root/bar_manager.py:85]: Starting WindowsNotificationEventListener...
2026-06-28 13:02:01,026 [INFO] [MainThread] [root/bar_manager.py:85]: Starting KomorebiEventListener...
2026-06-28 13:02:01,026 [INFO] [MainThread] [root/bar_manager.py:85]: Starting SystemEventListener...
2026-06-28 13:02:01,027 [INFO] [MainThread] [root/watcher.py:54]: Created file watcher for path C:\Users\Srinath\.config\yasb
2026-06-28 13:02:01,028 [INFO] [Dummy-6] [root/event_listener.py:51]: Created named pipe yasb-73af8687-72c3-11f1-ae14-b68c9d368921
2026-06-28 13:02:01,159 [INFO] [MainThread] [root/update_service.py:404]: Background update checker started
2026-06-28 13:02:01,159 [DEBUG] [MainThread] [qasync._windows._EventPoller/_windows.py:215]: Starting (proactor: <_IocpProactor overlapped#=0 result#=0>)...
2026-06-28 13:02:01,161 [DEBUG] [Dummy-9] [qasync._windows._EventWorker/_windows.py:195]: Thread started
2026-06-28 13:02:01,166 [DEBUG] [MainThread] [systray_widget/systray.py:526]: Loading state from C:\Users\Srinath\AppData\Local\YASB\systray_state_MLTDDISPLAY1.json
2026-06-28 13:02:01,195 [DEBUG] [SystrayMonitor] [systray_widget/systray.py:57]: Systray thread is starting...
2026-06-28 13:02:01,535 [DEBUG] [MainThread] [systray_widget/systray.py:277]: Systray thread started
2026-06-28 13:02:01,737 [DEBUG] [SystrayMonitor] [systray_widget/systray_monitor.py:164]: Adding TaskbandHWND prop to hwnd 67240
2026-06-28 13:02:01,743 [DEBUG] [SystrayMonitor] [systray_widget/systray_monitor.py:242]: Finding real tray hwnd
2026-06-28 13:02:01,746 [DEBUG] [MainThread] [systray_widget/systray_monitor.py:157]: Sending TaskbarCreated message: 49360
2026-06-28 13:02:37,214 [INFO] [Dummy-6] [root/event_listener.py:125]: Komorebi connected to named pipe: yasb-73af8687-72c3-11f1-ae14-b68c9d368921
2026-06-28 14:22:36,872 [ERROR] [MainThread] [root/gpu.py:170]: Error updating shared GPU data: Command '['C:\\WINDOWS\\system32\\nvidia-smi.EXE', '--query-gpu=index,utilization.gpu,memory.total,memory.used,memory.free,temperature.gpu,fan.speed', '--format=csv,noheader,nounits']' timed out after 2 seconds
2026-06-28 15:36:33,050 [ERROR] [MainThread] [root/gpu.py:170]: Error updating shared GPU data: Command '['C:\\WINDOWS\\system32\\nvidia-smi.EXE', '--query-gpu=index,utilization.gpu,memory.total,memory.used,memory.free,temperature.gpu,fan.speed', '--format=csv,noheader,nounits']' timed out after 2 seconds
2026-06-28 20:04:55,446 [ERROR] [SystrayMonitor] [root/app_icons.py:282]: GetIconInfo failed: 0
2026-06-30 03:49:44,114 [ERROR] [MainThread] [root/gpu.py:170]: Error updating shared GPU data: Command '['C:\\WINDOWS\\system32\\nvidia-smi.EXE', '--query-gpu=index,utilization.gpu,memory.total,memory.used,memory.free,temperature.gpu,fan.speed', '--format=csv,noheader,nounits']' timed out after 2 seconds
2026-06-30 23:25:42,202 [WARNING] [Dummy-6] [root/event_listener.py:82]: Pipe has been ended: (109, 'PeekNamedPipe', 'The pipe has been ended.')
2026-06-30 23:25:42,202 [INFO] [Dummy-6] [root/event_listener.py:92]: Attempting to reconnect to Komorebi...
2026-06-30 23:25:45,206 [INFO] [Dummy-6] [root/event_listener.py:51]: Created named pipe yasb-73af8687-72c3-11f1-ae14-b68c9d368921
2026-06-30 23:25:55,430 [INFO] [Dummy-6] [root/event_listener.py:125]: Komorebi connected to named pipe: yasb-73af8687-72c3-11f1-ae14-b68c9d368921
2026-07-01 18:39:37,033 [INFO] [MainThread] [root/log.py:69]: YASB v1.8.5
2026-07-01 18:39:37,034 [INFO] [Thread-1 (_run_server)] [cli_server/cli_server.py:212]: CLI server started v1.1.4
2026-07-01 18:39:37,034 [INFO] [MainThread] [cli_server/cli_server.py:104]: Log pipe server started
2026-07-01 18:39:38,447 [INFO] [MainThread] [root/service.py:48]: AudioOutputService starting...
2026-07-01 18:39:39,248 [INFO] [MainThread] [root/bar_manager.py:85]: Starting WindowsNotificationEventListener...
2026-07-01 18:39:39,249 [INFO] [MainThread] [root/bar_manager.py:85]: Starting KomorebiEventListener...
2026-07-01 18:39:39,249 [INFO] [MainThread] [root/bar_manager.py:85]: Starting SystemEventListener...
2026-07-01 18:39:39,250 [INFO] [MainThread] [root/watcher.py:54]: Created file watcher for path C:\Users\Srinath\.config\yasb
2026-07-01 18:39:39,252 [INFO] [Dummy-6] [root/event_listener.py:51]: Created named pipe yasb-1dc44524-754e-11f1-bb5e-b68c9d368921
2026-07-01 18:39:39,372 [INFO] [MainThread] [root/update_service.py:404]: Background update checker started
2026-07-01 18:39:39,373 [DEBUG] [MainThread] [qasync._windows._EventPoller/_windows.py:215]: Starting (proactor: <_IocpProactor overlapped#=0 result#=0>)...
2026-07-01 18:39:39,374 [DEBUG] [Dummy-9] [qasync._windows._EventWorker/_windows.py:195]: Thread started
2026-07-01 18:39:39,377 [DEBUG] [MainThread] [systray_widget/systray.py:526]: Loading state from C:\Users\Srinath\AppData\Local\YASB\systray_state_ACERTECHNOLOGIESVG271UM32526057A84212.json
2026-07-01 18:39:39,408 [DEBUG] [SystrayMonitor] [systray_widget/systray.py:57]: Systray thread is starting...
2026-07-01 18:39:39,628 [DEBUG] [MainThread] [systray_widget/systray.py:277]: Systray thread started
2026-07-01 18:39:39,830 [DEBUG] [SystrayMonitor] [systray_widget/systray_monitor.py:164]: Adding TaskbandHWND prop to hwnd 67208
2026-07-01 18:39:39,838 [DEBUG] [SystrayMonitor] [systray_widget/systray_monitor.py:242]: Finding real tray hwnd
2026-07-01 18:39:39,841 [DEBUG] [MainThread] [systray_widget/systray_monitor.py:157]: Sending TaskbarCreated message: 49337
2026-07-01 18:45:50,127 [INFO] [Dummy-6] [root/event_listener.py:125]: Komorebi connected to named pipe: yasb-1dc44524-754e-11f1-bb5e-b68c9d368921
2026-07-01 19:51:19,793 [ERROR] [SystrayMonitor] [root/app_icons.py:282]: GetIconInfo failed: 0
2026-07-01 20:15:46,036 [INFO] [MainThread] [root/bar_manager.py:80]: Screens updated. Re-initialising all bars.
2026-07-01 20:15:46,036 [INFO] [MainThread] [root/controller.py:15]: Reloading Application because of screen update.
2026-07-01 20:15:46,142 [INFO] [MainThread] [cli_server/cli_server.py:112]: Log pipe server stopped
2026-07-01 20:15:46,142 [DEBUG] [MainThread] [cli_server/cli_server.py:206]: CLI server stopped
2026-07-01 20:15:48,340 [INFO] [MainThread] [root/bar_manager.py:92]: Stopping WindowsNotificationEventListener...
2026-07-01 20:15:48,340 [INFO] [MainThread] [root/bar_manager.py:92]: Stopping KomorebiEventListener...
2026-07-01 20:15:48,341 [INFO] [MainThread] [root/bar_manager.py:92]: Stopping SystemEventListener...
2026-07-01 20:15:48,355 [INFO] [Dummy-6] [root/event_listener.py:92]: Attempting to reconnect to Komorebi...
2026-07-01 20:15:48,358 [DEBUG] [MainThread] [systray_widget/systray.py:504]: Saving state to disk
2026-07-01 20:15:48,358 [DEBUG] [MainThread] [systray_widget/systray.py:508]: Saving state to C:\Users\Srinath\AppData\Local\YASB\systray_state_ACERTECHNOLOGIESVG271UM32526057A84212.json
2026-07-01 20:15:48,386 [DEBUG] [MainThread] [systray_widget/utils.py:96]: Destroying window 67208
2026-07-01 20:15:48,422 [DEBUG] [MainThread] [qasync._windows._EventPoller/_windows.py:220]: Stopping worker thread...
2026-07-01 20:15:48,427 [DEBUG] [Dummy-9] [qasync._windows._EventWorker/_windows.py:204]: Exiting thread
2026-07-01 20:15:48,434 [INFO] [MainThread] [root/log.py:69]: YASB v1.8.5
2026-07-01 20:15:48,434 [DEBUG] [MainThread] [qasync._windows._IocpProactor/_windows.py:78]: Closing
2026-07-01 20:15:48,436 [INFO] [Thread-1 (_run_server)] [cli_server/cli_server.py:212]: CLI server started v1.1.4
2026-07-01 20:15:48,437 [INFO] [MainThread] [cli_server/cli_server.py:104]: Log pipe server started
2026-07-01 20:15:48,437 [INFO] [MainThread] [root/main.py:45]: Waiting for previous YASB instance to exit...
2026-07-01 20:15:55,483 [DEBUG] [MainThread] [systray_widget/utils.py:96]: Destroying window 67208
2026-07-01 20:15:55,697 [INFO] [MainThread] [root/main.py:71]: Previous instance exited, continuing startup.
2026-07-01 20:15:57,024 [INFO] [MainThread] [root/service.py:48]: AudioOutputService starting...
2026-07-01 20:15:59,337 [INFO] [MainThread] [root/bar_manager.py:85]: Starting SystemEventListener...
2026-07-01 20:15:59,337 [INFO] [MainThread] [root/bar_manager.py:85]: Starting WindowsNotificationEventListener...
2026-07-01 20:15:59,338 [INFO] [MainThread] [root/bar_manager.py:85]: Starting KomorebiEventListener...
2026-07-01 20:15:59,339 [INFO] [MainThread] [root/watcher.py:54]: Created file watcher for path C:\Users\Srinath\.config\yasb
2026-07-01 20:15:59,606 [INFO] [Dummy-7] [root/event_listener.py:51]: Created named pipe yasb-92f7f215-755b-11f1-83c4-b68c9d368921
2026-07-01 20:15:59,674 [INFO] [MainThread] [root/update_service.py:404]: Background update checker started
2026-07-01 20:15:59,674 [DEBUG] [MainThread] [qasync._windows._EventPoller/_windows.py:215]: Starting (proactor: <_IocpProactor overlapped#=0 result#=0>)...
2026-07-01 20:15:59,676 [DEBUG] [Dummy-10] [qasync._windows._EventWorker/_windows.py:195]: Thread started
2026-07-01 20:15:59,696 [DEBUG] [MainThread] [systray_widget/systray.py:526]: Loading state from C:\Users\Srinath\AppData\Local\YASB\systray_state_ACERTECHNOLOGIESVG271UM32526057A84212.json
2026-07-01 20:15:59,700 [DEBUG] [SystrayMonitor] [systray_widget/systray.py:57]: Systray thread is starting...
2026-07-01 20:15:59,760 [INFO] [Dummy-7] [root/event_listener.py:125]: Komorebi connected to named pipe: yasb-92f7f215-755b-11f1-83c4-b68c9d368921
2026-07-01 20:16:00,086 [DEBUG] [MainThread] [systray_widget/systray.py:526]: Loading state from C:\Users\Srinath\AppData\Local\YASB\systray_state_MLTDDISPLAY2.json
2026-07-01 20:16:00,447 [DEBUG] [MainThread] [systray_widget/systray.py:277]: Systray thread started
2026-07-01 20:16:00,678 [DEBUG] [SystrayMonitor] [systray_widget/systray_monitor.py:164]: Adding TaskbandHWND prop to hwnd 197410
2026-07-01 20:16:00,683 [DEBUG] [SystrayMonitor] [systray_widget/systray_monitor.py:242]: Finding real tray hwnd
2026-07-01 20:16:00,688 [DEBUG] [MainThread] [systray_widget/systray_monitor.py:157]: Sending TaskbarCreated message: 49337
2026-07-01 20:17:24,960 [INFO] [MainThread] [root/bar_manager.py:80]: Screens updated. Re-initialising all bars.
2026-07-01 20:17:24,961 [INFO] [MainThread] [root/controller.py:15]: Reloading Application because of screen update.
2026-07-01 20:17:25,070 [INFO] [MainThread] [cli_server/cli_server.py:112]: Log pipe server stopped
2026-07-01 20:17:25,070 [DEBUG] [MainThread] [cli_server/cli_server.py:206]: CLI server stopped
2026-07-01 20:17:27,439 [INFO] [MainThread] [root/bar_manager.py:92]: Stopping SystemEventListener...
2026-07-01 20:17:27,439 [INFO] [MainThread] [root/bar_manager.py:92]: Stopping WindowsNotificationEventListener...
2026-07-01 20:17:27,440 [INFO] [MainThread] [root/bar_manager.py:92]: Stopping KomorebiEventListener...
2026-07-01 20:17:27,459 [INFO] [Dummy-7] [root/event_listener.py:92]: Attempting to reconnect to Komorebi...
2026-07-01 20:17:27,470 [DEBUG] [MainThread] [systray_widget/systray.py:504]: Saving state to disk
2026-07-01 20:17:27,472 [DEBUG] [MainThread] [systray_widget/systray.py:508]: Saving state to C:\Users\Srinath\AppData\Local\YASB\systray_state_ACERTECHNOLOGIESVG271UM32526057A84212.json
2026-07-01 20:17:27,475 [DEBUG] [MainThread] [systray_widget/utils.py:96]: Destroying window 197410
2026-07-01 20:17:27,476 [DEBUG] [MainThread] [systray_widget/systray.py:504]: Saving state to disk
2026-07-01 20:17:27,477 [DEBUG] [MainThread] [systray_widget/systray.py:508]: Saving state to C:\Users\Srinath\AppData\Local\YASB\systray_state_ACERTECHNOLOGIESVG271UM32526057A84212.json
2026-07-01 20:17:27,500 [DEBUG] [MainThread] [systray_widget/utils.py:96]: Destroying window 197410
2026-07-01 20:17:27,522 [DEBUG] [MainThread] [qasync._windows._EventPoller/_windows.py:220]: Stopping worker thread...
2026-07-01 20:17:27,536 [DEBUG] [Dummy-10] [qasync._windows._EventWorker/_windows.py:204]: Exiting thread
2026-07-01 20:17:27,539 [DEBUG] [MainThread] [qasync._windows._IocpProactor/_windows.py:78]: Closing
2026-07-01 20:17:27,611 [INFO] [MainThread] [root/log.py:69]: YASB v1.8.5
2026-07-01 20:17:27,613 [INFO] [Thread-1 (_run_server)] [cli_server/cli_server.py:212]: CLI server started v1.1.4
2026-07-01 20:17:27,613 [INFO] [MainThread] [cli_server/cli_server.py:104]: Log pipe server started
2026-07-01 20:17:27,614 [INFO] [MainThread] [root/main.py:45]: Waiting for previous YASB instance to exit...
2026-07-01 20:17:27,616 [DEBUG] [MainThread] [systray_widget/utils.py:96]: Destroying window 197410
2026-07-01 20:17:27,865 [INFO] [MainThread] [root/main.py:71]: Previous instance exited, continuing startup.
2026-07-01 20:17:29,511 [INFO] [MainThread] [root/service.py:48]: AudioOutputService starting...
2026-07-01 20:17:30,593 [INFO] [MainThread] [root/bar_manager.py:85]: Starting KomorebiEventListener...
2026-07-01 20:17:30,593 [INFO] [MainThread] [root/bar_manager.py:85]: Starting WindowsNotificationEventListener...
2026-07-01 20:17:30,594 [INFO] [Dummy-4] [root/event_listener.py:51]: Created named pipe yasb-c95c3dd6-755b-11f1-870f-b68c9d368921
2026-07-01 20:17:30,595 [INFO] [MainThread] [root/bar_manager.py:85]: Starting SystemEventListener...
2026-07-01 20:17:30,595 [INFO] [MainThread] [root/watcher.py:54]: Created file watcher for path C:\Users\Srinath\.config\yasb
2026-07-01 20:17:30,675 [INFO] [MainThread] [root/update_service.py:404]: Background update checker started
2026-07-01 20:17:30,675 [DEBUG] [MainThread] [qasync._windows._EventPoller/_windows.py:215]: Starting (proactor: <_IocpProactor overlapped#=0 result#=0>)...
2026-07-01 20:17:30,677 [DEBUG] [Dummy-9] [qasync._windows._EventWorker/_windows.py:195]: Thread started
2026-07-01 20:17:30,688 [DEBUG] [MainThread] [systray_widget/systray.py:526]: Loading state from C:\Users\Srinath\AppData\Local\YASB\systray_state_ACERTECHNOLOGIESVG271UM32526057A84212.json
2026-07-01 20:17:30,698 [DEBUG] [SystrayMonitor] [systray_widget/systray.py:57]: Systray thread is starting...
2026-07-01 20:17:30,709 [INFO] [Dummy-4] [root/event_listener.py:125]: Komorebi connected to named pipe: yasb-c95c3dd6-755b-11f1-870f-b68c9d368921
2026-07-01 20:17:31,037 [DEBUG] [MainThread] [systray_widget/systray.py:277]: Systray thread started
2026-07-01 20:17:31,240 [DEBUG] [SystrayMonitor] [systray_widget/systray_monitor.py:164]: Adding TaskbandHWND prop to hwnd 198290
2026-07-01 20:17:31,244 [DEBUG] [SystrayMonitor] [systray_widget/systray_monitor.py:242]: Finding real tray hwnd
2026-07-01 20:17:31,248 [DEBUG] [MainThread] [systray_widget/systray_monitor.py:157]: Sending TaskbarCreated message: 49337
2026-07-01 20:17:34,777 [INFO] [MainThread] [root/controller.py:35]: Exiting Application...
2026-07-01 20:17:34,890 [INFO] [MainThread] [cli_server/cli_server.py:112]: Log pipe server stopped
2026-07-01 20:17:34,890 [DEBUG] [MainThread] [cli_server/cli_server.py:206]: CLI server stopped
2026-07-01 20:17:35,419 [INFO] [MainThread] [root/bar_manager.py:92]: Stopping KomorebiEventListener...
2026-07-01 20:17:35,420 [INFO] [MainThread] [root/bar_manager.py:92]: Stopping WindowsNotificationEventListener...
2026-07-01 20:17:35,421 [INFO] [MainThread] [root/bar_manager.py:92]: Stopping SystemEventListener...
2026-07-01 20:17:35,432 [DEBUG] [MainThread] [systray_widget/systray.py:504]: Saving state to disk
2026-07-01 20:17:35,433 [DEBUG] [MainThread] [systray_widget/systray.py:508]: Saving state to C:\Users\Srinath\AppData\Local\YASB\systray_state_ACERTECHNOLOGIESVG271UM32526057A84212.json
2026-07-01 20:17:35,435 [DEBUG] [MainThread] [systray_widget/utils.py:96]: Destroying window 198290
2026-07-01 20:17:35,454 [INFO] [Dummy-4] [root/event_listener.py:92]: Attempting to reconnect to Komorebi...
2026-07-01 20:17:35,479 [DEBUG] [MainThread] [qasync._windows._EventPoller/_windows.py:220]: Stopping worker thread...
2026-07-01 20:17:35,483 [DEBUG] [Dummy-9] [qasync._windows._EventWorker/_windows.py:204]: Exiting thread
2026-07-01 20:17:35,491 [DEBUG] [MainThread] [qasync._windows._IocpProactor/_windows.py:78]: Closing
2026-07-01 20:17:35,606 [DEBUG] [MainThread] [systray_widget/utils.py:96]: Destroying window 198290
2026-07-01 20:20:53,270 [INFO] [MainThread] [root/log.py:69]: YASB v1.8.5
2026-07-01 20:20:53,271 [INFO] [Thread-1 (_run_server)] [cli_server/cli_server.py:212]: CLI server started v1.1.4
2026-07-01 20:20:53,272 [INFO] [MainThread] [cli_server/cli_server.py:104]: Log pipe server started
2026-07-01 20:20:54,759 [INFO] [MainThread] [root/service.py:48]: AudioOutputService starting...
2026-07-01 20:20:55,639 [INFO] [MainThread] [root/bar_manager.py:85]: Starting WindowsNotificationEventListener...
2026-07-01 20:20:55,641 [INFO] [MainThread] [root/bar_manager.py:85]: Starting SystemEventListener...
2026-07-01 20:20:55,641 [INFO] [MainThread] [root/bar_manager.py:85]: Starting KomorebiEventListener...
2026-07-01 20:20:55,641 [INFO] [MainThread] [root/watcher.py:54]: Created file watcher for path C:\Users\Srinath\.config\yasb
2026-07-01 20:20:55,643 [INFO] [Dummy-6] [root/event_listener.py:51]: Created named pipe yasb-439410a7-755c-11f1-9275-b48c9d368940
2026-07-01 20:20:55,790 [INFO] [MainThread] [root/update_service.py:404]: Background update checker started
2026-07-01 20:20:55,790 [DEBUG] [MainThread] [qasync._windows._EventPoller/_windows.py:215]: Starting (proactor: <_IocpProactor overlapped#=0 result#=0>)...
2026-07-01 20:20:55,793 [DEBUG] [Dummy-9] [qasync._windows._EventWorker/_windows.py:195]: Thread started
2026-07-01 20:20:55,800 [DEBUG] [MainThread] [systray_widget/systray.py:526]: Loading state from C:\Users\Srinath\AppData\Local\YASB\systray_state_ACERTECHNOLOGIESVG271UM32526057A84212.json
2026-07-01 20:20:55,820 [DEBUG] [SystrayMonitor] [systray_widget/systray.py:57]: Systray thread is starting...
2026-07-01 20:20:56,064 [DEBUG] [MainThread] [systray_widget/systray.py:277]: Systray thread started
2026-07-01 20:20:56,265 [DEBUG] [SystrayMonitor] [systray_widget/systray_monitor.py:164]: Adding TaskbandHWND prop to hwnd 67260
2026-07-01 20:20:56,277 [DEBUG] [SystrayMonitor] [systray_widget/systray_monitor.py:242]: Finding real tray hwnd
2026-07-01 20:20:56,285 [DEBUG] [MainThread] [systray_widget/systray_monitor.py:157]: Sending TaskbarCreated message: 49337
2026-07-01 20:21:16,720 [INFO] [Dummy-6] [root/event_listener.py:125]: Komorebi connected to named pipe: yasb-439410a7-755c-11f1-9275-b48c9d368940
2026-07-01 20:30:48,592 [ERROR] [SystrayMonitor] [root/app_icons.py:282]: GetIconInfo failed: 0
2026-07-02 02:25:13,031 [INFO] [MainThread] [root/bar.py:154]: Screen geometry changed. Updating position for bar status-bar on screen VG271U M3
2026-07-02 13:09:12,080 [INFO] [MainThread] [root/bar.py:154]: Screen geometry changed. Updating position for bar status-bar on screen VG271U M3
2026-07-02 13:09:12,222 [INFO] [MainThread] [root/bar.py:154]: Screen geometry changed. Updating position for bar status-bar on screen VG271U M3
2026-07-02 13:09:57,471 [INFO] [MainThread] [root/bar.py:154]: Screen geometry changed. Updating position for bar status-bar on screen VG271U M3
2026-07-02 13:50:58,327 [INFO] [MainThread] [root/controller.py:35]: Exiting Application...
2026-07-02 13:50:58,428 [INFO] [MainThread] [cli_server/cli_server.py:112]: Log pipe server stopped
2026-07-02 13:50:58,428 [DEBUG] [MainThread] [cli_server/cli_server.py:206]: CLI server stopped
2026-07-02 13:50:58,842 [INFO] [MainThread] [root/bar_manager.py:92]: Stopping WindowsNotificationEventListener...
2026-07-02 13:50:58,843 [INFO] [MainThread] [root/bar_manager.py:92]: Stopping SystemEventListener...
2026-07-02 13:50:58,843 [INFO] [MainThread] [root/bar_manager.py:92]: Stopping KomorebiEventListener...
2026-07-02 13:50:58,854 [DEBUG] [MainThread] [systray_widget/systray.py:504]: Saving state to disk
2026-07-02 13:50:58,855 [DEBUG] [MainThread] [systray_widget/systray.py:508]: Saving state to C:\Users\Srinath\AppData\Local\YASB\systray_state_ACERTECHNOLOGIESVG271UM32526057A84212.json
2026-07-02 13:50:58,875 [DEBUG] [MainThread] [systray_widget/utils.py:96]: Destroying window 67260
2026-07-02 13:50:58,894 [INFO] [Dummy-6] [root/event_listener.py:92]: Attempting to reconnect to Komorebi...
2026-07-02 13:50:59,045 [DEBUG] [MainThread] [qasync._windows._EventPoller/_windows.py:220]: Stopping worker thread...
2026-07-02 13:50:59,048 [DEBUG] [Dummy-9] [qasync._windows._EventWorker/_windows.py:204]: Exiting thread
2026-07-02 13:50:59,050 [DEBUG] [MainThread] [qasync._windows._IocpProactor/_windows.py:78]: Closing
2026-07-02 13:50:59,157 [DEBUG] [MainThread] [systray_widget/utils.py:96]: Destroying window 67260
2026-07-02 13:53:16,920 [INFO] [MainThread] [root/log.py:69]: YASB v1.8.5
2026-07-02 13:53:16,922 [INFO] [Thread-1 (_run_server)] [cli_server/cli_server.py:212]: CLI server started v1.1.4
2026-07-02 13:53:16,922 [INFO] [MainThread] [cli_server/cli_server.py:104]: Log pipe server started
2026-07-02 13:53:18,394 [INFO] [MainThread] [root/service.py:48]: AudioOutputService starting...
2026-07-02 13:53:19,419 [INFO] [MainThread] [root/bar_manager.py:85]: Starting WindowsNotificationEventListener...
2026-07-02 13:53:19,420 [INFO] [MainThread] [root/bar_manager.py:85]: Starting SystemEventListener...
2026-07-02 13:53:19,420 [INFO] [MainThread] [root/bar_manager.py:85]: Starting KomorebiEventListener...
2026-07-02 13:53:19,421 [INFO] [MainThread] [root/watcher.py:54]: Created file watcher for path C:\Users\Srinath\.config\yasb
2026-07-02 13:53:19,422 [INFO] [Dummy-6] [root/event_listener.py:51]: Created named pipe yasb-48342f5c-75ef-11f1-89ae-b48c9d368940
2026-07-02 13:53:19,543 [INFO] [MainThread] [root/update_service.py:404]: Background update checker started
2026-07-02 13:53:19,544 [DEBUG] [MainThread] [qasync._windows._EventPoller/_windows.py:215]: Starting (proactor: <_IocpProactor overlapped#=0 result#=0>)...
2026-07-02 13:53:19,545 [DEBUG] [Dummy-9] [qasync._windows._EventWorker/_windows.py:195]: Thread started
2026-07-02 13:53:19,548 [DEBUG] [MainThread] [systray_widget/systray.py:526]: Loading state from C:\Users\Srinath\AppData\Local\YASB\systray_state_ACERTECHNOLOGIESVG271UM32526057A84212.json
2026-07-02 13:53:19,575 [DEBUG] [SystrayMonitor] [systray_widget/systray.py:57]: Systray thread is starting...
2026-07-02 13:53:19,802 [DEBUG] [MainThread] [systray_widget/systray.py:277]: Systray thread started
2026-07-02 13:53:19,868 [DEBUG] [SystrayMonitor] [systray_widget/systray_monitor.py:242]: Finding real tray hwnd
2026-07-02 13:53:19,940 [WARNING] [UpdateChecker] [root/update_service.py:274]: Network error checking for updates: [WinError 10013] An attempt was made to access a socket in a way forbidden by its access permissions
2026-07-02 13:53:19,940 [WARNING] [UpdateChecker] [root/update_service.py:400]: Background update check failed: <urlopen error [WinError 10013] An attempt was made to access a socket in a way forbidden by its access permissions>
2026-07-02 13:53:20,004 [DEBUG] [SystrayMonitor] [systray_widget/systray_monitor.py:164]: Adding TaskbandHWND prop to hwnd 67138
2026-07-02 13:53:20,010 [DEBUG] [MainThread] [systray_widget/systray_monitor.py:157]: Sending TaskbarCreated message: 49360
2026-07-02 13:57:44,014 [INFO] [Dummy-6] [root/event_listener.py:125]: Komorebi connected to named pipe: yasb-48342f5c-75ef-11f1-89ae-b48c9d368940
2026-07-02 14:14:39,245 [ERROR] [SystrayMonitor] [root/app_icons.py:282]: GetIconInfo failed: 0
2026-07-02 15:43:19,772 [ERROR] [SystrayMonitor] [root/app_icons.py:282]: GetIconInfo failed: 0
2026-07-02 19:26:09,632 [INFO] [MainThread] [root/controller.py:35]: Exiting Application...
2026-07-02 19:26:09,743 [INFO] [MainThread] [cli_server/cli_server.py:112]: Log pipe server stopped
2026-07-02 19:26:09,743 [DEBUG] [MainThread] [cli_server/cli_server.py:206]: CLI server stopped
2026-07-02 19:26:10,289 [INFO] [MainThread] [root/bar_manager.py:92]: Stopping WindowsNotificationEventListener...
2026-07-02 19:26:10,289 [INFO] [MainThread] [root/bar_manager.py:92]: Stopping SystemEventListener...
2026-07-02 19:26:10,290 [INFO] [MainThread] [root/bar_manager.py:92]: Stopping KomorebiEventListener...
2026-07-02 19:26:10,301 [DEBUG] [MainThread] [systray_widget/systray.py:504]: Saving state to disk
2026-07-02 19:26:10,302 [DEBUG] [MainThread] [systray_widget/systray.py:508]: Saving state to C:\Users\Srinath\AppData\Local\YASB\systray_state_ACERTECHNOLOGIESVG271UM32526057A84212.json
2026-07-02 19:26:10,305 [DEBUG] [MainThread] [systray_widget/utils.py:96]: Destroying window 67138
2026-07-02 19:26:10,339 [INFO] [Dummy-6] [root/event_listener.py:92]: Attempting to reconnect to Komorebi...
2026-07-02 19:26:10,355 [DEBUG] [MainThread] [qasync._windows._EventPoller/_windows.py:220]: Stopping worker thread...
2026-07-02 19:26:10,368 [DEBUG] [Dummy-9] [qasync._windows._EventWorker/_windows.py:204]: Exiting thread
2026-07-02 19:26:10,371 [DEBUG] [MainThread] [qasync._windows._IocpProactor/_windows.py:78]: Closing
2026-07-02 19:26:10,439 [DEBUG] [MainThread] [systray_widget/utils.py:96]: Destroying window 67138
2026-07-02 19:27:57,766 [INFO] [MainThread] [root/log.py:69]: YASB v1.8.5
2026-07-02 19:27:57,768 [INFO] [Thread-1 (_run_server)] [cli_server/cli_server.py:212]: CLI server started v1.1.4
2026-07-02 19:27:57,768 [INFO] [MainThread] [cli_server/cli_server.py:104]: Log pipe server started
2026-07-02 19:27:59,149 [INFO] [MainThread] [root/service.py:48]: AudioOutputService starting...
2026-07-02 19:28:00,020 [INFO] [MainThread] [root/bar_manager.py:85]: Starting SystemEventListener...
2026-07-02 19:28:00,021 [INFO] [MainThread] [root/bar_manager.py:85]: Starting WindowsNotificationEventListener...
2026-07-02 19:28:00,022 [INFO] [MainThread] [root/bar_manager.py:85]: Starting KomorebiEventListener...
2026-07-02 19:28:00,024 [INFO] [MainThread] [root/watcher.py:54]: Created file watcher for path C:\Users\Srinath\.config\yasb
2026-07-02 19:28:00,024 [INFO] [Dummy-6] [root/event_listener.py:51]: Created named pipe yasb-092ce978-761e-11f1-a892-b48c9d368940
2026-07-02 19:28:00,155 [INFO] [MainThread] [root/update_service.py:404]: Background update checker started
2026-07-02 19:28:00,155 [DEBUG] [MainThread] [qasync._windows._EventPoller/_windows.py:215]: Starting (proactor: <_IocpProactor overlapped#=0 result#=0>)...
2026-07-02 19:28:00,157 [DEBUG] [Dummy-9] [qasync._windows._EventWorker/_windows.py:195]: Thread started
2026-07-02 19:28:00,160 [DEBUG] [MainThread] [systray_widget/systray.py:526]: Loading state from C:\Users\Srinath\AppData\Local\YASB\systray_state_ACERTECHNOLOGIESVG271UM32526057A84212.json
2026-07-02 19:28:00,192 [DEBUG] [SystrayMonitor] [systray_widget/systray.py:57]: Systray thread is starting...
2026-07-02 19:28:00,400 [DEBUG] [MainThread] [systray_widget/systray.py:277]: Systray thread started
2026-07-02 19:28:00,602 [DEBUG] [SystrayMonitor] [systray_widget/systray_monitor.py:164]: Adding TaskbandHWND prop to hwnd 67070
2026-07-02 19:28:00,610 [DEBUG] [SystrayMonitor] [systray_widget/systray_monitor.py:242]: Finding real tray hwnd
2026-07-02 19:28:00,614 [DEBUG] [MainThread] [systray_widget/systray_monitor.py:157]: Sending TaskbarCreated message: 49367
2026-07-02 19:29:16,863 [INFO] [Dummy-6] [root/event_listener.py:125]: Komorebi connected to named pipe: yasb-092ce978-761e-11f1-a892-b48c9d368940
2026-07-02 19:58:32,515 [ERROR] [SystrayMonitor] [root/app_icons.py:282]: GetIconInfo failed: 0
2026-07-02 21:34:37,712 [INFO] [MainThread] [root/bar_manager.py:80]: Screens updated. Re-initialising all bars.
2026-07-02 21:34:37,713 [INFO] [MainThread] [root/controller.py:15]: Reloading Application because of screen update.
2026-07-02 21:34:37,814 [INFO] [MainThread] [cli_server/cli_server.py:112]: Log pipe server stopped
2026-07-02 21:34:37,814 [DEBUG] [MainThread] [cli_server/cli_server.py:206]: CLI server stopped
2026-07-02 21:34:39,588 [INFO] [MainThread] [root/bar_manager.py:92]: Stopping SystemEventListener...
2026-07-02 21:34:39,589 [INFO] [MainThread] [root/bar_manager.py:92]: Stopping WindowsNotificationEventListener...
2026-07-02 21:34:39,589 [INFO] [MainThread] [root/bar_manager.py:92]: Stopping KomorebiEventListener...
2026-07-02 21:34:39,605 [INFO] [Dummy-6] [root/event_listener.py:92]: Attempting to reconnect to Komorebi...
2026-07-02 21:34:39,613 [DEBUG] [MainThread] [systray_widget/systray.py:504]: Saving state to disk
2026-07-02 21:34:39,614 [DEBUG] [MainThread] [systray_widget/systray.py:508]: Saving state to C:\Users\Srinath\AppData\Local\YASB\systray_state_ACERTECHNOLOGIESVG271UM32526057A84212.json
2026-07-02 21:34:39,633 [DEBUG] [MainThread] [systray_widget/utils.py:96]: Destroying window 67070
2026-07-02 21:34:39,645 [DEBUG] [MainThread] [qasync._windows._EventPoller/_windows.py:220]: Stopping worker thread...
2026-07-02 21:34:39,649 [DEBUG] [Dummy-9] [qasync._windows._EventWorker/_windows.py:204]: Exiting thread
2026-07-02 21:34:39,652 [DEBUG] [MainThread] [qasync._windows._IocpProactor/_windows.py:78]: Closing
2026-07-02 21:34:39,689 [DEBUG] [MainThread] [systray_widget/utils.py:96]: Destroying window 67070
2026-07-02 21:34:39,853 [INFO] [MainThread] [root/log.py:69]: YASB v1.8.5
2026-07-02 21:34:39,854 [INFO] [Thread-1 (_run_server)] [cli_server/cli_server.py:212]: CLI server started v1.1.4
2026-07-02 21:34:39,855 [INFO] [MainThread] [cli_server/cli_server.py:104]: Log pipe server started
2026-07-02 21:34:40,977 [INFO] [MainThread] [root/service.py:48]: AudioOutputService starting...
2026-07-02 21:34:48,952 [INFO] [MainThread] [root/bar_manager.py:80]: Screens updated. Re-initialising all bars.
2026-07-02 21:34:48,952 [INFO] [MainThread] [root/controller.py:15]: Reloading Application because of screen update.
2026-07-02 21:34:49,053 [INFO] [MainThread] [cli_server/cli_server.py:112]: Log pipe server stopped
2026-07-02 21:34:49,053 [DEBUG] [MainThread] [cli_server/cli_server.py:206]: CLI server stopped
2026-07-02 21:38:38,635 [INFO] [MainThread] [root/log.py:69]: YASB v1.8.5
2026-07-02 21:38:38,636 [INFO] [Thread-1 (_run_server)] [cli_server/cli_server.py:212]: CLI server started v1.1.4
2026-07-02 21:38:38,636 [INFO] [MainThread] [cli_server/cli_server.py:104]: Log pipe server started
2026-07-02 21:38:38,637 [ERROR] [MainThread] [root/main.py:74]: Another instance of the YASB is already running.
2026-07-02 21:38:50,082 [INFO] [MainThread] [root/log.py:69]: YASB v1.8.5
2026-07-02 21:38:50,083 [INFO] [Thread-1 (_run_server)] [cli_server/cli_server.py:212]: CLI server started v1.1.4
2026-07-02 21:38:50,084 [INFO] [MainThread] [cli_server/cli_server.py:104]: Log pipe server started
2026-07-02 21:38:50,084 [ERROR] [MainThread] [root/main.py:74]: Another instance of the YASB is already running.
2026-07-02 21:42:21,430 [INFO] [MainThread] [root/log.py:69]: YASB v1.8.5
2026-07-02 21:42:21,431 [INFO] [Thread-1 (_run_server)] [cli_server/cli_server.py:212]: CLI server started v1.1.4
2026-07-02 21:42:21,432 [INFO] [MainThread] [cli_server/cli_server.py:104]: Log pipe server started
2026-07-02 21:42:22,866 [INFO] [MainThread] [root/service.py:48]: AudioOutputService starting...
2026-07-02 21:42:23,650 [INFO] [MainThread] [root/bar_manager.py:85]: Starting KomorebiEventListener...
2026-07-02 21:42:23,651 [INFO] [MainThread] [root/bar_manager.py:85]: Starting SystemEventListener...
2026-07-02 21:42:23,651 [INFO] [MainThread] [root/bar_manager.py:85]: Starting WindowsNotificationEventListener...
2026-07-02 21:42:23,652 [INFO] [Dummy-4] [root/event_listener.py:51]: Created named pipe yasb-cf78e75f-7630-11f1-82c0-b48c9d368940
2026-07-02 21:42:23,653 [INFO] [MainThread] [root/watcher.py:54]: Created file watcher for path C:\Users\Srinath\.config\yasb
2026-07-02 21:42:23,808 [INFO] [MainThread] [root/update_service.py:404]: Background update checker started
2026-07-02 21:42:23,809 [DEBUG] [MainThread] [qasync._windows._EventPoller/_windows.py:215]: Starting (proactor: <_IocpProactor overlapped#=0 result#=0>)...
2026-07-02 21:42:23,838 [DEBUG] [Dummy-9] [qasync._windows._EventWorker/_windows.py:195]: Thread started
2026-07-02 21:42:23,851 [DEBUG] [MainThread] [systray_widget/systray.py:526]: Loading state from C:\Users\Srinath\AppData\Local\YASB\systray_state_ACERTECHNOLOGIESVG271UM32526057A84212.json
2026-07-02 21:42:23,865 [DEBUG] [SystrayMonitor] [systray_widget/systray.py:57]: Systray thread is starting...
2026-07-02 21:42:24,126 [DEBUG] [MainThread] [systray_widget/systray.py:277]: Systray thread started
2026-07-02 21:42:24,328 [DEBUG] [SystrayMonitor] [systray_widget/systray_monitor.py:164]: Adding TaskbandHWND prop to hwnd 67008
2026-07-02 21:42:24,336 [DEBUG] [SystrayMonitor] [systray_widget/systray_monitor.py:242]: Finding real tray hwnd
2026-07-02 21:42:24,342 [DEBUG] [MainThread] [systray_widget/systray_monitor.py:157]: Sending TaskbarCreated message: 49367
2026-07-02 21:42:44,627 [INFO] [Dummy-4] [root/event_listener.py:125]: Komorebi connected to named pipe: yasb-cf78e75f-7630-11f1-82c0-b48c9d368940
2026-07-02 21:47:44,358 [ERROR] [SystrayMonitor] [root/app_icons.py:282]: GetIconInfo failed: 0
2026-07-04 06:53:48,468 [INFO] [MainThread] [root/bar_manager.py:92]: Stopping KomorebiEventListener...
2026-07-04 06:53:48,468 [INFO] [MainThread] [root/bar_manager.py:92]: Stopping SystemEventListener...
2026-07-04 06:53:48,469 [INFO] [MainThread] [root/bar_manager.py:92]: Stopping WindowsNotificationEventListener...
2026-07-04 06:53:48,472 [DEBUG] [MainThread] [systray_widget/systray.py:504]: Saving state to disk
2026-07-04 06:53:48,473 [DEBUG] [MainThread] [systray_widget/systray.py:508]: Saving state to C:\Users\Srinath\AppData\Local\YASB\systray_state_ACERTECHNOLOGIESVG271UM32526057A84212.json
2026-07-04 06:53:48,490 [INFO] [Dummy-4] [root/event_listener.py:92]: Attempting to reconnect to Komorebi...
2026-07-04 06:53:48,491 [DEBUG] [MainThread] [systray_widget/utils.py:96]: Destroying window 67008
2026-07-04 06:55:46,029 [INFO] [MainThread] [root/log.py:69]: YASB v1.8.5
2026-07-04 06:55:46,031 [INFO] [Thread-1 (_run_server)] [cli_server/cli_server.py:212]: CLI server started v1.1.4
2026-07-04 06:55:46,031 [INFO] [MainThread] [cli_server/cli_server.py:104]: Log pipe server started
2026-07-04 06:55:47,674 [INFO] [MainThread] [root/service.py:48]: AudioOutputService starting...
2026-07-04 06:55:49,181 [INFO] [MainThread] [root/bar_manager.py:85]: Starting KomorebiEventListener...
2026-07-04 06:55:49,182 [INFO] [MainThread] [root/bar_manager.py:85]: Starting SystemEventListener...
2026-07-04 06:55:49,182 [INFO] [MainThread] [root/bar_manager.py:85]: Starting WindowsNotificationEventListener...
2026-07-04 06:55:49,184 [INFO] [Dummy-4] [root/event_listener.py:51]: Created named pipe yasb-49ec89cc-7747-11f1-82fc-b48c9d368940
2026-07-04 06:55:49,186 [INFO] [MainThread] [root/watcher.py:54]: Created file watcher for path C:\Users\Srinath\.config\yasb
2026-07-04 06:55:49,352 [INFO] [MainThread] [root/update_service.py:404]: Background update checker started
2026-07-04 06:55:49,353 [DEBUG] [MainThread] [qasync._windows._EventPoller/_windows.py:215]: Starting (proactor: <_IocpProactor overlapped#=0 result#=0>)...
2026-07-04 06:55:49,387 [DEBUG] [Dummy-9] [qasync._windows._EventWorker/_windows.py:195]: Thread started
2026-07-04 06:55:49,406 [DEBUG] [MainThread] [systray_widget/systray.py:526]: Loading state from C:\Users\Srinath\AppData\Local\YASB\systray_state_ACERTECHNOLOGIESVG271UM32526057A84212.json
2026-07-04 06:55:49,418 [DEBUG] [SystrayMonitor] [systray_widget/systray.py:57]: Systray thread is starting...
2026-07-04 06:55:49,878 [DEBUG] [MainThread] [systray_widget/systray.py:277]: Systray thread started
2026-07-04 06:55:50,078 [DEBUG] [SystrayMonitor] [systray_widget/systray_monitor.py:164]: Adding TaskbandHWND prop to hwnd 67182
2026-07-04 06:55:50,083 [DEBUG] [SystrayMonitor] [systray_widget/systray_monitor.py:242]: Finding real tray hwnd
2026-07-04 06:55:50,086 [DEBUG] [MainThread] [systray_widget/systray_monitor.py:157]: Sending TaskbarCreated message: 49367
2026-07-04 06:56:10,070 [INFO] [Dummy-4] [root/event_listener.py:125]: Komorebi connected to named pipe: yasb-49ec89cc-7747-11f1-82fc-b48c9d368940
2026-07-04 08:11:12,632 [INFO] [MainThread] [root/controller.py:35]: Exiting Application...
2026-07-04 08:11:12,746 [INFO] [MainThread] [cli_server/cli_server.py:112]: Log pipe server stopped
2026-07-04 08:11:12,746 [DEBUG] [MainThread] [cli_server/cli_server.py:206]: CLI server stopped
2026-07-04 08:11:13,021 [INFO] [MainThread] [root/bar_manager.py:92]: Stopping KomorebiEventListener...
2026-07-04 08:11:13,021 [INFO] [MainThread] [root/bar_manager.py:92]: Stopping SystemEventListener...
2026-07-04 08:11:13,021 [INFO] [MainThread] [root/bar_manager.py:92]: Stopping WindowsNotificationEventListener...
2026-07-04 08:11:13,029 [DEBUG] [MainThread] [systray_widget/systray.py:504]: Saving state to disk
2026-07-04 08:11:13,029 [DEBUG] [MainThread] [systray_widget/systray.py:508]: Saving state to C:\Users\Srinath\AppData\Local\YASB\systray_state_ACERTECHNOLOGIESVG271UM32526057A84212.json
2026-07-04 08:11:13,044 [DEBUG] [MainThread] [systray_widget/utils.py:96]: Destroying window 67182
2026-07-04 08:11:13,047 [INFO] [Dummy-4] [root/event_listener.py:92]: Attempting to reconnect to Komorebi...
2026-07-04 08:11:13,069 [DEBUG] [MainThread] [qasync._windows._EventPoller/_windows.py:220]: Stopping worker thread...
2026-07-04 08:11:13,070 [DEBUG] [Dummy-9] [qasync._windows._EventWorker/_windows.py:204]: Exiting thread
2026-07-04 08:11:13,073 [DEBUG] [MainThread] [qasync._windows._IocpProactor/_windows.py:78]: Closing
2026-07-04 08:11:13,127 [DEBUG] [MainThread] [systray_widget/utils.py:96]: Destroying window 67182
2026-07-04 19:01:39,116 [INFO] [MainThread] [root/log.py:69]: YASB v1.8.5
2026-07-04 19:01:39,118 [INFO] [Thread-1 (_run_server)] [cli_server/cli_server.py:212]: CLI server started v1.1.4
2026-07-04 19:01:39,118 [INFO] [MainThread] [cli_server/cli_server.py:104]: Log pipe server started
2026-07-04 19:01:40,434 [INFO] [MainThread] [root/service.py:48]: AudioOutputService starting...
2026-07-04 19:01:41,569 [INFO] [MainThread] [root/bar_manager.py:85]: Starting WindowsNotificationEventListener...
2026-07-04 19:01:41,570 [INFO] [MainThread] [root/bar_manager.py:85]: Starting KomorebiEventListener...
2026-07-04 19:01:41,570 [INFO] [MainThread] [root/bar_manager.py:85]: Starting SystemEventListener...
2026-07-04 19:01:41,571 [INFO] [MainThread] [root/watcher.py:54]: Created file watcher for path C:\Users\Srinath\.config\yasb
2026-07-04 19:01:41,572 [INFO] [Dummy-6] [root/event_listener.py:51]: Created named pipe yasb-b12bac8a-77ac-11f1-af09-b48c9d368940
2026-07-04 19:01:41,690 [INFO] [MainThread] [root/update_service.py:404]: Background update checker started
2026-07-04 19:01:41,691 [DEBUG] [MainThread] [qasync._windows._EventPoller/_windows.py:215]: Starting (proactor: <_IocpProactor overlapped#=0 result#=0>)...
2026-07-04 19:01:41,692 [DEBUG] [Dummy-9] [qasync._windows._EventWorker/_windows.py:195]: Thread started
2026-07-04 19:01:41,695 [DEBUG] [MainThread] [systray_widget/systray.py:526]: Loading state from C:\Users\Srinath\AppData\Local\YASB\systray_state_ACERTECHNOLOGIESVG271UM32526057A84212.json
2026-07-04 19:01:41,722 [DEBUG] [SystrayMonitor] [systray_widget/systray.py:57]: Systray thread is starting...
2026-07-04 19:01:41,934 [DEBUG] [MainThread] [systray_widget/systray.py:277]: Systray thread started
2026-07-04 19:01:42,042 [WARNING] [UpdateChecker] [root/update_service.py:274]: Network error checking for updates: [Errno 11001] getaddrinfo failed
2026-07-04 19:01:42,042 [WARNING] [UpdateChecker] [root/update_service.py:400]: Background update check failed: <urlopen error [Errno 11001] getaddrinfo failed>
2026-07-04 19:01:42,135 [DEBUG] [SystrayMonitor] [systray_widget/systray_monitor.py:164]: Adding TaskbandHWND prop to hwnd 66980
2026-07-04 19:01:42,142 [DEBUG] [SystrayMonitor] [systray_widget/systray_monitor.py:242]: Finding real tray hwnd
2026-07-04 19:01:42,145 [DEBUG] [MainThread] [systray_widget/systray_monitor.py:157]: Sending TaskbarCreated message: 49366
2026-07-04 19:02:12,440 [INFO] [Dummy-6] [root/event_listener.py:125]: Komorebi connected to named pipe: yasb-b12bac8a-77ac-11f1-af09-b48c9d368940
2026-07-05 01:07:51,425 [ERROR] [SystrayMonitor] [root/app_icons.py:282]: GetIconInfo failed: 0
2026-07-05 07:22:17,550 [WARNING] [Dummy-6] [root/event_listener.py:82]: Pipe has been ended: (109, 'PeekNamedPipe', 'The pipe has been ended.')
2026-07-05 07:22:17,550 [INFO] [Dummy-6] [root/event_listener.py:92]: Attempting to reconnect to Komorebi...
2026-07-05 07:22:20,551 [INFO] [Dummy-6] [root/event_listener.py:51]: Created named pipe yasb-b12bac8a-77ac-11f1-af09-b48c9d368940
2026-07-05 07:39:30,399 [INFO] [Dummy-6] [root/event_listener.py:125]: Komorebi connected to named pipe: yasb-b12bac8a-77ac-11f1-af09-b48c9d368940
2026-07-05 09:34:05,823 [WARNING] [Dummy-6] [root/event_listener.py:82]: Pipe has been ended: (109, 'PeekNamedPipe', 'The pipe has been ended.')
2026-07-05 09:34:05,823 [INFO] [Dummy-6] [root/event_listener.py:92]: Attempting to reconnect to Komorebi...
2026-07-05 09:34:08,824 [INFO] [Dummy-6] [root/event_listener.py:51]: Created named pipe yasb-b12bac8a-77ac-11f1-af09-b48c9d368940
2026-07-05 16:30:30,794 [INFO] [Dummy-6] [root/event_listener.py:125]: Komorebi connected to named pipe: yasb-b12bac8a-77ac-11f1-af09-b48c9d368940
2026-07-05 17:17:03,515 [WARNING] [Dummy-6] [root/event_listener.py:82]: Pipe has been ended: (109, 'PeekNamedPipe', 'The pipe has been ended.')
2026-07-05 17:17:03,515 [INFO] [Dummy-6] [root/event_listener.py:92]: Attempting to reconnect to Komorebi...
2026-07-05 17:17:06,516 [INFO] [Dummy-6] [root/event_listener.py:51]: Created named pipe yasb-b12bac8a-77ac-11f1-af09-b48c9d368940
2026-07-05 18:44:19,040 [DEBUG] [SystrayMonitor] [systray_widget/systray_monitor.py:242]: Finding real tray hwnd
2026-07-05 18:44:20,996 [DEBUG] [SystrayMonitor] [systray_widget/systray_monitor.py:164]: Adding TaskbandHWND prop to hwnd 66980
2026-07-05 18:53:47,331 [DEBUG] [SystrayMonitor] [systray_widget/systray_monitor.py:242]: Finding real tray hwnd
2026-07-05 18:54:20,352 [DEBUG] [SystrayMonitor] [systray_widget/systray_monitor.py:164]: Adding TaskbandHWND prop to hwnd 66980
2026-07-05 18:57:44,657 [INFO] [MainThread] [root/controller.py:35]: Exiting Application from context menu...
2026-07-05 18:57:44,758 [INFO] [MainThread] [cli_server/cli_server.py:112]: Log pipe server stopped
2026-07-05 18:57:44,758 [DEBUG] [MainThread] [cli_server/cli_server.py:206]: CLI server stopped
2026-07-05 18:57:44,788 [INFO] [MainThread] [root/bar_manager.py:92]: Stopping WindowsNotificationEventListener...
2026-07-05 18:57:44,788 [INFO] [MainThread] [root/bar_manager.py:92]: Stopping KomorebiEventListener...
2026-07-05 18:57:44,788 [INFO] [MainThread] [root/bar_manager.py:92]: Stopping SystemEventListener...
2026-07-05 18:57:44,798 [DEBUG] [MainThread] [systray_widget/systray.py:504]: Saving state to disk
2026-07-05 18:57:44,798 [DEBUG] [MainThread] [systray_widget/systray.py:508]: Saving state to C:\Users\Srinath\AppData\Local\YASB\systray_state_ACERTECHNOLOGIESVG271UM32526057A84212.json
2026-07-05 18:57:44,813 [DEBUG] [MainThread] [systray_widget/utils.py:96]: Destroying window 66980
2026-07-05 18:57:44,828 [DEBUG] [MainThread] [qasync._windows._EventPoller/_windows.py:220]: Stopping worker thread...
2026-07-05 18:57:44,834 [DEBUG] [Dummy-9] [qasync._windows._EventWorker/_windows.py:204]: Exiting thread
2026-07-05 18:57:44,836 [DEBUG] [MainThread] [qasync._windows._IocpProactor/_windows.py:78]: Closing
2026-07-05 18:57:44,862 [DEBUG] [MainThread] [systray_widget/utils.py:96]: Destroying window 66980
2026-07-05 19:43:05,703 [INFO] [MainThread] [root/log.py:69]: YASB v1.8.5
2026-07-05 19:43:05,704 [INFO] [Thread-1 (_run_server)] [cli_server/cli_server.py:212]: CLI server started v1.1.4
2026-07-05 19:43:05,704 [INFO] [MainThread] [cli_server/cli_server.py:104]: Log pipe server started
2026-07-05 19:43:07,143 [INFO] [MainThread] [root/service.py:48]: AudioOutputService starting...
2026-07-05 19:43:08,636 [INFO] [MainThread] [root/bar_manager.py:85]: Starting SystemEventListener...
2026-07-05 19:43:08,637 [INFO] [MainThread] [root/bar_manager.py:85]: Starting KomorebiEventListener...
2026-07-05 19:43:08,638 [INFO] [MainThread] [root/bar_manager.py:85]: Starting WindowsNotificationEventListener...
2026-07-05 19:43:08,639 [INFO] [Dummy-4] [root/event_listener.py:51]: Created named pipe yasb-a5fdc8a3-787b-11f1-802d-b48c9d368940
2026-07-05 19:43:08,640 [INFO] [MainThread] [root/watcher.py:54]: Created file watcher for path C:\Users\Srinath\.config\yasb
2026-07-05 19:43:08,789 [INFO] [MainThread] [root/update_service.py:404]: Background update checker started
2026-07-05 19:43:08,789 [DEBUG] [MainThread] [qasync._windows._EventPoller/_windows.py:215]: Starting (proactor: <_IocpProactor overlapped#=0 result#=0>)...
2026-07-05 19:43:08,790 [DEBUG] [Dummy-9] [qasync._windows._EventWorker/_windows.py:195]: Thread started
2026-07-05 19:43:08,799 [DEBUG] [MainThread] [systray_widget/systray.py:526]: Loading state from C:\Users\Srinath\AppData\Local\YASB\systray_state_ACERTECHNOLOGIESVG271UM32526057A84212.json
2026-07-05 19:43:08,826 [DEBUG] [SystrayMonitor] [systray_widget/systray.py:57]: Systray thread is starting...
2026-07-05 19:43:09,195 [DEBUG] [MainThread] [systray_widget/systray.py:277]: Systray thread started
2026-07-05 19:43:09,344 [ERROR] [UpdateChecker] [root/update_service.py:271]: GitHub API HTTP error: 403 rate limit exceeded
2026-07-05 19:43:09,344 [WARNING] [UpdateChecker] [root/update_service.py:400]: Background update check failed: HTTP Error 403: rate limit exceeded
2026-07-05 19:43:09,397 [DEBUG] [SystrayMonitor] [systray_widget/systray_monitor.py:164]: Adding TaskbandHWND prop to hwnd 199668
2026-07-05 19:43:09,401 [DEBUG] [SystrayMonitor] [systray_widget/systray_monitor.py:242]: Finding real tray hwnd
2026-07-05 19:43:09,405 [DEBUG] [MainThread] [systray_widget/systray_monitor.py:157]: Sending TaskbarCreated message: 49366
2026-07-05 22:41:21,508 [INFO] [Dummy-4] [root/event_listener.py:125]: Komorebi connected to named pipe: yasb-a5fdc8a3-787b-11f1-802d-b48c9d368940
2026-07-05 23:30:42,350 [WARNING] [Dummy-4] [root/event_listener.py:82]: Pipe has been ended: (109, 'PeekNamedPipe', 'The pipe has been ended.')
2026-07-05 23:30:42,350 [INFO] [Dummy-4] [root/event_listener.py:92]: Attempting to reconnect to Komorebi...
2026-07-05 23:30:45,353 [INFO] [Dummy-4] [root/event_listener.py:51]: Created named pipe yasb-a5fdc8a3-787b-11f1-802d-b48c9d368940
2026-07-06 05:31:11,272 [INFO] [MainThread] [root/bar_manager.py:92]: Stopping SystemEventListener...
2026-07-06 05:31:11,274 [INFO] [MainThread] [root/bar_manager.py:92]: Stopping KomorebiEventListener...
2026-07-06 05:31:11,275 [INFO] [MainThread] [root/bar_manager.py:92]: Stopping WindowsNotificationEventListener...
2026-07-06 05:31:11,278 [DEBUG] [MainThread] [systray_widget/systray.py:504]: Saving state to disk
2026-07-06 05:31:11,280 [DEBUG] [MainThread] [systray_widget/systray.py:508]: Saving state to C:\Users\Srinath\AppData\Local\YASB\systray_state_ACERTECHNOLOGIESVG271UM32526057A84212.json
2026-07-06 05:31:11,296 [DEBUG] [MainThread] [systray_widget/utils.py:96]: Destroying window 199668
2026-07-06 12:25:20,980 [INFO] [MainThread] [root/log.py:69]: YASB v1.8.5
2026-07-06 12:25:20,982 [INFO] [Thread-1 (_run_server)] [cli_server/cli_server.py:212]: CLI server started v1.1.4
2026-07-06 12:25:20,983 [INFO] [MainThread] [cli_server/cli_server.py:104]: Log pipe server started
2026-07-06 12:25:24,207 [INFO] [MainThread] [root/service.py:48]: AudioOutputService starting...
2026-07-06 12:25:25,888 [INFO] [MainThread] [root/bar_manager.py:85]: Starting KomorebiEventListener...
2026-07-06 12:25:25,889 [INFO] [MainThread] [root/bar_manager.py:85]: Starting SystemEventListener...
2026-07-06 12:25:25,889 [INFO] [MainThread] [root/bar_manager.py:85]: Starting WindowsNotificationEventListener...
2026-07-06 12:25:25,891 [INFO] [Dummy-4] [root/event_listener.py:51]: Created named pipe yasb-aa960abc-7907-11f1-bbc0-b48c9d368940
2026-07-06 12:25:25,892 [INFO] [MainThread] [root/watcher.py:54]: Created file watcher for path C:\Users\Srinath\.config\yasb
2026-07-06 12:25:26,017 [INFO] [Dummy-4] [root/event_listener.py:125]: Komorebi connected to named pipe: yasb-aa960abc-7907-11f1-bbc0-b48c9d368940
2026-07-06 12:25:26,071 [INFO] [MainThread] [root/update_service.py:404]: Background update checker started
2026-07-06 12:25:26,071 [DEBUG] [MainThread] [qasync._windows._EventPoller/_windows.py:215]: Starting (proactor: <_IocpProactor overlapped#=0 result#=0>)...
2026-07-06 12:25:26,110 [DEBUG] [Dummy-10] [qasync._windows._EventWorker/_windows.py:195]: Thread started
2026-07-06 12:25:26,132 [DEBUG] [MainThread] [systray_widget/systray.py:526]: Loading state from C:\Users\Srinath\AppData\Local\YASB\systray_state_ACERTECHNOLOGIESVG271UM32526057A84212.json
2026-07-06 12:25:26,147 [DEBUG] [SystrayMonitor] [systray_widget/systray.py:57]: Systray thread is starting...
2026-07-06 12:25:26,586 [DEBUG] [MainThread] [systray_widget/systray.py:277]: Systray thread started
2026-07-06 12:25:26,797 [DEBUG] [SystrayMonitor] [systray_widget/systray_monitor.py:164]: Adding TaskbandHWND prop to hwnd 67296
2026-07-06 12:25:26,803 [DEBUG] [SystrayMonitor] [systray_widget/systray_monitor.py:242]: Finding real tray hwnd
2026-07-06 12:25:26,807 [DEBUG] [MainThread] [systray_widget/systray_monitor.py:157]: Sending TaskbarCreated message: 49322
2026-07-06 13:12:58,962 [ERROR] [SystrayMonitor] [root/app_icons.py:282]: GetIconInfo failed: 0
2026-07-06 13:15:28,355 [WARNING] [Dummy-4] [root/event_listener.py:82]: Pipe has been ended: (109, 'PeekNamedPipe', 'The pipe has been ended.')
2026-07-06 13:15:28,355 [INFO] [MainThread] [root/bar_manager.py:92]: Stopping KomorebiEventListener...
2026-07-06 13:15:28,356 [INFO] [MainThread] [root/bar_manager.py:92]: Stopping SystemEventListener...
2026-07-06 13:15:28,356 [INFO] [Dummy-4] [root/event_listener.py:92]: Attempting to reconnect to Komorebi...
2026-07-06 13:15:28,357 [INFO] [MainThread] [root/bar_manager.py:92]: Stopping WindowsNotificationEventListener...
2026-07-06 13:15:28,360 [DEBUG] [MainThread] [systray_widget/systray.py:504]: Saving state to disk
2026-07-06 13:15:28,361 [DEBUG] [MainThread] [systray_widget/systray.py:508]: Saving state to C:\Users\Srinath\AppData\Local\YASB\systray_state_ACERTECHNOLOGIESVG271UM32526057A84212.json
2026-07-06 13:15:28,378 [DEBUG] [MainThread] [systray_widget/utils.py:96]: Destroying window 67296
2026-07-06 18:39:23,866 [INFO] [MainThread] [root/log.py:69]: YASB v1.8.5
2026-07-06 18:39:23,869 [INFO] [Thread-1 (_run_server)] [cli_server/cli_server.py:212]: CLI server started v1.1.4
2026-07-06 18:39:23,870 [INFO] [MainThread] [cli_server/cli_server.py:104]: Log pipe server started
2026-07-06 18:39:26,671 [INFO] [MainThread] [root/service.py:48]: AudioOutputService starting...
2026-07-06 18:39:28,550 [INFO] [MainThread] [root/bar_manager.py:85]: Starting WindowsNotificationEventListener...
2026-07-06 18:39:28,552 [INFO] [MainThread] [root/bar_manager.py:85]: Starting KomorebiEventListener...
2026-07-06 18:39:28,553 [INFO] [MainThread] [root/bar_manager.py:85]: Starting SystemEventListener...
2026-07-06 18:39:28,555 [INFO] [MainThread] [root/watcher.py:54]: Created file watcher for path C:\Users\Srinath\.config\yasb
2026-07-06 18:39:28,556 [INFO] [Dummy-6] [root/event_listener.py:51]: Created named pipe yasb-eb74ccf0-793b-11f1-a82d-b48c9d368940
2026-07-06 18:39:28,705 [INFO] [MainThread] [root/update_service.py:404]: Background update checker started
2026-07-06 18:39:28,706 [DEBUG] [MainThread] [qasync._windows._EventPoller/_windows.py:215]: Starting (proactor: <_IocpProactor overlapped#=0 result#=0>)...
2026-07-06 18:39:28,708 [DEBUG] [Dummy-9] [qasync._windows._EventWorker/_windows.py:195]: Thread started
2026-07-06 18:39:28,713 [DEBUG] [MainThread] [systray_widget/systray.py:526]: Loading state from C:\Users\Srinath\AppData\Local\YASB\systray_state_MLTDDISPLAY1.json
2026-07-06 18:39:28,746 [DEBUG] [SystrayMonitor] [systray_widget/systray.py:57]: Systray thread is starting...
2026-07-06 18:39:29,152 [DEBUG] [MainThread] [systray_widget/systray.py:277]: Systray thread started
2026-07-06 18:39:29,210 [WARNING] [UpdateChecker] [root/update_service.py:274]: Network error checking for updates: [Errno 11001] getaddrinfo failed
2026-07-06 18:39:29,210 [WARNING] [UpdateChecker] [root/update_service.py:400]: Background update check failed: <urlopen error [Errno 11001] getaddrinfo failed>
2026-07-06 18:39:29,353 [DEBUG] [SystrayMonitor] [systray_widget/systray_monitor.py:164]: Adding TaskbandHWND prop to hwnd 67282
2026-07-06 18:39:29,362 [DEBUG] [SystrayMonitor] [systray_widget/systray_monitor.py:242]: Finding real tray hwnd
2026-07-06 18:39:29,367 [DEBUG] [MainThread] [systray_widget/systray_monitor.py:157]: Sending TaskbarCreated message: 49366
2026-07-06 22:20:27,734 [INFO] [Dummy-6] [root/event_listener.py:125]: Komorebi connected to named pipe: yasb-eb74ccf0-793b-11f1-a82d-b48c9d368940
2026-07-06 23:25:21,495 [WARNING] [Dummy-6] [root/event_listener.py:82]: Pipe has been ended: (109, 'PeekNamedPipe', 'The pipe has been ended.')
2026-07-06 23:25:21,495 [INFO] [Dummy-6] [root/event_listener.py:92]: Attempting to reconnect to Komorebi...
2026-07-06 23:25:24,497 [INFO] [Dummy-6] [root/event_listener.py:51]: Created named pipe yasb-eb74ccf0-793b-11f1-a82d-b48c9d368940
2026-07-07 01:04:28,258 [DEBUG] [SystrayMonitor] [systray_widget/utils.py:124]: Could not open process ID 9268. Err: 5
2026-07-07 01:04:28,284 [DEBUG] [SystrayMonitor] [systray_widget/utils.py:124]: Could not open process ID 9268. Err: 5
2026-07-07 01:31:24,358 [INFO] [MainThread] [root/bar_manager.py:92]: Stopping WindowsNotificationEventListener...
2026-07-07 01:31:24,359 [INFO] [MainThread] [root/bar_manager.py:92]: Stopping KomorebiEventListener...
2026-07-07 01:31:24,359 [INFO] [MainThread] [root/bar_manager.py:92]: Stopping SystemEventListener...
2026-07-07 01:31:24,361 [DEBUG] [MainThread] [systray_widget/systray.py:504]: Saving state to disk
2026-07-07 01:31:24,362 [DEBUG] [MainThread] [systray_widget/systray.py:508]: Saving state to C:\Users\Srinath\AppData\Local\YASB\systray_state_MLTDDISPLAY1.json
2026-07-07 01:31:24,378 [DEBUG] [MainThread] [systray_widget/utils.py:96]: Destroying window 67282
2026-07-07 16:53:36,193 [INFO] [MainThread] [root/log.py:69]: YASB v1.8.5
2026-07-07 16:53:36,194 [INFO] [Thread-1 (_run_server)] [cli_server/cli_server.py:212]: CLI server started v1.1.4
2026-07-07 16:53:36,195 [INFO] [MainThread] [cli_server/cli_server.py:104]: Log pipe server started
2026-07-07 16:53:37,541 [INFO] [MainThread] [root/service.py:48]: AudioOutputService starting...
2026-07-07 16:53:38,838 [INFO] [MainThread] [root/bar_manager.py:85]: Starting KomorebiEventListener...
2026-07-07 16:53:38,839 [INFO] [MainThread] [root/bar_manager.py:85]: Starting WindowsNotificationEventListener...
2026-07-07 16:53:38,840 [INFO] [Dummy-4] [root/event_listener.py:51]: Created named pipe yasb-4d2526f3-79f6-11f1-a287-b68c9d368921
2026-07-07 16:53:38,841 [INFO] [MainThread] [root/bar_manager.py:85]: Starting SystemEventListener...
2026-07-07 16:53:38,841 [INFO] [MainThread] [root/watcher.py:54]: Created file watcher for path C:\Users\Srinath\.config\yasb
2026-07-07 16:53:38,976 [INFO] [MainThread] [root/update_service.py:404]: Background update checker started
2026-07-07 16:53:38,976 [DEBUG] [MainThread] [qasync._windows._EventPoller/_windows.py:215]: Starting (proactor: <_IocpProactor overlapped#=0 result#=0>)...
2026-07-07 16:53:38,978 [DEBUG] [Dummy-9] [qasync._windows._EventWorker/_windows.py:195]: Thread started
2026-07-07 16:53:38,981 [DEBUG] [MainThread] [systray_widget/systray.py:526]: Loading state from C:\Users\Srinath\AppData\Local\YASB\systray_state_MLTDDISPLAY1.json
2026-07-07 16:53:39,015 [DEBUG] [SystrayMonitor] [systray_widget/systray.py:57]: Systray thread is starting...
2026-07-07 16:53:39,196 [DEBUG] [MainThread] [systray_widget/systray.py:277]: Systray thread started
2026-07-07 16:53:39,487 [DEBUG] [SystrayMonitor] [systray_widget/systray_monitor.py:164]: Adding TaskbandHWND prop to hwnd 66992
2026-07-07 16:53:39,495 [DEBUG] [SystrayMonitor] [systray_widget/systray_monitor.py:242]: Finding real tray hwnd
2026-07-07 16:53:39,498 [DEBUG] [MainThread] [systray_widget/systray_monitor.py:157]: Sending TaskbarCreated message: 49360
2026-07-07 16:59:46,841 [DEBUG] [SystrayMonitor] [systray_widget/utils.py:124]: Could not open process ID 4440. Err: 5
2026-07-07 16:59:46,879 [DEBUG] [SystrayMonitor] [systray_widget/utils.py:124]: Could not open process ID 4440. Err: 5
2026-07-07 17:09:57,244 [ERROR] [SystrayMonitor] [root/app_icons.py:282]: GetIconInfo failed: 0
2026-07-08 00:05:23,440 [INFO] [Dummy-4] [root/event_listener.py:125]: Komorebi connected to named pipe: yasb-4d2526f3-79f6-11f1-a287-b68c9d368921
2026-07-08 00:07:09,236 [WARNING] [Dummy-4] [root/event_listener.py:82]: Pipe has been ended: (109, 'PeekNamedPipe', 'The pipe has been ended.')
2026-07-08 00:07:09,237 [INFO] [Dummy-4] [root/event_listener.py:92]: Attempting to reconnect to Komorebi...
2026-07-08 00:07:12,245 [INFO] [Dummy-4] [root/event_listener.py:51]: Created named pipe yasb-4d2526f3-79f6-11f1-a287-b68c9d368921
2026-07-08 03:13:29,358 [INFO] [MainThread] [root/bar.py:154]: Screen geometry changed. Updating position for bar status-bar on screen \\.\DISPLAY1
2026-07-08 03:14:17,110 [INFO] [Dummy-4] [root/event_listener.py:125]: Komorebi connected to named pipe: yasb-4d2526f3-79f6-11f1-a287-b68c9d368921
2026-07-08 03:33:57,819 [INFO] [MainThread] [root/controller.py:15]: Reloading Bar from context menu...
2026-07-08 03:33:57,933 [INFO] [MainThread] [cli_server/cli_server.py:112]: Log pipe server stopped
2026-07-08 03:33:57,934 [DEBUG] [MainThread] [cli_server/cli_server.py:206]: CLI server stopped
2026-07-08 03:33:58,809 [INFO] [MainThread] [root/bar_manager.py:92]: Stopping KomorebiEventListener...
2026-07-08 03:33:58,810 [INFO] [MainThread] [root/bar_manager.py:92]: Stopping WindowsNotificationEventListener...
2026-07-08 03:33:58,810 [INFO] [MainThread] [root/bar_manager.py:92]: Stopping SystemEventListener...
2026-07-08 03:33:58,814 [INFO] [Dummy-4] [root/event_listener.py:92]: Attempting to reconnect to Komorebi...
2026-07-08 03:33:58,819 [DEBUG] [MainThread] [systray_widget/systray.py:504]: Saving state to disk
2026-07-08 03:33:58,820 [DEBUG] [MainThread] [systray_widget/systray.py:508]: Saving state to C:\Users\Srinath\AppData\Local\YASB\systray_state_MLTDDISPLAY1.json
2026-07-08 03:33:58,835 [DEBUG] [MainThread] [systray_widget/utils.py:96]: Destroying window 66992
2026-07-08 03:33:58,853 [DEBUG] [MainThread] [qasync._windows._EventPoller/_windows.py:220]: Stopping worker thread...
2026-07-08 03:33:58,865 [DEBUG] [Dummy-9] [qasync._windows._EventWorker/_windows.py:204]: Exiting thread
2026-07-08 03:33:58,870 [DEBUG] [MainThread] [qasync._windows._IocpProactor/_windows.py:78]: Closing
2026-07-08 03:33:58,939 [DEBUG] [MainThread] [systray_widget/utils.py:96]: Destroying window 66992
2026-07-08 03:34:00,122 [INFO] [MainThread] [root/log.py:69]: YASB v1.8.5
2026-07-08 03:34:00,124 [INFO] [Thread-1 (_run_server)] [cli_server/cli_server.py:212]: CLI server started v1.1.4
2026-07-08 03:34:00,124 [INFO] [MainThread] [cli_server/cli_server.py:104]: Log pipe server started
2026-07-08 03:34:01,869 [INFO] [MainThread] [root/service.py:48]: AudioOutputService starting...
2026-07-08 03:34:03,017 [INFO] [MainThread] [root/bar_manager.py:85]: Starting KomorebiEventListener...
2026-07-08 03:34:03,017 [INFO] [MainThread] [root/bar_manager.py:85]: Starting SystemEventListener...
2026-07-08 03:34:03,018 [INFO] [MainThread] [root/bar_manager.py:85]: Starting WindowsNotificationEventListener...
2026-07-08 03:34:03,019 [INFO] [MainThread] [root/watcher.py:54]: Created file watcher for path C:\Users\Srinath\.config\yasb
2026-07-08 03:34:03,020 [INFO] [Dummy-6] [root/event_listener.py:51]: Created named pipe yasb-c3bd8058-7a4f-11f1-b5fd-b68c9d368921
2026-07-08 03:34:03,185 [INFO] [MainThread] [root/update_service.py:404]: Background update checker started
2026-07-08 03:34:03,185 [DEBUG] [MainThread] [qasync._windows._EventPoller/_windows.py:215]: Starting (proactor: <_IocpProactor overlapped#=0 result#=0>)...
2026-07-08 03:34:03,227 [DEBUG] [Dummy-9] [qasync._windows._EventWorker/_windows.py:195]: Thread started
2026-07-08 03:34:03,241 [INFO] [Dummy-6] [root/event_listener.py:125]: Komorebi connected to named pipe: yasb-c3bd8058-7a4f-11f1-b5fd-b68c9d368921
2026-07-08 03:34:03,244 [DEBUG] [MainThread] [systray_widget/systray.py:526]: Loading state from C:\Users\Srinath\AppData\Local\YASB\systray_state_ACERTECHNOLOGIESVG271UM32526057A84212.json
2026-07-08 03:34:03,270 [DEBUG] [SystrayMonitor] [systray_widget/systray.py:57]: Systray thread is starting...
2026-07-08 03:34:03,781 [DEBUG] [MainThread] [systray_widget/systray.py:277]: Systray thread started
2026-07-08 03:34:03,989 [DEBUG] [SystrayMonitor] [systray_widget/systray_monitor.py:164]: Adding TaskbandHWND prop to hwnd 852736
2026-07-08 03:34:03,999 [DEBUG] [SystrayMonitor] [systray_widget/systray_monitor.py:242]: Finding real tray hwnd
2026-07-08 03:34:04,006 [DEBUG] [MainThread] [systray_widget/systray_monitor.py:157]: Sending TaskbarCreated message: 49360
2026-07-08 12:12:57,393 [INFO] [MainThread] [root/bar.py:154]: Screen geometry changed. Updating position for bar status-bar on screen VG271U M3
2026-07-08 12:13:54,067 [INFO] [MainThread] [root/bar.py:154]: Screen geometry changed. Updating position for bar status-bar on screen VG271U M3
2026-07-08 12:16:45,803 [WARNING] [Dummy-6] [root/event_listener.py:82]: Pipe has been ended: (109, 'PeekNamedPipe', 'The pipe has been ended.')
2026-07-08 12:16:45,803 [INFO] [Dummy-6] [root/event_listener.py:92]: Attempting to reconnect to Komorebi...
2026-07-08 12:16:48,804 [INFO] [Dummy-6] [root/event_listener.py:51]: Created named pipe yasb-c3bd8058-7a4f-11f1-b5fd-b68c9d368921
2026-07-08 12:20:07,666 [INFO] [Dummy-6] [root/event_listener.py:125]: Komorebi connected to named pipe: yasb-c3bd8058-7a4f-11f1-b5fd-b68c9d368921
2026-07-09 01:38:59,134 [INFO] [MainThread] [root/bar_manager.py:80]: Screens updated. Re-initialising all bars.
2026-07-09 01:38:59,134 [INFO] [MainThread] [root/controller.py:15]: Reloading Application because of screen update.
2026-07-09 01:38:59,244 [INFO] [MainThread] [cli_server/cli_server.py:112]: Log pipe server stopped
2026-07-09 01:38:59,245 [DEBUG] [MainThread] [cli_server/cli_server.py:206]: CLI server stopped
2026-07-09 01:39:03,400 [INFO] [MainThread] [root/log.py:69]: YASB v1.8.5
2026-07-09 01:39:03,402 [INFO] [Thread-1 (_run_server)] [cli_server/cli_server.py:212]: CLI server started v1.1.4
2026-07-09 01:39:03,402 [INFO] [MainThread] [cli_server/cli_server.py:104]: Log pipe server started
2026-07-09 01:39:03,403 [INFO] [MainThread] [root/main.py:45]: Waiting for previous YASB instance to exit...
2026-07-09 01:39:05,767 [INFO] [MainThread] [root/bar_manager.py:92]: Stopping KomorebiEventListener...
2026-07-09 01:39:05,767 [INFO] [MainThread] [root/bar_manager.py:92]: Stopping SystemEventListener...
2026-07-09 01:39:05,768 [INFO] [MainThread] [root/bar_manager.py:92]: Stopping WindowsNotificationEventListener...
2026-07-09 01:39:05,775 [INFO] [Dummy-6] [root/event_listener.py:92]: Attempting to reconnect to Komorebi...
2026-07-09 01:39:05,792 [DEBUG] [MainThread] [systray_widget/systray.py:504]: Saving state to disk
2026-07-09 01:39:05,793 [DEBUG] [MainThread] [systray_widget/systray.py:508]: Saving state to C:\Users\Srinath\AppData\Local\YASB\systray_state_ACERTECHNOLOGIESVG271UM32526057A84212.json
2026-07-09 01:39:05,813 [DEBUG] [MainThread] [systray_widget/utils.py:96]: Destroying window 852736
2026-07-09 01:39:06,859 [DEBUG] [MainThread] [qasync._windows._EventPoller/_windows.py:220]: Stopping worker thread...
2026-07-09 01:39:06,867 [DEBUG] [Dummy-9] [qasync._windows._EventWorker/_windows.py:204]: Exiting thread
2026-07-09 01:39:06,873 [DEBUG] [MainThread] [qasync._windows._IocpProactor/_windows.py:78]: Closing
2026-07-09 01:39:06,966 [DEBUG] [MainThread] [systray_widget/utils.py:96]: Destroying window 852736
2026-07-09 01:39:07,161 [INFO] [MainThread] [root/main.py:71]: Previous instance exited, continuing startup.
2026-07-09 01:39:11,897 [INFO] [MainThread] [root/service.py:48]: AudioOutputService starting...
2026-07-09 01:39:17,812 [INFO] [MainThread] [root/bar_manager.py:80]: Screens updated. Re-initialising all bars.
2026-07-09 01:39:17,813 [INFO] [MainThread] [root/controller.py:15]: Reloading Application because of screen update.
2026-07-09 01:39:17,914 [INFO] [MainThread] [cli_server/cli_server.py:112]: Log pipe server stopped
2026-07-09 01:39:17,914 [DEBUG] [MainThread] [cli_server/cli_server.py:206]: CLI server stopped
2026-07-09 01:39:19,299 [DEBUG] [MainThread] [systray_widget/systray.py:526]: Loading state from C:\Users\Srinath\AppData\Local\YASB\systray_state_ACERTECHNOLOGIESVG271UM32526057A84212.json
2026-07-09 01:39:19,362 [DEBUG] [SystrayMonitor] [systray_widget/systray.py:57]: Systray thread is starting...
2026-07-09 01:39:21,210 [DEBUG] [MainThread] [systray_widget/systray.py:526]: Loading state from C:\Users\Srinath\AppData\Local\YASB\systray_state_ACERTECHNOLOGIESVG271UM32526057A84212.json
2026-07-09 01:39:25,200 [DEBUG] [SystrayMonitor] [systray_widget/systray_monitor.py:242]: Finding real tray hwnd
2026-07-09 01:39:25,407 [ERROR] [MainThread] [root/main.py:156]: Exception during application startup
Traceback (most recent call last):
  File "main.py", line 154, in <module>
  File "main.py", line 106, in main
  File "D:\a\yasb\yasb\src\core\bar_manager.py", line 135, in initialize_bars
  File "D:\a\yasb\yasb\src\core\bar_manager.py", line 176, in create_bar
  File "D:\a\yasb\yasb\src\core\bar.py", line 50, in __init__
RuntimeError: wrapped C/C++ object of type QScreen has been deleted
2026-07-09 01:39:25,409 [DEBUG] [MainThread] [systray_widget/utils.py:96]: Destroying window 1705606
2026-07-09 01:39:26,250 [INFO] [MainThread] [root/log.py:69]: YASB v1.8.5
2026-07-09 01:39:26,251 [INFO] [Thread-1 (_run_server)] [cli_server/cli_server.py:212]: CLI server started v1.1.4
2026-07-09 01:39:26,252 [INFO] [MainThread] [cli_server/cli_server.py:104]: Log pipe server started
2026-07-09 01:39:29,024 [INFO] [MainThread] [root/service.py:48]: AudioOutputService starting...
2026-07-09 01:39:30,485 [INFO] [MainThread] [root/bar_manager.py:85]: Starting KomorebiEventListener...
2026-07-09 01:39:30,485 [INFO] [MainThread] [root/bar_manager.py:85]: Starting SystemEventListener...
2026-07-09 01:39:30,486 [INFO] [MainThread] [root/bar_manager.py:85]: Starting WindowsNotificationEventListener...
2026-07-09 01:39:30,488 [INFO] [MainThread] [root/watcher.py:54]: Created file watcher for path C:\Users\Srinath\.config\yasb
2026-07-09 01:39:30,650 [INFO] [Dummy-6] [root/event_listener.py:51]: Created named pipe yasb-edce1118-7b08-11f1-b90b-b68c9d368921
2026-07-09 01:39:30,744 [INFO] [MainThread] [root/update_service.py:404]: Background update checker started
2026-07-09 01:39:30,744 [DEBUG] [MainThread] [qasync._windows._EventPoller/_windows.py:215]: Starting (proactor: <_IocpProactor overlapped#=0 result#=0>)...
2026-07-09 01:39:30,752 [DEBUG] [Dummy-9] [qasync._windows._EventWorker/_windows.py:195]: Thread started
2026-07-09 01:39:30,772 [DEBUG] [MainThread] [systray_widget/systray.py:526]: Loading state from C:\Users\Srinath\AppData\Local\YASB\systray_state_ACERTECHNOLOGIESVG271UM32526057A84212.json
2026-07-09 01:39:30,804 [DEBUG] [SystrayMonitor] [systray_widget/systray.py:57]: Systray thread is starting...
2026-07-09 01:39:31,865 [DEBUG] [MainThread] [systray_widget/systray.py:277]: Systray thread started
2026-07-09 01:39:31,885 [DEBUG] [SystrayMonitor] [systray_widget/systray_monitor.py:242]: Finding real tray hwnd
2026-07-09 01:39:32,239 [DEBUG] [SystrayMonitor] [systray_widget/systray_monitor.py:164]: Adding TaskbandHWND prop to hwnd 527306
2026-07-09 01:39:32,270 [DEBUG] [MainThread] [systray_widget/systray_monitor.py:157]: Sending TaskbarCreated message: 49360
2026-07-09 01:39:42,416 [ERROR] [MainThread] [root/gpu.py:170]: Error updating shared GPU data: Command '['C:\\WINDOWS\\system32\\nvidia-smi.EXE', '--query-gpu=index,utilization.gpu,memory.total,memory.used,memory.free,temperature.gpu,fan.speed', '--format=csv,noheader,nounits']' timed out after 2 seconds
2026-07-09 01:48:39,824 [INFO] [MainThread] [root/controller.py:15]: Reloading Bar from context menu...
2026-07-09 01:48:39,935 [INFO] [MainThread] [cli_server/cli_server.py:112]: Log pipe server stopped
2026-07-09 01:48:39,935 [DEBUG] [MainThread] [cli_server/cli_server.py:206]: CLI server stopped
2026-07-09 01:48:40,255 [INFO] [MainThread] [root/bar_manager.py:92]: Stopping KomorebiEventListener...
2026-07-09 01:48:40,255 [INFO] [MainThread] [root/bar_manager.py:92]: Stopping SystemEventListener...
2026-07-09 01:48:40,255 [INFO] [MainThread] [root/bar_manager.py:92]: Stopping WindowsNotificationEventListener...
2026-07-09 01:48:40,265 [DEBUG] [MainThread] [systray_widget/systray.py:504]: Saving state to disk
2026-07-09 01:48:40,266 [DEBUG] [MainThread] [systray_widget/systray.py:508]: Saving state to C:\Users\Srinath\AppData\Local\YASB\systray_state_ACERTECHNOLOGIESVG271UM32526057A84212.json
2026-07-09 01:48:40,268 [DEBUG] [MainThread] [systray_widget/utils.py:96]: Destroying window 527306
2026-07-09 01:48:40,280 [DEBUG] [MainThread] [qasync._windows._EventPoller/_windows.py:220]: Stopping worker thread...
2026-07-09 01:48:40,293 [DEBUG] [Dummy-9] [qasync._windows._EventWorker/_windows.py:204]: Exiting thread
2026-07-09 01:48:40,299 [DEBUG] [MainThread] [qasync._windows._IocpProactor/_windows.py:78]: Closing
2026-07-09 01:48:40,362 [DEBUG] [MainThread] [systray_widget/utils.py:96]: Destroying window 527306
2026-07-09 01:48:40,550 [INFO] [MainThread] [root/log.py:69]: YASB v1.8.5
2026-07-09 01:48:40,552 [INFO] [Thread-1 (_run_server)] [cli_server/cli_server.py:212]: CLI server started v1.1.4
2026-07-09 01:48:40,553 [INFO] [MainThread] [cli_server/cli_server.py:104]: Log pipe server started
2026-07-09 01:48:41,621 [INFO] [MainThread] [root/service.py:48]: AudioOutputService starting...
2026-07-09 01:48:42,495 [INFO] [MainThread] [root/bar_manager.py:85]: Starting SystemEventListener...
2026-07-09 01:48:42,495 [INFO] [MainThread] [root/bar_manager.py:85]: Starting WindowsNotificationEventListener...
2026-07-09 01:48:42,496 [INFO] [MainThread] [root/bar_manager.py:85]: Starting KomorebiEventListener...
2026-07-09 01:48:42,497 [INFO] [MainThread] [root/watcher.py:54]: Created file watcher for path C:\Users\Srinath\.config\yasb
2026-07-09 01:48:42,506 [INFO] [Dummy-6] [root/event_listener.py:51]: Created named pipe yasb-36d4583f-7b0a-11f1-bb41-b68c9d368921
2026-07-09 01:48:42,622 [INFO] [MainThread] [root/update_service.py:404]: Background update checker started
2026-07-09 01:48:42,622 [DEBUG] [MainThread] [qasync._windows._EventPoller/_windows.py:215]: Starting (proactor: <_IocpProactor overlapped#=0 result#=0>)...
2026-07-09 01:48:42,626 [DEBUG] [Dummy-9] [qasync._windows._EventWorker/_windows.py:195]: Thread started
2026-07-09 01:48:42,637 [DEBUG] [MainThread] [systray_widget/systray.py:526]: Loading state from C:\Users\Srinath\AppData\Local\YASB\systray_state_ACERTECHNOLOGIESVG271UM32526057A84212.json
2026-07-09 01:48:42,648 [DEBUG] [SystrayMonitor] [systray_widget/systray.py:57]: Systray thread is starting...
2026-07-09 01:48:43,039 [DEBUG] [MainThread] [systray_widget/systray.py:277]: Systray thread started
2026-07-09 01:48:43,241 [DEBUG] [SystrayMonitor] [systray_widget/systray_monitor.py:164]: Adding TaskbandHWND prop to hwnd 401808
2026-07-09 01:48:43,248 [DEBUG] [SystrayMonitor] [systray_widget/systray_monitor.py:242]: Finding real tray hwnd
2026-07-09 01:48:43,253 [DEBUG] [MainThread] [systray_widget/systray_monitor.py:157]: Sending TaskbarCreated message: 49360
2026-07-09 01:48:58,014 [INFO] [Dummy-6] [root/event_listener.py:125]: Komorebi connected to named pipe: yasb-36d4583f-7b0a-11f1-bb41-b68c9d368921
2026-07-09 13:05:29,905 [INFO] [MainThread] [root/bar.py:154]: Screen geometry changed. Updating position for bar status-bar on screen VG271U M3
2026-07-09 13:05:54,210 [INFO] [MainThread] [root/bar.py:154]: Screen geometry changed. Updating position for bar status-bar on screen VG271U M3
2026-07-09 14:59:27,869 [INFO] [MainThread] [root/log.py:69]: YASB v1.8.5
2026-07-09 14:59:27,870 [INFO] [Thread-1 (_run_server)] [cli_server/cli_server.py:212]: CLI server started v1.1.4
2026-07-09 14:59:27,870 [INFO] [MainThread] [cli_server/cli_server.py:104]: Log pipe server started
2026-07-09 14:59:29,317 [INFO] [MainThread] [root/service.py:48]: AudioOutputService starting...
2026-07-09 14:59:30,623 [INFO] [MainThread] [root/bar_manager.py:85]: Starting SystemEventListener...
2026-07-09 14:59:30,623 [INFO] [MainThread] [root/bar_manager.py:85]: Starting WindowsNotificationEventListener...
2026-07-09 14:59:30,625 [INFO] [MainThread] [root/bar_manager.py:85]: Starting KomorebiEventListener...
2026-07-09 14:59:30,625 [INFO] [MainThread] [root/watcher.py:54]: Created file watcher for path C:\Users\Srinath\.config\yasb
2026-07-09 14:59:30,627 [INFO] [Dummy-6] [root/event_listener.py:51]: Created named pipe yasb-b01e2890-7b78-11f1-a3d5-b48c9d368940
2026-07-09 14:59:30,770 [INFO] [MainThread] [root/update_service.py:404]: Background update checker started
2026-07-09 14:59:30,770 [DEBUG] [MainThread] [qasync._windows._EventPoller/_windows.py:215]: Starting (proactor: <_IocpProactor overlapped#=0 result#=0>)...
2026-07-09 14:59:30,772 [DEBUG] [Dummy-9] [qasync._windows._EventWorker/_windows.py:195]: Thread started
2026-07-09 14:59:30,775 [DEBUG] [MainThread] [systray_widget/systray.py:526]: Loading state from C:\Users\Srinath\AppData\Local\YASB\systray_state_MLTDDISPLAY1.json
2026-07-09 14:59:30,812 [DEBUG] [SystrayMonitor] [systray_widget/systray.py:57]: Systray thread is starting...
2026-07-09 14:59:30,924 [DEBUG] [SystrayMonitor] [systray_widget/systray_monitor.py:242]: Finding real tray hwnd
2026-07-09 14:59:31,007 [DEBUG] [MainThread] [systray_widget/systray.py:277]: Systray thread started
2026-07-09 14:59:31,284 [WARNING] [UpdateChecker] [root/update_service.py:274]: Network error checking for updates: [Errno 11001] getaddrinfo failed
2026-07-09 14:59:31,284 [WARNING] [UpdateChecker] [root/update_service.py:400]: Background update check failed: <urlopen error [Errno 11001] getaddrinfo failed>
2026-07-09 14:59:31,288 [DEBUG] [SystrayMonitor] [systray_widget/systray_monitor.py:164]: Adding TaskbandHWND prop to hwnd 67078
2026-07-09 14:59:31,299 [DEBUG] [MainThread] [systray_widget/systray_monitor.py:157]: Sending TaskbarCreated message: 49359
2026-07-09 16:24:27,038 [INFO] [Dummy-6] [root/event_listener.py:125]: Komorebi connected to named pipe: yasb-b01e2890-7b78-11f1-a3d5-b48c9d368940
2026-07-09 21:01:55,197 [INFO] [MainThread] [root/bar.py:154]: Screen geometry changed. Updating position for bar status-bar on screen \\.\DISPLAY1
2026-07-10 00:23:33,503 [ERROR] [SystrayMonitor] [root/app_icons.py:282]: GetIconInfo failed: 0
2026-07-10 01:42:24,754 [WARNING] [Dummy-6] [root/event_listener.py:82]: Pipe has been ended: (109, 'PeekNamedPipe', 'The pipe has been ended.')
2026-07-10 01:42:24,757 [INFO] [Dummy-6] [root/event_listener.py:92]: Attempting to reconnect to Komorebi...
2026-07-10 01:42:27,758 [INFO] [Dummy-6] [root/event_listener.py:51]: Created named pipe yasb-b01e2890-7b78-11f1-a3d5-b48c9d368940
2026-07-10 01:44:30,348 [INFO] [Dummy-6] [root/event_listener.py:125]: Komorebi connected to named pipe: yasb-b01e2890-7b78-11f1-a3d5-b48c9d368940
2026-07-10 04:06:16,871 [INFO] [MainThread] [root/controller.py:35]: Exiting Application...
2026-07-10 04:06:16,983 [INFO] [MainThread] [cli_server/cli_server.py:112]: Log pipe server stopped
2026-07-10 04:06:16,984 [DEBUG] [MainThread] [cli_server/cli_server.py:206]: CLI server stopped
2026-07-10 04:06:17,513 [INFO] [MainThread] [root/bar_manager.py:92]: Stopping SystemEventListener...
2026-07-10 04:06:17,513 [INFO] [MainThread] [root/bar_manager.py:92]: Stopping WindowsNotificationEventListener...
2026-07-10 04:06:17,514 [INFO] [MainThread] [root/bar_manager.py:92]: Stopping KomorebiEventListener...
2026-07-10 04:06:17,527 [DEBUG] [MainThread] [systray_widget/systray.py:504]: Saving state to disk
2026-07-10 04:06:17,528 [DEBUG] [MainThread] [systray_widget/systray.py:508]: Saving state to C:\Users\Srinath\AppData\Local\YASB\systray_state_MLTDDISPLAY1.json
2026-07-10 04:06:17,529 [INFO] [Dummy-6] [root/event_listener.py:92]: Attempting to reconnect to Komorebi...
2026-07-10 04:06:17,558 [DEBUG] [MainThread] [systray_widget/utils.py:96]: Destroying window 67078
2026-07-10 04:06:17,609 [DEBUG] [MainThread] [qasync._windows._EventPoller/_windows.py:220]: Stopping worker thread...
2026-07-10 04:06:17,623 [DEBUG] [Dummy-9] [qasync._windows._EventWorker/_windows.py:204]: Exiting thread
2026-07-10 04:06:17,643 [DEBUG] [MainThread] [qasync._windows._IocpProactor/_windows.py:78]: Closing
2026-07-10 04:06:17,855 [DEBUG] [MainThread] [systray_widget/utils.py:96]: Destroying window 67078
2026-07-10 04:16:44,918 [INFO] [MainThread] [root/log.py:69]: YASB v1.8.5
2026-07-10 04:16:44,919 [INFO] [Thread-1 (_run_server)] [cli_server/cli_server.py:212]: CLI server started v1.1.4
2026-07-10 04:16:44,920 [INFO] [MainThread] [cli_server/cli_server.py:104]: Log pipe server started
2026-07-10 04:16:46,563 [INFO] [MainThread] [root/service.py:48]: AudioOutputService starting...
2026-07-10 04:16:47,877 [INFO] [MainThread] [root/bar_manager.py:85]: Starting SystemEventListener...
2026-07-10 04:16:47,878 [INFO] [MainThread] [root/bar_manager.py:85]: Starting WindowsNotificationEventListener...
2026-07-10 04:16:47,879 [INFO] [MainThread] [root/bar_manager.py:85]: Starting KomorebiEventListener...
2026-07-10 04:16:47,880 [INFO] [MainThread] [root/watcher.py:54]: Created file watcher for path C:\Users\Srinath\.config\yasb
2026-07-10 04:16:47,954 [INFO] [Dummy-6] [root/event_listener.py:51]: Created named pipe yasb-1157efc3-7be8-11f1-b438-b68c9d368921
2026-07-10 04:16:48,021 [INFO] [MainThread] [root/update_service.py:404]: Background update checker started
2026-07-10 04:16:48,021 [DEBUG] [MainThread] [qasync._windows._EventPoller/_windows.py:215]: Starting (proactor: <_IocpProactor overlapped#=0 result#=0>)...
2026-07-10 04:16:48,023 [DEBUG] [Dummy-9] [qasync._windows._EventWorker/_windows.py:195]: Thread started
2026-07-10 04:16:48,027 [DEBUG] [MainThread] [systray_widget/systray.py:526]: Loading state from C:\Users\Srinath\AppData\Local\YASB\systray_state_ACERTECHNOLOGIESVG271UM32526057A84212.json
2026-07-10 04:16:48,057 [DEBUG] [SystrayMonitor] [systray_widget/systray.py:57]: Systray thread is starting...
2026-07-10 04:16:48,295 [DEBUG] [MainThread] [systray_widget/systray.py:277]: Systray thread started
2026-07-10 04:16:48,502 [DEBUG] [SystrayMonitor] [systray_widget/systray_monitor.py:164]: Adding TaskbandHWND prop to hwnd 67256
2026-07-10 04:16:48,510 [DEBUG] [SystrayMonitor] [systray_widget/systray_monitor.py:242]: Finding real tray hwnd
2026-07-10 04:16:48,514 [DEBUG] [MainThread] [systray_widget/systray_monitor.py:157]: Sending TaskbarCreated message: 49367
2026-07-10 04:17:35,017 [INFO] [Dummy-6] [root/event_listener.py:125]: Komorebi connected to named pipe: yasb-1157efc3-7be8-11f1-b438-b68c9d368921
2026-07-10 10:10:50,091 [INFO] [MainThread] [root/bar_manager.py:80]: Screens updated. Re-initialising all bars.
2026-07-10 10:10:50,092 [INFO] [MainThread] [root/controller.py:15]: Reloading Application because of screen update.
2026-07-10 10:10:50,208 [INFO] [MainThread] [cli_server/cli_server.py:112]: Log pipe server stopped
2026-07-10 10:10:50,208 [DEBUG] [MainThread] [cli_server/cli_server.py:206]: CLI server stopped
2026-07-10 10:10:50,407 [INFO] [MainThread] [root/bar_manager.py:80]: Screens updated. Re-initialising all bars.
2026-07-10 10:10:50,407 [INFO] [MainThread] [root/controller.py:15]: Reloading Application because of screen update.
2026-07-10 10:10:50,515 [INFO] [MainThread] [cli_server/cli_server.py:112]: Log pipe server stopped
2026-07-10 10:10:50,516 [DEBUG] [MainThread] [cli_server/cli_server.py:206]: CLI server stopped
2026-07-10 10:10:52,720 [INFO] [MainThread] [root/bar_manager.py:92]: Stopping SystemEventListener...
2026-07-10 10:10:52,721 [INFO] [MainThread] [root/bar_manager.py:92]: Stopping WindowsNotificationEventListener...
2026-07-10 10:10:52,721 [INFO] [MainThread] [root/bar_manager.py:92]: Stopping KomorebiEventListener...
2026-07-10 10:10:52,732 [DEBUG] [MainThread] [systray_widget/systray.py:504]: Saving state to disk
2026-07-10 10:10:52,733 [DEBUG] [MainThread] [systray_widget/systray.py:508]: Saving state to C:\Users\Srinath\AppData\Local\YASB\systray_state_DISPLAY1.json
2026-07-10 10:10:52,736 [INFO] [Dummy-6] [root/event_listener.py:92]: Attempting to reconnect to Komorebi...
2026-07-10 10:10:52,752 [DEBUG] [MainThread] [systray_widget/utils.py:96]: Destroying window 67256
2026-07-10 10:10:52,762 [DEBUG] [MainThread] [qasync._windows._EventPoller/_windows.py:220]: Stopping worker thread...
2026-07-10 10:10:52,775 [DEBUG] [Dummy-9] [qasync._windows._EventWorker/_windows.py:204]: Exiting thread
2026-07-10 10:10:52,777 [DEBUG] [MainThread] [qasync._windows._IocpProactor/_windows.py:78]: Closing
2026-07-10 10:10:52,814 [DEBUG] [MainThread] [systray_widget/utils.py:96]: Destroying window 67256
2026-07-10 10:10:53,309 [INFO] [MainThread] [root/log.py:69]: YASB v1.8.5
2026-07-10 10:10:53,309 [INFO] [MainThread] [root/log.py:69]: YASB v1.8.5
2026-07-10 10:10:53,313 [INFO] [Thread-1 (_run_server)] [cli_server/cli_server.py:212]: CLI server started v1.1.4
2026-07-10 10:10:53,313 [INFO] [Thread-1 (_run_server)] [cli_server/cli_server.py:212]: CLI server started v1.1.4
2026-07-10 10:10:53,314 [INFO] [MainThread] [cli_server/cli_server.py:104]: Log pipe server started
2026-07-10 10:10:53,315 [INFO] [MainThread] [root/main.py:45]: Waiting for previous YASB instance to exit...
2026-07-10 10:10:55,264 [INFO] [MainThread] [root/service.py:48]: AudioOutputService starting...
2026-07-10 10:10:55,992 [INFO] [MainThread] [root/bar_manager.py:85]: Starting SystemEventListener...
2026-07-10 10:10:55,992 [INFO] [MainThread] [root/bar_manager.py:85]: Starting WindowsNotificationEventListener...
2026-07-10 10:10:55,994 [INFO] [MainThread] [root/bar_manager.py:85]: Starting KomorebiEventListener...
2026-07-10 10:10:55,995 [INFO] [MainThread] [root/watcher.py:54]: Created file watcher for path C:\Users\Srinath\.config\yasb
2026-07-10 10:10:56,004 [INFO] [Dummy-6] [root/event_listener.py:51]: Created named pipe yasb-8a34eceb-7c19-11f1-93ac-b68c9d368921
2026-07-10 10:10:56,147 [INFO] [MainThread] [root/update_service.py:404]: Background update checker started
2026-07-10 10:10:56,147 [DEBUG] [MainThread] [qasync._windows._EventPoller/_windows.py:215]: Starting (proactor: <_IocpProactor overlapped#=0 result#=0>)...
2026-07-10 10:10:56,149 [DEBUG] [Dummy-9] [qasync._windows._EventWorker/_windows.py:195]: Thread started
2026-07-10 10:10:56,155 [DEBUG] [MainThread] [systray_widget/systray.py:526]: Loading state from C:\Users\Srinath\AppData\Local\YASB\systray_state_DISPLAY1.json
2026-07-10 10:10:56,158 [DEBUG] [SystrayMonitor] [systray_widget/systray.py:57]: Systray thread is starting...
2026-07-10 10:10:56,217 [DEBUG] [SystrayMonitor] [systray_widget/systray_monitor.py:242]: Finding real tray hwnd
2026-07-10 10:10:56,618 [WARNING] [UpdateChecker] [root/update_service.py:274]: Network error checking for updates: [Errno 11001] getaddrinfo failed
2026-07-10 10:10:56,618 [WARNING] [UpdateChecker] [root/update_service.py:400]: Background update check failed: <urlopen error [Errno 11001] getaddrinfo failed>
2026-07-10 10:10:56,995 [INFO] [Dummy-6] [root/event_listener.py:125]: Komorebi connected to named pipe: yasb-8a34eceb-7c19-11f1-93ac-b68c9d368921
2026-07-10 10:10:57,649 [DEBUG] [MainThread] [systray_widget/systray.py:277]: Systray thread started
2026-07-10 10:10:57,650 [INFO] [MainThread] [root/bar.py:154]: Screen geometry changed. Updating position for bar status-bar on screen \\.\DISPLAY1
2026-07-10 10:10:57,850 [DEBUG] [SystrayMonitor] [systray_widget/systray_monitor.py:164]: Adding TaskbandHWND prop to hwnd 132834
2026-07-10 10:11:52,750 [ERROR] [MainThread] [root/main.py:68]: Timeout waiting for previous instance. Aborting start.
2026-07-10 10:11:53,288 [DEBUG] [MainThread] [systray_widget/systray_monitor.py:157]: Sending TaskbarCreated message: 49367
2026-07-10 10:11:56,390 [INFO] [MainThread] [root/bar.py:154]: Screen geometry changed. Updating position for bar status-bar on screen \\.\DISPLAY1
2026-07-10 10:56:25,740 [INFO] [MainThread] [root/controller.py:35]: Exiting Application...
2026-07-10 10:56:25,844 [INFO] [MainThread] [cli_server/cli_server.py:112]: Log pipe server stopped
2026-07-10 10:56:25,844 [DEBUG] [MainThread] [cli_server/cli_server.py:206]: CLI server stopped
2026-07-10 10:56:26,166 [INFO] [MainThread] [root/bar_manager.py:92]: Stopping SystemEventListener...
2026-07-10 10:56:26,167 [INFO] [MainThread] [root/bar_manager.py:92]: Stopping WindowsNotificationEventListener...
2026-07-10 10:56:26,167 [INFO] [MainThread] [root/bar_manager.py:92]: Stopping KomorebiEventListener...
2026-07-10 10:56:26,174 [DEBUG] [MainThread] [systray_widget/systray.py:504]: Saving state to disk
2026-07-10 10:56:26,175 [DEBUG] [MainThread] [systray_widget/systray.py:508]: Saving state to C:\Users\Srinath\AppData\Local\YASB\systray_state_DISPLAY1.json
2026-07-10 10:56:26,176 [DEBUG] [MainThread] [systray_widget/utils.py:96]: Destroying window 132834
2026-07-10 10:56:26,197 [DEBUG] [MainThread] [qasync._windows._EventPoller/_windows.py:220]: Stopping worker thread...
2026-07-10 10:56:26,198 [DEBUG] [Dummy-9] [qasync._windows._EventWorker/_windows.py:204]: Exiting thread
2026-07-10 10:56:26,200 [DEBUG] [MainThread] [qasync._windows._IocpProactor/_windows.py:78]: Closing
2026-07-10 10:56:26,210 [INFO] [Dummy-6] [root/event_listener.py:92]: Attempting to reconnect to Komorebi...
2026-07-10 10:56:26,245 [DEBUG] [MainThread] [systray_widget/utils.py:96]: Destroying window 132834
2026-07-10 10:58:29,842 [INFO] [MainThread] [root/log.py:69]: YASB v1.8.5
2026-07-10 10:58:29,844 [INFO] [Thread-1 (_run_server)] [cli_server/cli_server.py:212]: CLI server started v1.1.4
2026-07-10 10:58:29,844 [INFO] [MainThread] [cli_server/cli_server.py:104]: Log pipe server started
2026-07-10 10:58:31,449 [INFO] [MainThread] [root/service.py:48]: AudioOutputService starting...
2026-07-10 10:58:32,673 [INFO] [MainThread] [root/bar_manager.py:85]: Starting WindowsNotificationEventListener...
2026-07-10 10:58:32,674 [INFO] [MainThread] [root/bar_manager.py:85]: Starting KomorebiEventListener...
2026-07-10 10:58:32,674 [INFO] [MainThread] [root/bar_manager.py:85]: Starting SystemEventListener...
2026-07-10 10:58:32,675 [INFO] [MainThread] [root/watcher.py:54]: Created file watcher for path C:\Users\Srinath\.config\yasb
2026-07-10 10:58:32,677 [INFO] [Dummy-6] [root/event_listener.py:51]: Created named pipe yasb-30ebad5b-7c20-11f1-9540-b68c9d368921
2026-07-10 10:58:32,810 [INFO] [MainThread] [root/update_service.py:404]: Background update checker started
2026-07-10 10:58:32,810 [DEBUG] [MainThread] [qasync._windows._EventPoller/_windows.py:215]: Starting (proactor: <_IocpProactor overlapped#=0 result#=0>)...
2026-07-10 10:58:32,840 [DEBUG] [Dummy-9] [qasync._windows._EventWorker/_windows.py:195]: Thread started
2026-07-10 10:58:32,847 [DEBUG] [MainThread] [systray_widget/systray.py:526]: Loading state from C:\Users\Srinath\AppData\Local\YASB\systray_state_ACERTECHNOLOGIESVG271UM32526057A84212.json
2026-07-10 10:58:32,859 [DEBUG] [SystrayMonitor] [systray_widget/systray.py:57]: Systray thread is starting...
2026-07-10 10:58:32,912 [DEBUG] [SystrayMonitor] [systray_widget/systray_monitor.py:242]: Finding real tray hwnd
2026-07-10 10:58:33,094 [DEBUG] [MainThread] [systray_widget/systray.py:277]: Systray thread started
2026-07-10 10:58:33,408 [DEBUG] [SystrayMonitor] [systray_widget/systray_monitor.py:164]: Adding TaskbandHWND prop to hwnd 67048
2026-07-10 10:58:33,418 [DEBUG] [MainThread] [systray_widget/systray_monitor.py:157]: Sending TaskbarCreated message: 49367
2026-07-10 15:40:38,063 [INFO] [Dummy-6] [root/event_listener.py:125]: Komorebi connected to named pipe: yasb-30ebad5b-7c20-11f1-9540-b68c9d368921
2026-07-10 15:54:42,993 [ERROR] [SystrayMonitor] [root/app_icons.py:282]: GetIconInfo failed: 0
2026-07-10 16:08:53,732 [INFO] [MainThread] [root/controller.py:35]: Exiting Application...
2026-07-10 16:08:53,847 [INFO] [MainThread] [cli_server/cli_server.py:112]: Log pipe server stopped
2026-07-10 16:08:53,847 [DEBUG] [MainThread] [cli_server/cli_server.py:206]: CLI server stopped
2026-07-10 16:08:54,307 [INFO] [MainThread] [root/bar_manager.py:92]: Stopping WindowsNotificationEventListener...
2026-07-10 16:08:54,308 [INFO] [MainThread] [root/bar_manager.py:92]: Stopping KomorebiEventListener...
2026-07-10 16:08:54,309 [INFO] [MainThread] [root/bar_manager.py:92]: Stopping SystemEventListener...
2026-07-10 16:08:54,342 [INFO] [Dummy-6] [root/event_listener.py:92]: Attempting to reconnect to Komorebi...
2026-07-10 16:08:54,357 [DEBUG] [MainThread] [systray_widget/systray.py:504]: Saving state to disk
2026-07-10 16:08:54,358 [DEBUG] [MainThread] [systray_widget/systray.py:508]: Saving state to C:\Users\Srinath\AppData\Local\YASB\systray_state_ACERTECHNOLOGIESVG271UM32526057A84212.json
2026-07-10 16:08:54,392 [DEBUG] [MainThread] [systray_widget/utils.py:96]: Destroying window 67048
2026-07-10 16:08:54,424 [DEBUG] [MainThread] [qasync._windows._EventPoller/_windows.py:220]: Stopping worker thread...
2026-07-10 16:08:54,438 [DEBUG] [Dummy-9] [qasync._windows._EventWorker/_windows.py:204]: Exiting thread
2026-07-10 16:08:54,441 [DEBUG] [MainThread] [qasync._windows._IocpProactor/_windows.py:78]: Closing
2026-07-10 16:08:54,564 [DEBUG] [MainThread] [systray_widget/utils.py:96]: Destroying window 67048
2026-07-10 16:10:40,573 [INFO] [MainThread] [root/log.py:69]: YASB v1.8.5
2026-07-10 16:10:40,574 [INFO] [Thread-1 (_run_server)] [cli_server/cli_server.py:212]: CLI server started v1.1.4
2026-07-10 16:10:40,575 [INFO] [MainThread] [cli_server/cli_server.py:104]: Log pipe server started
2026-07-10 16:10:42,101 [INFO] [MainThread] [root/service.py:48]: AudioOutputService starting...
2026-07-10 16:10:43,230 [INFO] [MainThread] [root/bar_manager.py:85]: Starting SystemEventListener...
2026-07-10 16:10:43,231 [INFO] [MainThread] [root/bar_manager.py:85]: Starting WindowsNotificationEventListener...
2026-07-10 16:10:43,233 [INFO] [MainThread] [root/bar_manager.py:85]: Starting KomorebiEventListener...
2026-07-10 16:10:43,234 [INFO] [MainThread] [root/watcher.py:54]: Created file watcher for path C:\Users\Srinath\.config\yasb
2026-07-10 16:10:43,235 [INFO] [Dummy-6] [root/event_listener.py:51]: Created named pipe yasb-cd343ae9-7c4b-11f1-b9e9-b48c9d368940
2026-07-10 16:10:43,363 [INFO] [MainThread] [root/update_service.py:404]: Background update checker started
2026-07-10 16:10:43,364 [DEBUG] [MainThread] [qasync._windows._EventPoller/_windows.py:215]: Starting (proactor: <_IocpProactor overlapped#=0 result#=0>)...
2026-07-10 16:10:43,366 [DEBUG] [Dummy-9] [qasync._windows._EventWorker/_windows.py:195]: Thread started
2026-07-10 16:10:43,369 [DEBUG] [MainThread] [systray_widget/systray.py:526]: Loading state from C:\Users\Srinath\AppData\Local\YASB\systray_state_ACERTECHNOLOGIESVG271UM32526057A84212.json
2026-07-10 16:10:43,403 [DEBUG] [SystrayMonitor] [systray_widget/systray.py:57]: Systray thread is starting...
2026-07-10 16:10:43,638 [DEBUG] [MainThread] [systray_widget/systray.py:277]: Systray thread started
2026-07-10 16:10:43,839 [DEBUG] [SystrayMonitor] [systray_widget/systray_monitor.py:164]: Adding TaskbandHWND prop to hwnd 67072
2026-07-10 16:10:43,846 [DEBUG] [SystrayMonitor] [systray_widget/systray_monitor.py:242]: Finding real tray hwnd
2026-07-10 16:10:43,849 [DEBUG] [MainThread] [systray_widget/systray_monitor.py:157]: Sending TaskbarCreated message: 49343
2026-07-10 16:11:15,107 [INFO] [Dummy-6] [root/event_listener.py:125]: Komorebi connected to named pipe: yasb-cd343ae9-7c4b-11f1-b9e9-b48c9d368940
2026-07-10 16:15:18,235 [ERROR] [SystrayMonitor] [root/app_icons.py:282]: GetIconInfo failed: 0
2026-07-10 17:06:20,906 [INFO] [MainThread] [root/bar_manager.py:80]: Screens updated. Re-initialising all bars.
2026-07-10 17:06:20,906 [INFO] [MainThread] [root/controller.py:15]: Reloading Application because of screen update.
2026-07-10 17:06:21,020 [INFO] [MainThread] [cli_server/cli_server.py:112]: Log pipe server stopped
2026-07-10 17:06:21,021 [DEBUG] [MainThread] [cli_server/cli_server.py:206]: CLI server stopped
2026-07-10 17:06:34,956 [INFO] [MainThread] [root/bar.py:154]: Screen geometry changed. Updating position for bar status-bar on screen VG271U M3
2026-07-10 17:06:38,497 [INFO] [MainThread] [root/bar_manager.py:92]: Stopping SystemEventListener...
2026-07-10 17:06:38,502 [INFO] [MainThread] [root/bar_manager.py:92]: Stopping WindowsNotificationEventListener...
2026-07-10 17:06:38,507 [INFO] [MainThread] [root/bar_manager.py:92]: Stopping KomorebiEventListener...
2026-07-10 17:06:38,514 [INFO] [Dummy-6] [root/event_listener.py:92]: Attempting to reconnect to Komorebi...
2026-07-10 17:06:38,604 [DEBUG] [MainThread] [systray_widget/systray.py:504]: Saving state to disk
2026-07-10 17:06:38,611 [DEBUG] [MainThread] [systray_widget/systray.py:508]: Saving state to C:\Users\Srinath\AppData\Local\YASB\systray_state_ACERTECHNOLOGIESVG271UM32526057A84212.json
2026-07-10 17:06:38,631 [DEBUG] [MainThread] [systray_widget/utils.py:96]: Destroying window 67072
2026-07-10 17:06:38,771 [DEBUG] [MainThread] [qasync._windows._EventPoller/_windows.py:220]: Stopping worker thread...
2026-07-10 17:06:38,783 [DEBUG] [Dummy-9] [qasync._windows._EventWorker/_windows.py:204]: Exiting thread
2026-07-10 17:06:38,832 [DEBUG] [MainThread] [qasync._windows._IocpProactor/_windows.py:78]: Closing
2026-07-10 17:06:39,612 [DEBUG] [MainThread] [systray_widget/utils.py:96]: Destroying window 67072
2026-07-10 17:06:40,159 [INFO] [MainThread] [root/log.py:69]: YASB v1.8.5
2026-07-10 17:06:40,169 [INFO] [Thread-1 (_run_server)] [cli_server/cli_server.py:212]: CLI server started v1.1.4
2026-07-10 17:06:40,174 [INFO] [MainThread] [cli_server/cli_server.py:104]: Log pipe server started
2026-07-10 17:06:53,320 [INFO] [MainThread] [root/service.py:48]: AudioOutputService starting...
2026-07-10 18:58:09,171 [INFO] [MainThread] [root/bar_manager.py:80]: Screens updated. Re-initialising all bars.
2026-07-10 18:58:09,171 [INFO] [MainThread] [root/controller.py:15]: Reloading Application because of screen update.
2026-07-10 18:58:09,272 [INFO] [MainThread] [cli_server/cli_server.py:112]: Log pipe server stopped
2026-07-10 18:58:09,272 [DEBUG] [MainThread] [cli_server/cli_server.py:206]: CLI server stopped
2026-07-10 18:58:09,284 [DEBUG] [MainThread] [systray_widget/systray.py:526]: Loading state from C:\Users\Srinath\AppData\Local\YASB\systray_state_ACERTECHNOLOGIESVG271UM32526057A84212.json
2026-07-10 18:58:09,289 [DEBUG] [SystrayMonitor] [systray_widget/systray.py:57]: Systray thread is starting...
2026-07-10 18:58:09,942 [DEBUG] [MainThread] [systray_widget/systray.py:526]: Loading state from C:\Users\Srinath\AppData\Local\YASB\systray_state_MLTDDISPLAY1.json
2026-07-10 18:58:10,946 [DEBUG] [SystrayMonitor] [systray_widget/systray_monitor.py:242]: Finding real tray hwnd
2026-07-10 18:58:11,150 [INFO] [MainThread] [root/bar_manager.py:85]: Starting KomorebiEventListener...
2026-07-10 18:58:11,151 [INFO] [MainThread] [root/bar_manager.py:85]: Starting SystemEventListener...
2026-07-10 18:58:11,151 [INFO] [MainThread] [root/bar_manager.py:85]: Starting WindowsNotificationEventListener...
2026-07-10 18:58:11,153 [INFO] [MainThread] [root/watcher.py:54]: Created file watcher for path C:\Users\Srinath\.config\yasb
2026-07-10 18:58:11,154 [INFO] [Dummy-10] [root/event_listener.py:51]: Created named pipe yasb-323abdec-7c63-11f1-afbd-b48c9d368940
2026-07-10 18:58:11,349 [INFO] [MainThread] [root/log.py:69]: YASB v1.8.5
2026-07-10 18:58:11,350 [INFO] [Thread-1 (_run_server)] [cli_server/cli_server.py:212]: CLI server started v1.1.4
2026-07-10 18:58:11,350 [INFO] [MainThread] [cli_server/cli_server.py:104]: Log pipe server started
2026-07-10 18:58:11,350 [INFO] [MainThread] [root/main.py:45]: Waiting for previous YASB instance to exit...
2026-07-10 18:58:18,527 [INFO] [MainThread] [root/update_service.py:404]: Background update checker started
2026-07-10 18:58:18,530 [DEBUG] [MainThread] [qasync._windows._EventPoller/_windows.py:215]: Starting (proactor: <_IocpProactor overlapped#=0 result#=0>)...
2026-07-10 18:58:18,544 [DEBUG] [Dummy-13] [qasync._windows._EventWorker/_windows.py:195]: Thread started
2026-07-10 18:58:18,557 [DEBUG] [MainThread] [systray_widget/systray.py:277]: Systray thread started
2026-07-10 18:58:19,140 [INFO] [MainThread] [root/bar_manager.py:92]: Stopping KomorebiEventListener...
2026-07-10 18:58:19,140 [INFO] [MainThread] [root/bar_manager.py:92]: Stopping SystemEventListener...
2026-07-10 18:58:19,140 [INFO] [MainThread] [root/bar_manager.py:92]: Stopping WindowsNotificationEventListener...
2026-07-10 18:58:19,154 [DEBUG] [MainThread] [systray_widget/systray.py:504]: Saving state to disk
2026-07-10 18:58:19,155 [DEBUG] [MainThread] [systray_widget/systray.py:508]: Saving state to C:\Users\Srinath\AppData\Local\YASB\systray_state_MLTDDISPLAY1.json
2026-07-10 18:58:19,157 [DEBUG] [MainThread] [systray_widget/utils.py:96]: Destroying window 788572
2026-07-10 18:58:19,158 [DEBUG] [MainThread] [systray_widget/systray.py:504]: Saving state to disk
2026-07-10 18:58:19,159 [DEBUG] [MainThread] [systray_widget/systray.py:508]: Saving state to C:\Users\Srinath\AppData\Local\YASB\systray_state_MLTDDISPLAY1.json
2026-07-10 18:58:19,171 [DEBUG] [MainThread] [systray_widget/utils.py:96]: Destroying window 788572
2026-07-10 18:58:19,214 [DEBUG] [MainThread] [qasync._windows._EventPoller/_windows.py:220]: Stopping worker thread...
2026-07-10 18:58:19,220 [DEBUG] [Dummy-13] [qasync._windows._EventWorker/_windows.py:204]: Exiting thread
2026-07-10 18:58:19,223 [DEBUG] [MainThread] [qasync._windows._IocpProactor/_windows.py:78]: Closing
2026-07-10 18:58:19,275 [DEBUG] [MainThread] [systray_widget/utils.py:96]: Destroying window 788572
2026-07-10 18:58:19,372 [INFO] [MainThread] [root/main.py:71]: Previous instance exited, continuing startup.
2026-07-10 18:58:20,835 [INFO] [MainThread] [root/service.py:48]: AudioOutputService starting...
2026-07-10 18:58:21,659 [INFO] [MainThread] [root/bar_manager.py:85]: Starting WindowsNotificationEventListener...
2026-07-10 18:58:21,661 [INFO] [MainThread] [root/bar_manager.py:85]: Starting SystemEventListener...
2026-07-10 18:58:21,661 [INFO] [MainThread] [root/bar_manager.py:85]: Starting KomorebiEventListener...
2026-07-10 18:58:21,662 [INFO] [MainThread] [root/watcher.py:54]: Created file watcher for path C:\Users\Srinath\.config\yasb
2026-07-10 18:58:21,664 [INFO] [Dummy-6] [root/event_listener.py:51]: Created named pipe yasb-387e7fea-7c63-11f1-8905-b48c9d368940
2026-07-10 18:58:21,746 [INFO] [MainThread] [root/update_service.py:404]: Background update checker started
2026-07-10 18:58:21,747 [DEBUG] [MainThread] [qasync._windows._EventPoller/_windows.py:215]: Starting (proactor: <_IocpProactor overlapped#=0 result#=0>)...
2026-07-10 18:58:21,750 [DEBUG] [Dummy-9] [qasync._windows._EventWorker/_windows.py:195]: Thread started
2026-07-10 18:58:21,763 [DEBUG] [MainThread] [systray_widget/systray.py:526]: Loading state from C:\Users\Srinath\AppData\Local\YASB\systray_state_ACERTECHNOLOGIESVG271UM32526057A84212.json
2026-07-10 18:58:21,775 [DEBUG] [SystrayMonitor] [systray_widget/systray.py:57]: Systray thread is starting...
2026-07-10 18:58:21,790 [INFO] [Dummy-6] [root/event_listener.py:125]: Komorebi connected to named pipe: yasb-387e7fea-7c63-11f1-8905-b48c9d368940
2026-07-10 18:58:24,187 [DEBUG] [SystrayMonitor] [systray_widget/systray_monitor.py:242]: Finding real tray hwnd
2026-07-10 20:24:40,453 [INFO] [MainThread] [root/controller.py:35]: Exiting Application...
2026-07-10 20:24:40,562 [INFO] [MainThread] [cli_server/cli_server.py:112]: Log pipe server stopped
2026-07-10 20:24:40,562 [DEBUG] [MainThread] [cli_server/cli_server.py:206]: CLI server stopped
2026-07-10 20:24:40,948 [INFO] [MainThread] [root/bar_manager.py:92]: Stopping WindowsNotificationEventListener...
2026-07-10 20:24:40,949 [INFO] [MainThread] [root/bar_manager.py:92]: Stopping SystemEventListener...
2026-07-10 20:24:40,949 [INFO] [MainThread] [root/bar_manager.py:92]: Stopping KomorebiEventListener...
2026-07-10 20:24:40,957 [DEBUG] [MainThread] [systray_widget/systray.py:504]: Saving state to disk
2026-07-10 20:24:40,958 [DEBUG] [MainThread] [systray_widget/systray.py:508]: Saving state to C:\Users\Srinath\AppData\Local\YASB\systray_state_ACERTECHNOLOGIESVG271UM32526057A84212.json
2026-07-10 20:24:40,959 [DEBUG] [MainThread] [systray_widget/utils.py:96]: Destroying window 525886
2026-07-10 20:24:40,969 [INFO] [Dummy-6] [root/event_listener.py:92]: Attempting to reconnect to Komorebi...
2026-07-10 20:24:40,990 [DEBUG] [MainThread] [qasync._windows._EventPoller/_windows.py:220]: Stopping worker thread...
2026-07-10 20:24:40,995 [DEBUG] [Dummy-9] [qasync._windows._EventWorker/_windows.py:204]: Exiting thread
2026-07-10 20:24:41,000 [DEBUG] [MainThread] [qasync._windows._IocpProactor/_windows.py:78]: Closing
2026-07-10 20:24:41,133 [DEBUG] [MainThread] [systray_widget/utils.py:96]: Destroying window 525886
2026-07-10 20:26:35,125 [INFO] [MainThread] [root/log.py:69]: YASB v1.8.5
2026-07-10 20:26:35,127 [INFO] [Thread-1 (_run_server)] [cli_server/cli_server.py:212]: CLI server started v1.1.4
2026-07-10 20:26:35,128 [INFO] [MainThread] [cli_server/cli_server.py:104]: Log pipe server started
2026-07-10 20:26:36,583 [INFO] [MainThread] [root/service.py:48]: AudioOutputService starting...
2026-07-10 20:26:37,548 [INFO] [MainThread] [root/bar_manager.py:85]: Starting SystemEventListener...
2026-07-10 20:26:37,549 [INFO] [MainThread] [root/bar_manager.py:85]: Starting KomorebiEventListener...
2026-07-10 20:26:37,549 [INFO] [MainThread] [root/bar_manager.py:85]: Starting WindowsNotificationEventListener...
2026-07-10 20:26:37,550 [INFO] [Dummy-4] [root/event_listener.py:51]: Created named pipe yasb-8d16cd46-7c6f-11f1-b8ac-b68c9d368921
2026-07-10 20:26:37,551 [INFO] [MainThread] [root/watcher.py:54]: Created file watcher for path C:\Users\Srinath\.config\yasb
2026-07-10 20:26:37,688 [INFO] [MainThread] [root/update_service.py:404]: Background update checker started
2026-07-10 20:26:37,688 [DEBUG] [MainThread] [qasync._windows._EventPoller/_windows.py:215]: Starting (proactor: <_IocpProactor overlapped#=0 result#=0>)...
2026-07-10 20:26:37,690 [DEBUG] [Dummy-9] [qasync._windows._EventWorker/_windows.py:195]: Thread started
2026-07-10 20:26:37,692 [DEBUG] [MainThread] [systray_widget/systray.py:526]: Loading state from C:\Users\Srinath\AppData\Local\YASB\systray_state_ACERTECHNOLOGIESVG271UM32526057A84212.json
2026-07-10 20:26:37,723 [DEBUG] [SystrayMonitor] [systray_widget/systray.py:57]: Systray thread is starting...
2026-07-10 20:26:37,956 [DEBUG] [MainThread] [systray_widget/systray.py:277]: Systray thread started
2026-07-10 20:26:38,158 [DEBUG] [SystrayMonitor] [systray_widget/systray_monitor.py:164]: Adding TaskbandHWND prop to hwnd 67154
2026-07-10 20:26:38,166 [DEBUG] [SystrayMonitor] [systray_widget/systray_monitor.py:242]: Finding real tray hwnd
2026-07-10 20:26:38,170 [DEBUG] [MainThread] [systray_widget/systray_monitor.py:157]: Sending TaskbarCreated message: 49367
2026-07-10 20:29:11,144 [INFO] [Dummy-4] [root/event_listener.py:125]: Komorebi connected to named pipe: yasb-8d16cd46-7c6f-11f1-b8ac-b68c9d368921
2026-07-10 23:43:03,969 [ERROR] [SystrayMonitor] [root/app_icons.py:282]: GetIconInfo failed: 0
2026-07-11 04:44:09,320 [INFO] [MainThread] [root/controller.py:35]: Exiting Application...
2026-07-11 04:44:09,432 [INFO] [MainThread] [cli_server/cli_server.py:112]: Log pipe server stopped
2026-07-11 04:44:09,432 [DEBUG] [MainThread] [cli_server/cli_server.py:206]: CLI server stopped
2026-07-11 04:44:09,755 [INFO] [MainThread] [root/bar_manager.py:92]: Stopping SystemEventListener...
2026-07-11 04:44:09,755 [INFO] [MainThread] [root/bar_manager.py:92]: Stopping KomorebiEventListener...
2026-07-11 04:44:09,756 [INFO] [MainThread] [root/bar_manager.py:92]: Stopping WindowsNotificationEventListener...
2026-07-11 04:44:09,764 [DEBUG] [MainThread] [systray_widget/systray.py:504]: Saving state to disk
2026-07-11 04:44:09,765 [DEBUG] [MainThread] [systray_widget/systray.py:508]: Saving state to C:\Users\Srinath\AppData\Local\YASB\systray_state_ACERTECHNOLOGIESVG271UM32526057A84212.json
2026-07-11 04:44:09,781 [DEBUG] [MainThread] [systray_widget/utils.py:96]: Destroying window 67154
2026-07-11 04:44:09,785 [INFO] [Dummy-4] [root/event_listener.py:92]: Attempting to reconnect to Komorebi...
2026-07-11 04:44:09,819 [DEBUG] [MainThread] [qasync._windows._EventPoller/_windows.py:220]: Stopping worker thread...
2026-07-11 04:44:09,833 [DEBUG] [Dummy-9] [qasync._windows._EventWorker/_windows.py:204]: Exiting thread
2026-07-11 04:44:09,841 [DEBUG] [MainThread] [qasync._windows._IocpProactor/_windows.py:78]: Closing
2026-07-11 04:44:09,956 [DEBUG] [MainThread] [systray_widget/utils.py:96]: Destroying window 67154
2026-07-11 04:46:07,513 [INFO] [MainThread] [root/log.py:69]: YASB v1.8.5
2026-07-11 04:46:07,514 [INFO] [Thread-1 (_run_server)] [cli_server/cli_server.py:212]: CLI server started v1.1.4
2026-07-11 04:46:07,514 [INFO] [MainThread] [cli_server/cli_server.py:104]: Log pipe server started
2026-07-11 04:46:09,056 [INFO] [MainThread] [root/service.py:48]: AudioOutputService starting...
2026-07-11 04:46:10,159 [INFO] [MainThread] [root/bar_manager.py:85]: Starting KomorebiEventListener...
2026-07-11 04:46:10,160 [INFO] [MainThread] [root/bar_manager.py:85]: Starting SystemEventListener...
2026-07-11 04:46:10,160 [INFO] [MainThread] [root/bar_manager.py:85]: Starting WindowsNotificationEventListener...
2026-07-11 04:46:10,161 [INFO] [Dummy-4] [root/event_listener.py:51]: Created named pipe yasb-56284a8c-7cb5-11f1-bd6e-b68c9d368921
2026-07-11 04:46:10,161 [INFO] [MainThread] [root/watcher.py:54]: Created file watcher for path C:\Users\Srinath\.config\yasb
2026-07-11 04:46:10,299 [INFO] [MainThread] [root/update_service.py:404]: Background update checker started
2026-07-11 04:46:10,299 [DEBUG] [MainThread] [qasync._windows._EventPoller/_windows.py:215]: Starting (proactor: <_IocpProactor overlapped#=0 result#=0>)...
2026-07-11 04:46:10,301 [DEBUG] [Dummy-9] [qasync._windows._EventWorker/_windows.py:195]: Thread started
2026-07-11 04:46:10,304 [DEBUG] [MainThread] [systray_widget/systray.py:526]: Loading state from C:\Users\Srinath\AppData\Local\YASB\systray_state_ACERTECHNOLOGIESVG271UM32526057A84212.json
2026-07-11 04:46:10,334 [DEBUG] [SystrayMonitor] [systray_widget/systray.py:57]: Systray thread is starting...
2026-07-11 04:46:10,577 [DEBUG] [MainThread] [systray_widget/systray.py:277]: Systray thread started
2026-07-11 04:46:10,778 [DEBUG] [SystrayMonitor] [systray_widget/systray_monitor.py:164]: Adding TaskbandHWND prop to hwnd 67138
2026-07-11 04:46:10,785 [DEBUG] [SystrayMonitor] [systray_widget/systray_monitor.py:242]: Finding real tray hwnd
2026-07-11 04:46:10,788 [DEBUG] [MainThread] [systray_widget/systray_monitor.py:157]: Sending TaskbarCreated message: 49367
2026-07-11 17:26:51,819 [INFO] [MainThread] [root/bar.py:154]: Screen geometry changed. Updating position for bar status-bar on screen VG271U M3
2026-07-11 17:31:15,037 [INFO] [MainThread] [root/bar_manager.py:80]: Screens updated. Re-initialising all bars.
2026-07-11 17:31:15,037 [INFO] [MainThread] [root/controller.py:15]: Reloading Application because of screen update.
2026-07-11 17:31:15,143 [INFO] [MainThread] [cli_server/cli_server.py:112]: Log pipe server stopped
2026-07-11 17:31:15,143 [DEBUG] [MainThread] [cli_server/cli_server.py:206]: CLI server stopped
2026-07-11 17:31:15,411 [INFO] [MainThread] [root/bar_manager.py:80]: Screens updated. Re-initialising all bars.
2026-07-11 17:31:15,411 [INFO] [MainThread] [root/controller.py:15]: Reloading Application because of screen update.
2026-07-11 17:31:15,518 [INFO] [MainThread] [cli_server/cli_server.py:112]: Log pipe server stopped
2026-07-11 17:31:15,518 [DEBUG] [MainThread] [cli_server/cli_server.py:206]: CLI server stopped
2026-07-11 17:31:15,950 [INFO] [MainThread] [root/bar_manager.py:80]: Screens updated. Re-initialising all bars.
2026-07-11 17:31:15,951 [INFO] [MainThread] [root/controller.py:15]: Reloading Application because of screen update.
2026-07-11 17:31:16,057 [INFO] [MainThread] [cli_server/cli_server.py:112]: Log pipe server stopped
2026-07-11 17:31:16,057 [DEBUG] [MainThread] [cli_server/cli_server.py:206]: CLI server stopped
2026-07-11 17:31:16,057 [INFO] [MainThread] [root/bar_manager.py:92]: Stopping KomorebiEventListener...
2026-07-11 17:31:16,057 [INFO] [MainThread] [root/bar_manager.py:92]: Stopping SystemEventListener...
2026-07-11 17:31:16,058 [INFO] [MainThread] [root/bar_manager.py:92]: Stopping WindowsNotificationEventListener...
2026-07-11 17:31:16,063 [DEBUG] [MainThread] [systray_widget/systray.py:504]: Saving state to disk
2026-07-11 17:31:16,064 [DEBUG] [MainThread] [systray_widget/systray.py:508]: Saving state to C:\Users\Srinath\AppData\Local\YASB\systray_state_ACERTECHNOLOGIESVG271UM32526057A84212.json
2026-07-11 17:31:16,078 [DEBUG] [MainThread] [systray_widget/utils.py:96]: Destroying window 67138
2026-07-11 17:31:16,082 [DEBUG] [MainThread] [qasync._windows._EventPoller/_windows.py:220]: Stopping worker thread...
2026-07-11 17:31:16,088 [DEBUG] [Dummy-9] [qasync._windows._EventWorker/_windows.py:204]: Exiting thread
2026-07-11 17:31:16,091 [DEBUG] [MainThread] [qasync._windows._IocpProactor/_windows.py:78]: Closing
2026-07-11 17:31:16,142 [DEBUG] [MainThread] [systray_widget/utils.py:96]: Destroying window 67138
2026-07-11 17:31:17,438 [INFO] [MainThread] [root/log.py:69]: YASB v1.8.5
2026-07-11 17:31:17,438 [INFO] [MainThread] [root/log.py:69]: YASB v1.8.5
2026-07-11 17:31:17,439 [INFO] [Thread-1 (_run_server)] [cli_server/cli_server.py:212]: CLI server started v1.1.4
2026-07-11 17:31:17,439 [INFO] [MainThread] [cli_server/cli_server.py:104]: Log pipe server started
2026-07-11 17:31:17,439 [INFO] [Thread-1 (_run_server)] [cli_server/cli_server.py:212]: CLI server started v1.1.4
2026-07-11 17:31:17,439 [INFO] [Thread-1 (_run_server)] [cli_server/cli_server.py:212]: CLI server started v1.1.4
2026-07-11 17:31:17,440 [INFO] [MainThread] [cli_server/cli_server.py:104]: Log pipe server started
2026-07-11 17:31:17,440 [INFO] [MainThread] [cli_server/cli_server.py:104]: Log pipe server started
2026-07-11 17:31:17,440 [INFO] [MainThread] [root/main.py:45]: Waiting for previous YASB instance to exit...
2026-07-11 17:31:18,989 [INFO] [MainThread] [root/service.py:48]: AudioOutputService starting...
2026-07-11 17:31:19,733 [INFO] [MainThread] [root/bar_manager.py:85]: Starting KomorebiEventListener...
2026-07-11 17:31:19,734 [INFO] [MainThread] [root/bar_manager.py:85]: Starting SystemEventListener...
2026-07-11 17:31:19,734 [INFO] [MainThread] [root/bar_manager.py:85]: Starting WindowsNotificationEventListener...
2026-07-11 17:31:19,735 [INFO] [Dummy-4] [root/event_listener.py:51]: Created named pipe yasb-3a655aa6-7d20-11f1-8f40-b68c9d368921
2026-07-11 17:31:19,736 [INFO] [MainThread] [root/watcher.py:54]: Created file watcher for path C:\Users\Srinath\.config\yasb
2026-07-11 17:31:19,882 [INFO] [MainThread] [root/update_service.py:404]: Background update checker started
2026-07-11 17:31:19,883 [DEBUG] [MainThread] [qasync._windows._EventPoller/_windows.py:215]: Starting (proactor: <_IocpProactor overlapped#=0 result#=0>)...
2026-07-11 17:31:19,911 [DEBUG] [Dummy-9] [qasync._windows._EventWorker/_windows.py:195]: Thread started
2026-07-11 17:31:19,914 [DEBUG] [MainThread] [systray_widget/systray.py:526]: Loading state from C:\Users\Srinath\AppData\Local\YASB\systray_state_ACERTECHNOLOGIESVG271UM32526057A84212.json
2026-07-11 17:31:19,921 [DEBUG] [SystrayMonitor] [systray_widget/systray.py:57]: Systray thread is starting...
2026-07-11 17:31:20,126 [DEBUG] [MainThread] [systray_widget/systray.py:277]: Systray thread started
2026-07-11 17:31:20,328 [DEBUG] [SystrayMonitor] [systray_widget/systray_monitor.py:164]: Adding TaskbandHWND prop to hwnd 132720
2026-07-11 17:31:20,333 [DEBUG] [SystrayMonitor] [systray_widget/systray_monitor.py:242]: Finding real tray hwnd
2026-07-11 17:31:20,336 [DEBUG] [MainThread] [systray_widget/systray_monitor.py:157]: Sending TaskbarCreated message: 49367
2026-07-11 17:31:27,470 [ERROR] [MainThread] [root/main.py:68]: Timeout waiting for previous instance. Aborting start.
2026-07-11 17:31:27,473 [ERROR] [MainThread] [root/main.py:68]: Timeout waiting for previous instance. Aborting start.
2026-07-12 02:14:00,142 [INFO] [Dummy-4] [root/event_listener.py:125]: Komorebi connected to named pipe: yasb-3a655aa6-7d20-11f1-8f40-b68c9d368921
2026-07-12 02:21:08,847 [ERROR] [SystrayMonitor] [root/app_icons.py:282]: GetIconInfo failed: 0
2026-07-12 04:44:53,957 [INFO] [MainThread] [root/bar_manager.py:80]: Screens updated. Re-initialising all bars.
2026-07-12 04:44:53,957 [INFO] [MainThread] [root/controller.py:15]: Reloading Application because of screen update.
2026-07-12 04:44:54,060 [INFO] [MainThread] [cli_server/cli_server.py:112]: Log pipe server stopped
2026-07-12 04:44:54,060 [DEBUG] [MainThread] [cli_server/cli_server.py:206]: CLI server stopped
2026-07-12 04:44:54,192 [INFO] [MainThread] [root/bar_manager.py:80]: Screens updated. Re-initialising all bars.
2026-07-12 04:44:54,193 [INFO] [MainThread] [root/controller.py:15]: Reloading Application because of screen update.
2026-07-12 04:44:54,295 [INFO] [MainThread] [cli_server/cli_server.py:112]: Log pipe server stopped
2026-07-12 04:44:54,295 [DEBUG] [MainThread] [cli_server/cli_server.py:206]: CLI server stopped
2026-07-12 04:44:54,296 [INFO] [MainThread] [root/bar_manager.py:92]: Stopping KomorebiEventListener...
2026-07-12 04:44:54,296 [INFO] [MainThread] [root/bar_manager.py:92]: Stopping SystemEventListener...
2026-07-12 04:44:54,296 [INFO] [MainThread] [root/bar_manager.py:92]: Stopping WindowsNotificationEventListener...
2026-07-12 04:44:54,306 [INFO] [Dummy-4] [root/event_listener.py:92]: Attempting to reconnect to Komorebi...
2026-07-12 04:44:54,307 [DEBUG] [MainThread] [systray_widget/systray.py:504]: Saving state to disk
2026-07-12 04:44:54,307 [DEBUG] [MainThread] [systray_widget/systray.py:508]: Saving state to C:\Users\Srinath\AppData\Local\YASB\systray_state_MLTDDISPLAY1.json
2026-07-12 04:44:54,321 [DEBUG] [MainThread] [systray_widget/utils.py:96]: Destroying window 132720
2026-07-12 04:44:54,331 [DEBUG] [MainThread] [qasync._windows._EventPoller/_windows.py:220]: Stopping worker thread...
2026-07-12 04:44:54,342 [DEBUG] [Dummy-9] [qasync._windows._EventWorker/_windows.py:204]: Exiting thread
2026-07-12 04:44:54,348 [DEBUG] [MainThread] [qasync._windows._IocpProactor/_windows.py:78]: Closing
2026-07-12 04:44:54,614 [DEBUG] [MainThread] [systray_widget/utils.py:96]: Destroying window 132720
2026-07-12 04:44:55,704 [INFO] [MainThread] [root/log.py:69]: YASB v1.8.5
2026-07-12 04:44:55,704 [INFO] [MainThread] [root/log.py:69]: YASB v1.8.5
2026-07-12 04:44:55,704 [INFO] [Thread-1 (_run_server)] [cli_server/cli_server.py:212]: CLI server started v1.1.4
2026-07-12 04:44:55,705 [INFO] [MainThread] [cli_server/cli_server.py:104]: Log pipe server started
2026-07-12 04:44:55,705 [INFO] [Thread-1 (_run_server)] [cli_server/cli_server.py:212]: CLI server started v1.1.4
2026-07-12 04:44:55,706 [INFO] [MainThread] [cli_server/cli_server.py:104]: Log pipe server started
2026-07-12 04:44:55,706 [INFO] [MainThread] [root/main.py:45]: Waiting for previous YASB instance to exit...
2026-07-12 04:44:57,071 [INFO] [MainThread] [root/service.py:48]: AudioOutputService starting...
2026-07-12 04:44:58,603 [INFO] [MainThread] [root/bar_manager.py:85]: Starting SystemEventListener...
2026-07-12 04:44:58,603 [INFO] [MainThread] [root/bar_manager.py:85]: Starting WindowsNotificationEventListener...
2026-07-12 04:44:58,605 [INFO] [MainThread] [root/bar_manager.py:85]: Starting KomorebiEventListener...
2026-07-12 04:44:58,606 [INFO] [MainThread] [root/watcher.py:54]: Created file watcher for path C:\Users\Srinath\.config\yasb
2026-07-12 04:44:58,713 [INFO] [Dummy-6] [root/event_listener.py:51]: Created named pipe yasb-55ebb30a-7d7e-11f1-a0dc-b68c9d368921
2026-07-12 04:44:59,003 [INFO] [MainThread] [root/update_service.py:404]: Background update checker started
2026-07-12 04:44:59,004 [DEBUG] [MainThread] [qasync._windows._EventPoller/_windows.py:215]: Starting (proactor: <_IocpProactor overlapped#=0 result#=0>)...
2026-07-12 04:44:59,014 [DEBUG] [Dummy-9] [qasync._windows._EventWorker/_windows.py:195]: Thread started
2026-07-12 04:44:59,039 [DEBUG] [MainThread] [systray_widget/systray.py:526]: Loading state from C:\Users\Srinath\AppData\Local\YASB\systray_state_MLTDDISPLAY1.json
2026-07-12 04:44:59,054 [DEBUG] [SystrayMonitor] [systray_widget/systray.py:57]: Systray thread is starting...
2026-07-12 04:44:59,164 [INFO] [Dummy-6] [root/event_listener.py:125]: Komorebi connected to named pipe: yasb-55ebb30a-7d7e-11f1-a0dc-b68c9d368921
2026-07-12 04:44:59,300 [DEBUG] [SystrayMonitor] [systray_widget/systray_monitor.py:242]: Finding real tray hwnd
2026-07-12 04:44:59,647 [WARNING] [UpdateChecker] [root/update_service.py:274]: Network error checking for updates: [Errno 11001] getaddrinfo failed
2026-07-12 04:44:59,647 [WARNING] [UpdateChecker] [root/update_service.py:400]: Background update check failed: <urlopen error [Errno 11001] getaddrinfo failed>
2026-07-12 04:44:59,751 [DEBUG] [MainThread] [systray_widget/systray.py:277]: Systray thread started
2026-07-12 04:44:59,976 [DEBUG] [SystrayMonitor] [systray_widget/systray_monitor.py:164]: Adding TaskbandHWND prop to hwnd 786474
2026-07-12 04:44:59,988 [DEBUG] [MainThread] [systray_widget/systray_monitor.py:157]: Sending TaskbarCreated message: 49367
2026-07-12 04:45:05,720 [ERROR] [MainThread] [root/main.py:68]: Timeout waiting for previous instance. Aborting start.
2026-07-12 07:28:42,094 [WARNING] [Dummy-6] [root/event_listener.py:82]: Pipe has been ended: (109, 'PeekNamedPipe', 'The pipe has been ended.')
2026-07-12 07:28:42,095 [INFO] [Dummy-6] [root/event_listener.py:92]: Attempting to reconnect to Komorebi...
2026-07-12 07:28:45,096 [INFO] [Dummy-6] [root/event_listener.py:51]: Created named pipe yasb-55ebb30a-7d7e-11f1-a0dc-b68c9d368921
2026-07-12 19:35:57,368 [INFO] [MainThread] [root/log.py:69]: YASB v1.8.5
2026-07-12 19:35:57,370 [INFO] [Thread-1 (_run_server)] [cli_server/cli_server.py:212]: CLI server started v1.1.4
2026-07-12 19:35:57,371 [INFO] [MainThread] [cli_server/cli_server.py:104]: Log pipe server started
2026-07-12 19:35:58,848 [INFO] [MainThread] [root/service.py:48]: AudioOutputService starting...
2026-07-12 19:36:00,417 [INFO] [MainThread] [root/bar_manager.py:85]: Starting SystemEventListener...
2026-07-12 19:36:00,417 [INFO] [MainThread] [root/bar_manager.py:85]: Starting WindowsNotificationEventListener...
2026-07-12 19:36:00,419 [INFO] [MainThread] [root/bar_manager.py:85]: Starting KomorebiEventListener...
2026-07-12 19:36:00,420 [INFO] [MainThread] [root/watcher.py:54]: Created file watcher for path C:\Users\Srinath\.config\yasb
2026-07-12 19:36:00,421 [INFO] [Dummy-6] [root/event_listener.py:51]: Created named pipe yasb-cfa52174-7dfa-11f1-bd09-b68c9d368921
2026-07-12 19:36:00,555 [INFO] [MainThread] [root/update_service.py:404]: Background update checker started
2026-07-12 19:36:00,555 [DEBUG] [MainThread] [qasync._windows._EventPoller/_windows.py:215]: Starting (proactor: <_IocpProactor overlapped#=0 result#=0>)...
2026-07-12 19:36:00,557 [DEBUG] [Dummy-9] [qasync._windows._EventWorker/_windows.py:195]: Thread started
2026-07-12 19:36:00,559 [DEBUG] [MainThread] [systray_widget/systray.py:526]: Loading state from C:\Users\Srinath\AppData\Local\YASB\systray_state_MLTDDISPLAY1.json
2026-07-12 19:36:00,627 [DEBUG] [SystrayMonitor] [systray_widget/systray.py:57]: Systray thread is starting...
2026-07-12 19:36:00,940 [DEBUG] [MainThread] [systray_widget/systray.py:277]: Systray thread started
2026-07-12 19:36:01,133 [ERROR] [UpdateChecker] [root/update_service.py:271]: GitHub API HTTP error: 403 rate limit exceeded
2026-07-12 19:36:01,133 [WARNING] [UpdateChecker] [root/update_service.py:400]: Background update check failed: HTTP Error 403: rate limit exceeded
2026-07-12 19:36:01,142 [DEBUG] [SystrayMonitor] [systray_widget/systray_monitor.py:164]: Adding TaskbandHWND prop to hwnd 67198
2026-07-12 19:36:01,149 [DEBUG] [SystrayMonitor] [systray_widget/systray_monitor.py:242]: Finding real tray hwnd
2026-07-12 19:36:01,152 [DEBUG] [MainThread] [systray_widget/systray_monitor.py:157]: Sending TaskbarCreated message: 49359
2026-07-12 20:03:09,513 [ERROR] [SystrayMonitor] [root/app_icons.py:282]: GetIconInfo failed: 0
2026-07-12 20:03:40,460 [ERROR] [SystrayMonitor] [root/app_icons.py:282]: GetIconInfo failed: 0
2026-07-12 21:04:00,669 [ERROR] [MainThread] [root/gpu.py:170]: Error updating shared GPU data: Command '['C:\\WINDOWS\\system32\\nvidia-smi.EXE', '--query-gpu=index,utilization.gpu,memory.total,memory.used,memory.free,temperature.gpu,fan.speed', '--format=csv,noheader,nounits']' timed out after 2 seconds
2026-07-13 07:52:22,508 [INFO] [Dummy-6] [root/event_listener.py:125]: Komorebi connected to named pipe: yasb-cfa52174-7dfa-11f1-bd09-b68c9d368921
2026-07-13 08:22:43,379 [ERROR] [MainThread] [wifi_widget/wifi.py:193]: Error in wifi widget update: [WinError -2147024809] The parameter is incorrect.
2026-07-13 22:31:07,895 [ERROR] [MainThread] [root/gpu.py:170]: Error updating shared GPU data: Command '['C:\\WINDOWS\\system32\\nvidia-smi.EXE', '--query-gpu=index,utilization.gpu,memory.total,memory.used,memory.free,temperature.gpu,fan.speed', '--format=csv,noheader,nounits']' timed out after 2 seconds
2026-07-13 22:31:11,339 [INFO] [MainThread] [root/bar_manager.py:80]: Screens updated. Re-initialising all bars.
2026-07-13 22:31:11,339 [INFO] [MainThread] [root/controller.py:15]: Reloading Application because of screen update.
2026-07-13 22:31:11,450 [INFO] [MainThread] [cli_server/cli_server.py:112]: Log pipe server stopped
2026-07-13 22:31:11,450 [DEBUG] [MainThread] [cli_server/cli_server.py:206]: CLI server stopped
2026-07-13 22:31:15,979 [INFO] [MainThread] [root/bar.py:154]: Screen geometry changed. Updating position for bar status-bar on screen \\.\DISPLAY1
2026-07-13 22:31:18,191 [INFO] [MainThread] [root/bar_manager.py:92]: Stopping SystemEventListener...
2026-07-13 22:31:18,192 [INFO] [MainThread] [root/bar_manager.py:92]: Stopping WindowsNotificationEventListener...
2026-07-13 22:31:18,192 [INFO] [MainThread] [root/bar_manager.py:92]: Stopping KomorebiEventListener...
2026-07-13 22:31:18,207 [DEBUG] [MainThread] [systray_widget/systray.py:504]: Saving state to disk
2026-07-13 22:31:18,208 [DEBUG] [MainThread] [systray_widget/systray.py:508]: Saving state to C:\Users\Srinath\AppData\Local\YASB\systray_state_MLTDDISPLAY1.json
2026-07-13 22:31:18,213 [INFO] [Dummy-6] [root/event_listener.py:92]: Attempting to reconnect to Komorebi...
2026-07-13 22:31:18,222 [DEBUG] [MainThread] [systray_widget/utils.py:96]: Destroying window 67198
2026-07-13 22:31:18,255 [DEBUG] [MainThread] [qasync._windows._EventPoller/_windows.py:220]: Stopping worker thread...
2026-07-13 22:31:18,261 [DEBUG] [Dummy-9] [qasync._windows._EventWorker/_windows.py:204]: Exiting thread
2026-07-13 22:31:18,271 [DEBUG] [MainThread] [qasync._windows._IocpProactor/_windows.py:78]: Closing
2026-07-13 22:31:20,035 [INFO] [MainThread] [root/log.py:69]: YASB v1.8.5
2026-07-13 22:31:20,042 [INFO] [Thread-1 (_run_server)] [cli_server/cli_server.py:212]: CLI server started v1.1.4
2026-07-13 22:31:20,045 [INFO] [MainThread] [cli_server/cli_server.py:104]: Log pipe server started
2026-07-13 22:31:20,049 [INFO] [MainThread] [root/main.py:45]: Waiting for previous YASB instance to exit...
2026-07-13 22:31:25,443 [DEBUG] [MainThread] [systray_widget/utils.py:96]: Destroying window 67198
2026-07-13 22:31:25,568 [INFO] [MainThread] [root/main.py:71]: Previous instance exited, continuing startup.
2026-07-13 22:31:27,965 [INFO] [MainThread] [root/service.py:48]: AudioOutputService starting...
2026-07-13 22:31:30,288 [INFO] [MainThread] [root/bar_manager.py:85]: Starting SystemEventListener...
2026-07-13 22:31:30,288 [INFO] [MainThread] [root/bar_manager.py:85]: Starting KomorebiEventListener...
2026-07-13 22:31:30,289 [INFO] [MainThread] [root/bar_manager.py:85]: Starting WindowsNotificationEventListener...
2026-07-13 22:31:30,292 [INFO] [MainThread] [root/watcher.py:54]: Created file watcher for path C:\Users\Srinath\.config\yasb
2026-07-13 22:31:30,393 [INFO] [Dummy-7] [root/event_listener.py:51]: Created named pipe yasb-7e59752d-7edc-11f1-82d1-b68c9d368921
2026-07-13 22:31:30,642 [INFO] [MainThread] [root/update_service.py:404]: Background update checker started
2026-07-13 22:31:30,642 [DEBUG] [MainThread] [qasync._windows._EventPoller/_windows.py:215]: Starting (proactor: <_IocpProactor overlapped#=0 result#=0>)...
2026-07-13 22:31:30,706 [DEBUG] [Dummy-10] [qasync._windows._EventWorker/_windows.py:195]: Thread started
2026-07-13 22:31:30,723 [DEBUG] [MainThread] [systray_widget/systray.py:526]: Loading state from C:\Users\Srinath\AppData\Local\YASB\systray_state_ACERTECHNOLOGIESVG271UM32526057A84212.json
2026-07-13 22:31:30,760 [DEBUG] [SystrayMonitor] [systray_widget/systray.py:57]: Systray thread is starting...
2026-07-13 22:31:30,826 [DEBUG] [SystrayMonitor] [systray_widget/systray_monitor.py:242]: Finding real tray hwnd
2026-07-13 22:31:31,429 [INFO] [MainThread] [root/bar_manager.py:80]: Screens updated. Re-initialising all bars.
2026-07-13 22:31:31,429 [INFO] [MainThread] [root/controller.py:15]: Reloading Application because of screen update.
2026-07-13 22:31:31,530 [INFO] [MainThread] [cli_server/cli_server.py:112]: Log pipe server stopped
2026-07-13 22:31:31,530 [DEBUG] [MainThread] [cli_server/cli_server.py:206]: CLI server stopped
2026-07-13 22:31:31,556 [DEBUG] [MainThread] [systray_widget/systray.py:526]: Loading state from C:\Users\Srinath\AppData\Local\YASB\systray_state_ACERTECHNOLOGIESVG271UM32526057A84212.json
2026-07-13 22:31:32,168 [INFO] [Dummy-7] [root/event_listener.py:125]: Komorebi connected to named pipe: yasb-7e59752d-7edc-11f1-82d1-b68c9d368921
2026-07-13 22:31:33,817 [DEBUG] [MainThread] [systray_widget/systray.py:277]: Systray thread started
2026-07-13 22:31:35,082 [DEBUG] [SystrayMonitor] [systray_widget/systray_monitor.py:164]: Adding TaskbandHWND prop to hwnd 459698
2026-07-13 22:31:35,094 [DEBUG] [MainThread] [systray_widget/systray_monitor.py:157]: Sending TaskbarCreated message: 49359
2026-07-13 22:31:35,470 [INFO] [MainThread] [root/log.py:69]: YASB v1.8.5
2026-07-13 22:31:35,471 [INFO] [Thread-1 (_run_server)] [cli_server/cli_server.py:212]: CLI server started v1.1.4
2026-07-13 22:31:35,472 [INFO] [MainThread] [cli_server/cli_server.py:104]: Log pipe server started
2026-07-13 22:31:35,472 [INFO] [MainThread] [root/main.py:45]: Waiting for previous YASB instance to exit...
2026-07-13 22:31:35,940 [INFO] [MainThread] [root/bar_manager.py:92]: Stopping SystemEventListener...
2026-07-13 22:31:35,940 [INFO] [MainThread] [root/bar_manager.py:92]: Stopping KomorebiEventListener...
2026-07-13 22:31:35,940 [INFO] [MainThread] [root/bar_manager.py:92]: Stopping WindowsNotificationEventListener...
2026-07-13 22:31:35,960 [DEBUG] [MainThread] [systray_widget/systray.py:504]: Saving state to disk
2026-07-13 22:31:35,961 [DEBUG] [MainThread] [systray_widget/systray.py:508]: Saving state to C:\Users\Srinath\AppData\Local\YASB\systray_state_ACERTECHNOLOGIESVG271UM32526057A84212.json
2026-07-13 22:31:35,963 [DEBUG] [MainThread] [systray_widget/utils.py:96]: Destroying window 459698
2026-07-13 22:31:35,968 [DEBUG] [MainThread] [systray_widget/systray.py:504]: Saving state to disk
2026-07-13 22:31:35,969 [DEBUG] [MainThread] [systray_widget/systray.py:508]: Saving state to C:\Users\Srinath\AppData\Local\YASB\systray_state_ACERTECHNOLOGIESVG271UM32526057A84212.json
2026-07-13 22:31:35,969 [INFO] [Dummy-7] [root/event_listener.py:92]: Attempting to reconnect to Komorebi...
2026-07-13 22:31:35,975 [DEBUG] [MainThread] [systray_widget/utils.py:96]: Destroying window 459698
2026-07-13 22:31:36,035 [DEBUG] [MainThread] [qasync._windows._EventPoller/_windows.py:220]: Stopping worker thread...
2026-07-13 22:31:36,045 [DEBUG] [Dummy-10] [qasync._windows._EventWorker/_windows.py:204]: Exiting thread
2026-07-13 22:31:36,057 [DEBUG] [MainThread] [qasync._windows._IocpProactor/_windows.py:78]: Closing
2026-07-13 22:31:36,139 [DEBUG] [MainThread] [systray_widget/utils.py:96]: Destroying window 459698
2026-07-13 22:31:36,224 [INFO] [MainThread] [root/main.py:71]: Previous instance exited, continuing startup.
2026-07-13 22:31:37,310 [INFO] [MainThread] [root/service.py:48]: AudioOutputService starting...
2026-07-13 22:31:38,038 [INFO] [MainThread] [root/bar_manager.py:85]: Starting KomorebiEventListener...
2026-07-13 22:31:38,038 [INFO] [MainThread] [root/bar_manager.py:85]: Starting SystemEventListener...
2026-07-13 22:31:38,038 [INFO] [MainThread] [root/bar_manager.py:85]: Starting WindowsNotificationEventListener...
2026-07-13 22:31:38,040 [INFO] [Dummy-4] [root/event_listener.py:51]: Created named pipe yasb-82f7dc9d-7edc-11f1-9839-b68c9d368921
2026-07-13 22:31:38,041 [INFO] [MainThread] [root/watcher.py:54]: Created file watcher for path C:\Users\Srinath\.config\yasb
2026-07-13 22:31:38,125 [INFO] [MainThread] [root/update_service.py:404]: Background update checker started
2026-07-13 22:31:38,125 [DEBUG] [MainThread] [qasync._windows._EventPoller/_windows.py:215]: Starting (proactor: <_IocpProactor overlapped#=0 result#=0>)...
2026-07-13 22:31:38,128 [DEBUG] [Dummy-9] [qasync._windows._EventWorker/_windows.py:195]: Thread started
2026-07-13 22:31:38,134 [DEBUG] [MainThread] [systray_widget/systray.py:526]: Loading state from C:\Users\Srinath\AppData\Local\YASB\systray_state_ACERTECHNOLOGIESVG271UM32526057A84212.json
2026-07-13 22:31:38,141 [DEBUG] [SystrayMonitor] [systray_widget/systray.py:57]: Systray thread is starting...
2026-07-13 22:31:38,159 [INFO] [Dummy-4] [root/event_listener.py:125]: Komorebi connected to named pipe: yasb-82f7dc9d-7edc-11f1-9839-b68c9d368921
2026-07-13 22:31:38,911 [DEBUG] [SystrayMonitor] [systray_widget/systray_monitor.py:242]: Finding real tray hwnd
2026-07-13 22:31:43,231 [WARNING] [UpdateChecker] [root/update_service.py:274]: Network error checking for updates: [Errno 11001] getaddrinfo failed
2026-07-13 22:31:43,232 [WARNING] [UpdateChecker] [root/update_service.py:400]: Background update check failed: <urlopen error [Errno 11001] getaddrinfo failed>
2026-07-13 22:32:17,199 [WARNING] [Dummy-4] [root/event_listener.py:82]: Pipe has been ended: (109, 'PeekNamedPipe', 'The pipe has been ended.')
2026-07-13 22:32:17,199 [INFO] [Dummy-4] [root/event_listener.py:92]: Attempting to reconnect to Komorebi...
2026-07-13 22:32:20,200 [INFO] [Dummy-4] [root/event_listener.py:51]: Created named pipe yasb-82f7dc9d-7edc-11f1-9839-b68c9d368921
2026-07-13 22:32:25,455 [INFO] [Dummy-4] [root/event_listener.py:125]: Komorebi connected to named pipe: yasb-82f7dc9d-7edc-11f1-9839-b68c9d368921
2026-07-14 00:44:26,051 [INFO] [MainThread] [root/bar_manager.py:80]: Screens updated. Re-initialising all bars.
2026-07-14 00:44:26,051 [INFO] [MainThread] [root/controller.py:15]: Reloading Application because of screen update.
2026-07-14 00:44:26,166 [INFO] [MainThread] [cli_server/cli_server.py:112]: Log pipe server stopped
2026-07-14 00:44:26,167 [DEBUG] [MainThread] [cli_server/cli_server.py:206]: CLI server stopped
2026-07-14 00:44:26,746 [INFO] [MainThread] [root/bar_manager.py:80]: Screens updated. Re-initialising all bars.
2026-07-14 00:44:26,746 [INFO] [MainThread] [root/controller.py:15]: Reloading Application because of screen update.
2026-07-14 00:44:26,858 [INFO] [MainThread] [cli_server/cli_server.py:112]: Log pipe server stopped
2026-07-14 00:44:26,858 [DEBUG] [MainThread] [cli_server/cli_server.py:206]: CLI server stopped
2026-07-14 00:44:28,761 [INFO] [MainThread] [root/log.py:69]: YASB v1.8.5
2026-07-14 00:44:28,762 [INFO] [Thread-1 (_run_server)] [cli_server/cli_server.py:212]: CLI server started v1.1.4
2026-07-14 00:44:28,762 [INFO] [MainThread] [root/log.py:69]: YASB v1.8.5
2026-07-14 00:44:28,763 [INFO] [MainThread] [cli_server/cli_server.py:104]: Log pipe server started
2026-07-14 00:44:28,763 [INFO] [MainThread] [root/main.py:45]: Waiting for previous YASB instance to exit...
2026-07-14 00:44:28,763 [INFO] [Thread-1 (_run_server)] [cli_server/cli_server.py:212]: CLI server started v1.1.4
2026-07-14 00:44:28,764 [INFO] [MainThread] [cli_server/cli_server.py:104]: Log pipe server started
2026-07-14 00:44:28,764 [INFO] [MainThread] [root/main.py:45]: Waiting for previous YASB instance to exit...
2026-07-14 00:44:28,921 [INFO] [MainThread] [root/bar_manager.py:92]: Stopping KomorebiEventListener...
2026-07-14 00:44:28,921 [INFO] [MainThread] [root/bar_manager.py:92]: Stopping SystemEventListener...
2026-07-14 00:44:28,921 [INFO] [MainThread] [root/bar_manager.py:92]: Stopping WindowsNotificationEventListener...
2026-07-14 00:44:28,927 [DEBUG] [MainThread] [systray_widget/systray.py:504]: Saving state to disk
2026-07-14 00:44:28,928 [DEBUG] [MainThread] [systray_widget/systray.py:508]: Saving state to C:\Users\Srinath\AppData\Local\YASB\systray_state_MLTDDISPLAY1.json
2026-07-14 00:44:28,933 [INFO] [Dummy-4] [root/event_listener.py:92]: Attempting to reconnect to Komorebi...
2026-07-14 00:44:28,940 [DEBUG] [MainThread] [systray_widget/utils.py:96]: Destroying window 722806
2026-07-14 00:44:28,949 [DEBUG] [MainThread] [qasync._windows._EventPoller/_windows.py:220]: Stopping worker thread...
2026-07-14 00:44:28,959 [DEBUG] [Dummy-9] [qasync._windows._EventWorker/_windows.py:204]: Exiting thread
2026-07-14 00:44:28,962 [DEBUG] [MainThread] [qasync._windows._IocpProactor/_windows.py:78]: Closing
2026-07-14 00:44:29,026 [DEBUG] [MainThread] [systray_widget/utils.py:96]: Destroying window 722806
2026-07-14 00:44:29,264 [INFO] [MainThread] [root/main.py:71]: Previous instance exited, continuing startup.
2026-07-14 00:44:30,795 [INFO] [MainThread] [root/service.py:48]: AudioOutputService starting...
2026-07-14 00:44:32,335 [INFO] [MainThread] [root/bar_manager.py:85]: Starting WindowsNotificationEventListener...
2026-07-14 00:44:32,337 [INFO] [MainThread] [root/bar_manager.py:85]: Starting KomorebiEventListener...
2026-07-14 00:44:32,337 [INFO] [MainThread] [root/bar_manager.py:85]: Starting SystemEventListener...
2026-07-14 00:44:32,337 [INFO] [MainThread] [root/watcher.py:54]: Created file watcher for path C:\Users\Srinath\.config\yasb
2026-07-14 00:44:32,345 [INFO] [Dummy-6] [root/event_listener.py:51]: Created named pipe yasb-1405522b-7eef-11f1-a2a5-b68c9d368921
2026-07-14 00:44:32,480 [INFO] [MainThread] [root/update_service.py:404]: Background update checker started
2026-07-14 00:44:32,480 [DEBUG] [MainThread] [qasync._windows._EventPoller/_windows.py:215]: Starting (proactor: <_IocpProactor overlapped#=0 result#=0>)...
2026-07-14 00:44:32,482 [DEBUG] [Dummy-9] [qasync._windows._EventWorker/_windows.py:195]: Thread started
2026-07-14 00:44:32,486 [DEBUG] [MainThread] [systray_widget/systray.py:526]: Loading state from C:\Users\Srinath\AppData\Local\YASB\systray_state_MLTDDISPLAY1.json
2026-07-14 00:44:32,492 [DEBUG] [SystrayMonitor] [systray_widget/systray.py:57]: Systray thread is starting...
2026-07-14 00:44:32,759 [DEBUG] [MainThread] [systray_widget/systray.py:277]: Systray thread started
2026-07-14 00:44:32,874 [WARNING] [UpdateChecker] [root/update_service.py:274]: Network error checking for updates: [Errno 11001] getaddrinfo failed
2026-07-14 00:44:32,874 [WARNING] [UpdateChecker] [root/update_service.py:400]: Background update check failed: <urlopen error [Errno 11001] getaddrinfo failed>
2026-07-14 00:44:32,960 [DEBUG] [SystrayMonitor] [systray_widget/systray_monitor.py:164]: Adding TaskbandHWND prop to hwnd 263840
2026-07-14 00:44:32,966 [DEBUG] [SystrayMonitor] [systray_widget/systray_monitor.py:242]: Finding real tray hwnd
2026-07-14 00:44:32,971 [DEBUG] [MainThread] [systray_widget/systray_monitor.py:157]: Sending TaskbarCreated message: 49359
2026-07-14 00:44:33,152 [INFO] [Dummy-6] [root/event_listener.py:125]: Komorebi connected to named pipe: yasb-1405522b-7eef-11f1-a2a5-b68c9d368921
2026-07-14 00:44:38,783 [ERROR] [MainThread] [root/main.py:68]: Timeout waiting for previous instance. Aborting start.
2026-07-14 04:52:20,659 [ERROR] [MainThread] [root/gpu.py:170]: Error updating shared GPU data: Command '['C:\\WINDOWS\\system32\\nvidia-smi.EXE', '--query-gpu=index,utilization.gpu,memory.total,memory.used,memory.free,temperature.gpu,fan.speed', '--format=csv,noheader,nounits']' timed out after 2 seconds
2026-07-14 04:55:09,789 [INFO] [MainThread] [root/bar.py:154]: Screen geometry changed. Updating position for bar status-bar on screen \\.\DISPLAY1
2026-07-14 05:27:05,668 [INFO] [MainThread] [root/controller.py:15]: Reloading Bar from context menu...
2026-07-14 05:27:05,775 [INFO] [MainThread] [cli_server/cli_server.py:112]: Log pipe server stopped
2026-07-14 05:27:05,776 [DEBUG] [MainThread] [cli_server/cli_server.py:206]: CLI server stopped
2026-07-14 05:27:06,641 [INFO] [MainThread] [root/bar_manager.py:92]: Stopping WindowsNotificationEventListener...
2026-07-14 05:27:06,643 [INFO] [MainThread] [root/bar_manager.py:92]: Stopping KomorebiEventListener...
2026-07-14 05:27:06,644 [INFO] [MainThread] [root/bar_manager.py:92]: Stopping SystemEventListener...
2026-07-14 05:27:06,665 [DEBUG] [MainThread] [systray_widget/systray.py:504]: Saving state to disk
2026-07-14 05:27:06,666 [DEBUG] [MainThread] [systray_widget/systray.py:508]: Saving state to C:\Users\Srinath\AppData\Local\YASB\systray_state_MLTDDISPLAY1.json
2026-07-14 05:27:06,687 [DEBUG] [MainThread] [systray_widget/utils.py:96]: Destroying window 263840
2026-07-14 05:27:06,689 [INFO] [Dummy-6] [root/event_listener.py:92]: Attempting to reconnect to Komorebi...
2026-07-14 05:27:06,735 [DEBUG] [MainThread] [qasync._windows._EventPoller/_windows.py:220]: Stopping worker thread...
2026-07-14 05:27:06,741 [DEBUG] [Dummy-9] [qasync._windows._EventWorker/_windows.py:204]: Exiting thread
2026-07-14 05:27:06,750 [DEBUG] [MainThread] [qasync._windows._IocpProactor/_windows.py:78]: Closing
2026-07-14 05:27:06,819 [DEBUG] [MainThread] [systray_widget/utils.py:96]: Destroying window 263840
2026-07-14 05:27:08,409 [INFO] [MainThread] [root/log.py:69]: YASB v1.8.5
2026-07-14 05:27:08,412 [INFO] [Thread-1 (_run_server)] [cli_server/cli_server.py:212]: CLI server started v1.1.4
2026-07-14 05:27:08,413 [INFO] [MainThread] [cli_server/cli_server.py:104]: Log pipe server started
2026-07-14 05:27:11,117 [INFO] [MainThread] [root/service.py:48]: AudioOutputService starting...
2026-07-14 05:27:13,316 [INFO] [MainThread] [root/bar_manager.py:85]: Starting SystemEventListener...
2026-07-14 05:27:13,317 [INFO] [MainThread] [root/bar_manager.py:85]: Starting WindowsNotificationEventListener...
2026-07-14 05:27:13,318 [INFO] [MainThread] [root/bar_manager.py:85]: Starting KomorebiEventListener...
2026-07-14 05:27:13,320 [INFO] [MainThread] [root/watcher.py:54]: Created file watcher for path C:\Users\Srinath\.config\yasb
2026-07-14 05:27:13,331 [INFO] [Dummy-6] [root/event_listener.py:51]: Created named pipe yasb-918dd4a5-7f16-11f1-960d-b68c9d368921
2026-07-14 05:27:13,491 [INFO] [MainThread] [root/update_service.py:404]: Background update checker started
2026-07-14 05:27:13,492 [DEBUG] [MainThread] [qasync._windows._EventPoller/_windows.py:215]: Starting (proactor: <_IocpProactor overlapped#=0 result#=0>)...
2026-07-14 05:27:13,495 [DEBUG] [Dummy-9] [qasync._windows._EventWorker/_windows.py:195]: Thread started
2026-07-14 05:27:13,511 [DEBUG] [MainThread] [systray_widget/systray.py:526]: Loading state from C:\Users\Srinath\AppData\Local\YASB\systray_state_ACERTECHNOLOGIESVG271UM32526057A84212.json
2026-07-14 05:27:13,551 [DEBUG] [SystrayMonitor] [systray_widget/systray.py:57]: Systray thread is starting...
2026-07-14 05:27:13,628 [INFO] [Dummy-6] [root/event_listener.py:125]: Komorebi connected to named pipe: yasb-918dd4a5-7f16-11f1-960d-b68c9d368921
2026-07-14 05:27:14,249 [DEBUG] [MainThread] [systray_widget/systray.py:277]: Systray thread started
2026-07-14 05:27:14,847 [DEBUG] [SystrayMonitor] [systray_widget/systray_monitor.py:242]: Finding real tray hwnd
2026-07-14 05:27:15,158 [DEBUG] [SystrayMonitor] [systray_widget/systray_monitor.py:164]: Adding TaskbandHWND prop to hwnd 591732
2026-07-14 05:27:15,170 [DEBUG] [MainThread] [systray_widget/systray_monitor.py:157]: Sending TaskbarCreated message: 49359
2026-07-14 17:22:52,918 [INFO] [MainThread] [root/log.py:69]: YASB v1.8.5
2026-07-14 17:22:52,920 [INFO] [Thread-1 (_run_server)] [cli_server/cli_server.py:212]: CLI server started v1.1.4
2026-07-14 17:22:52,920 [INFO] [MainThread] [cli_server/cli_server.py:104]: Log pipe server started
2026-07-14 17:22:54,310 [INFO] [MainThread] [root/service.py:48]: AudioOutputService starting...
2026-07-14 17:22:55,080 [INFO] [MainThread] [root/bar_manager.py:85]: Starting KomorebiEventListener...
2026-07-14 17:22:55,081 [INFO] [MainThread] [root/bar_manager.py:85]: Starting SystemEventListener...
2026-07-14 17:22:55,081 [INFO] [MainThread] [root/bar_manager.py:85]: Starting WindowsNotificationEventListener...
2026-07-14 17:22:55,082 [INFO] [Dummy-4] [root/event_listener.py:51]: Created named pipe yasb-8cd69e5e-7f7a-11f1-8ee0-b48c9d368940
2026-07-14 17:22:55,083 [INFO] [MainThread] [root/watcher.py:54]: Created file watcher for path C:\Users\Srinath\.config\yasb
2026-07-14 17:22:55,220 [INFO] [MainThread] [root/update_service.py:404]: Background update checker started
2026-07-14 17:22:55,220 [DEBUG] [MainThread] [qasync._windows._EventPoller/_windows.py:215]: Starting (proactor: <_IocpProactor overlapped#=0 result#=0>)...
2026-07-14 17:22:55,249 [DEBUG] [Dummy-9] [qasync._windows._EventWorker/_windows.py:195]: Thread started
2026-07-14 17:22:55,254 [DEBUG] [MainThread] [systray_widget/systray.py:526]: Loading state from C:\Users\Srinath\AppData\Local\YASB\systray_state_ACERTECHNOLOGIESVG271UM32526057A84212.json
2026-07-14 17:22:55,267 [DEBUG] [SystrayMonitor] [systray_widget/systray.py:57]: Systray thread is starting...
2026-07-14 17:22:55,495 [DEBUG] [MainThread] [systray_widget/systray.py:277]: Systray thread started
2026-07-14 17:22:55,696 [DEBUG] [SystrayMonitor] [systray_widget/systray_monitor.py:164]: Adding TaskbandHWND prop to hwnd 132558
2026-07-14 17:22:55,704 [DEBUG] [SystrayMonitor] [systray_widget/systray_monitor.py:242]: Finding real tray hwnd
2026-07-14 17:22:55,710 [DEBUG] [MainThread] [systray_widget/systray_monitor.py:157]: Sending TaskbarCreated message: 49343
2026-07-14 18:07:06,152 [INFO] [Dummy-4] [root/event_listener.py:125]: Komorebi connected to named pipe: yasb-8cd69e5e-7f7a-11f1-8ee0-b48c9d368940
2026-07-15 00:39:49,053 [ERROR] [SystrayMonitor] [root/app_icons.py:282]: GetIconInfo failed: 0
2026-07-15 03:06:45,943 [INFO] [MainThread] [root/bar.py:154]: Screen geometry changed. Updating position for bar status-bar on screen VG271U M3
2026-07-15 07:18:37,314 [ERROR] [MainThread] [root/gpu.py:170]: Error updating shared GPU data: Command '['C:\\WINDOWS\\system32\\nvidia-smi.EXE', '--query-gpu=index,utilization.gpu,memory.total,memory.used,memory.free,temperature.gpu,fan.speed', '--format=csv,noheader,nounits']' timed out after 2 seconds
2026-07-15 07:18:47,839 [INFO] [MainThread] [root/bar.py:154]: Screen geometry changed. Updating position for bar status-bar on screen VG271U M3
2026-07-15 14:51:18,715 [INFO] [MainThread] [root/bar_manager.py:80]: Screens updated. Re-initialising all bars.
2026-07-15 14:51:18,715 [INFO] [MainThread] [root/controller.py:15]: Reloading Application because of screen update.
2026-07-15 14:51:18,819 [INFO] [MainThread] [cli_server/cli_server.py:112]: Log pipe server stopped
2026-07-15 14:51:18,820 [DEBUG] [MainThread] [cli_server/cli_server.py:206]: CLI server stopped
2026-07-15 14:51:20,841 [INFO] [MainThread] [root/bar_manager.py:92]: Stopping KomorebiEventListener...
2026-07-15 14:51:20,841 [INFO] [MainThread] [root/bar_manager.py:92]: Stopping SystemEventListener...
2026-07-15 14:51:20,842 [INFO] [MainThread] [root/bar_manager.py:92]: Stopping WindowsNotificationEventListener...
2026-07-15 14:51:20,843 [INFO] [Dummy-4] [root/event_listener.py:92]: Attempting to reconnect to Komorebi...
2026-07-15 14:51:20,854 [DEBUG] [MainThread] [systray_widget/systray.py:504]: Saving state to disk
2026-07-15 14:51:20,855 [DEBUG] [MainThread] [systray_widget/systray.py:508]: Saving state to C:\Users\Srinath\AppData\Local\YASB\systray_state_ACERTECHNOLOGIESVG271UM32526057A84212.json
2026-07-15 14:51:20,872 [DEBUG] [MainThread] [systray_widget/utils.py:96]: Destroying window 132558
2026-07-15 14:51:20,903 [DEBUG] [MainThread] [qasync._windows._EventPoller/_windows.py:220]: Stopping worker thread...
2026-07-15 14:51:20,908 [DEBUG] [Dummy-9] [qasync._windows._EventWorker/_windows.py:204]: Exiting thread
2026-07-15 14:51:20,914 [DEBUG] [MainThread] [qasync._windows._IocpProactor/_windows.py:78]: Closing
2026-07-15 14:51:22,048 [INFO] [MainThread] [root/log.py:69]: YASB v1.8.5
2026-07-15 14:51:22,050 [INFO] [Thread-1 (_run_server)] [cli_server/cli_server.py:212]: CLI server started v1.1.4
2026-07-15 14:51:22,050 [INFO] [MainThread] [cli_server/cli_server.py:104]: Log pipe server started
2026-07-15 14:51:22,051 [INFO] [MainThread] [root/main.py:45]: Waiting for previous YASB instance to exit...
2026-07-15 14:51:27,952 [DEBUG] [MainThread] [systray_widget/utils.py:96]: Destroying window 132558
2026-07-15 14:51:28,061 [INFO] [MainThread] [root/main.py:71]: Previous instance exited, continuing startup.
2026-07-15 14:51:30,272 [INFO] [MainThread] [root/service.py:48]: AudioOutputService starting...
2026-07-15 14:51:32,433 [INFO] [MainThread] [root/bar_manager.py:85]: Starting WindowsNotificationEventListener...
2026-07-15 14:51:32,434 [INFO] [MainThread] [root/bar_manager.py:85]: Starting KomorebiEventListener...
2026-07-15 14:51:32,435 [INFO] [MainThread] [root/bar_manager.py:85]: Starting SystemEventListener...
2026-07-15 14:51:32,435 [INFO] [MainThread] [root/watcher.py:54]: Created file watcher for path C:\Users\Srinath\.config\yasb
2026-07-15 14:51:32,690 [INFO] [Dummy-7] [root/event_listener.py:51]: Created named pipe yasb-9192991a-802e-11f1-8a8f-b48c9d368940
2026-07-15 14:51:32,776 [INFO] [MainThread] [root/update_service.py:404]: Background update checker started
2026-07-15 14:51:32,776 [DEBUG] [MainThread] [qasync._windows._EventPoller/_windows.py:215]: Starting (proactor: <_IocpProactor overlapped#=0 result#=0>)...
2026-07-15 14:51:32,780 [DEBUG] [Dummy-10] [qasync._windows._EventWorker/_windows.py:195]: Thread started
2026-07-15 14:51:32,787 [DEBUG] [MainThread] [systray_widget/systray.py:526]: Loading state from C:\Users\Srinath\AppData\Local\YASB\systray_state_ACERTECHNOLOGIESVG271UM32526057A84212.json
2026-07-15 14:51:32,820 [DEBUG] [SystrayMonitor] [systray_widget/systray.py:57]: Systray thread is starting...
2026-07-15 14:51:32,855 [INFO] [Dummy-7] [root/event_listener.py:125]: Komorebi connected to named pipe: yasb-9192991a-802e-11f1-8a8f-b48c9d368940
2026-07-15 14:51:33,096 [DEBUG] [MainThread] [systray_widget/systray.py:526]: Loading state from C:\Users\Srinath\AppData\Local\YASB\systray_state_MLTDDISPLAY2.json
2026-07-15 14:51:33,391 [DEBUG] [MainThread] [systray_widget/systray.py:277]: Systray thread started
2026-07-15 14:51:33,643 [DEBUG] [SystrayMonitor] [systray_widget/systray_monitor.py:164]: Adding TaskbandHWND prop to hwnd 395080
2026-07-15 14:51:33,650 [DEBUG] [SystrayMonitor] [systray_widget/systray_monitor.py:242]: Finding real tray hwnd
2026-07-15 14:51:33,658 [DEBUG] [MainThread] [systray_widget/systray_monitor.py:157]: Sending TaskbarCreated message: 49343
2026-07-15 14:51:38,818 [INFO] [MainThread] [root/bar_manager.py:80]: Screens updated. Re-initialising all bars.
2026-07-15 14:51:38,819 [INFO] [MainThread] [root/controller.py:15]: Reloading Application because of screen update.
2026-07-15 14:51:38,933 [INFO] [MainThread] [cli_server/cli_server.py:112]: Log pipe server stopped
2026-07-15 14:51:38,933 [DEBUG] [MainThread] [cli_server/cli_server.py:206]: CLI server stopped
2026-07-15 14:51:41,407 [INFO] [MainThread] [root/bar_manager.py:92]: Stopping WindowsNotificationEventListener...
2026-07-15 14:51:41,407 [INFO] [MainThread] [root/bar_manager.py:92]: Stopping KomorebiEventListener...
2026-07-15 14:51:41,408 [INFO] [MainThread] [root/bar_manager.py:92]: Stopping SystemEventListener...
2026-07-15 14:51:41,424 [DEBUG] [MainThread] [systray_widget/systray.py:504]: Saving state to disk
2026-07-15 14:51:41,425 [DEBUG] [MainThread] [systray_widget/systray.py:508]: Saving state to C:\Users\Srinath\AppData\Local\YASB\systray_state_ACERTECHNOLOGIESVG271UM32526057A84212.json
2026-07-15 14:51:41,427 [DEBUG] [MainThread] [systray_widget/utils.py:96]: Destroying window 395080
2026-07-15 14:51:41,428 [DEBUG] [MainThread] [systray_widget/systray.py:504]: Saving state to disk
2026-07-15 14:51:41,429 [DEBUG] [MainThread] [systray_widget/systray.py:508]: Saving state to C:\Users\Srinath\AppData\Local\YASB\systray_state_ACERTECHNOLOGIESVG271UM32526057A84212.json
2026-07-15 14:51:41,434 [INFO] [Dummy-7] [root/event_listener.py:92]: Attempting to reconnect to Komorebi...
2026-07-15 14:51:41,448 [DEBUG] [MainThread] [systray_widget/utils.py:96]: Destroying window 395080
2026-07-15 14:51:41,472 [DEBUG] [MainThread] [qasync._windows._EventPoller/_windows.py:220]: Stopping worker thread...
2026-07-15 14:51:41,476 [DEBUG] [Dummy-10] [qasync._windows._EventWorker/_windows.py:204]: Exiting thread
2026-07-15 14:51:41,480 [DEBUG] [MainThread] [qasync._windows._IocpProactor/_windows.py:78]: Closing
2026-07-15 14:51:41,572 [INFO] [MainThread] [root/log.py:69]: YASB v1.8.5
2026-07-15 14:51:41,573 [INFO] [Thread-1 (_run_server)] [cli_server/cli_server.py:212]: CLI server started v1.1.4
2026-07-15 14:51:41,574 [INFO] [MainThread] [cli_server/cli_server.py:104]: Log pipe server started
2026-07-15 14:51:41,574 [INFO] [MainThread] [root/main.py:45]: Waiting for previous YASB instance to exit...
2026-07-15 14:51:51,590 [ERROR] [MainThread] [root/main.py:68]: Timeout waiting for previous instance. Aborting start.
2026-07-15 14:51:55,524 [DEBUG] [MainThread] [systray_widget/utils.py:96]: Destroying window 395080
2026-07-15 21:24:00,283 [INFO] [MainThread] [root/log.py:69]: YASB v1.8.5
2026-07-15 21:24:00,285 [INFO] [Thread-1 (_run_server)] [cli_server/cli_server.py:212]: CLI server started v1.1.4
2026-07-15 21:24:00,286 [INFO] [MainThread] [cli_server/cli_server.py:104]: Log pipe server started
2026-07-15 21:24:02,492 [INFO] [MainThread] [root/service.py:48]: AudioOutputService starting...
2026-07-15 21:24:04,672 [INFO] [MainThread] [root/bar_manager.py:85]: Starting SystemEventListener...
2026-07-15 21:24:04,673 [INFO] [MainThread] [root/bar_manager.py:85]: Starting WindowsNotificationEventListener...
2026-07-15 21:24:04,674 [INFO] [MainThread] [root/bar_manager.py:85]: Starting KomorebiEventListener...
2026-07-15 21:24:04,675 [INFO] [MainThread] [root/watcher.py:54]: Created file watcher for path C:\Users\Srinath\.config\yasb
2026-07-15 21:24:04,685 [INFO] [Dummy-6] [root/event_listener.py:51]: Created named pipe yasb-67cd2f5f-8065-11f1-8645-b48c9d368940
2026-07-15 21:24:05,143 [INFO] [Dummy-6] [root/event_listener.py:125]: Komorebi connected to named pipe: yasb-67cd2f5f-8065-11f1-8645-b48c9d368940
2026-07-15 21:24:05,191 [INFO] [MainThread] [root/update_service.py:404]: Background update checker started
2026-07-15 21:24:05,191 [DEBUG] [MainThread] [qasync._windows._EventPoller/_windows.py:215]: Starting (proactor: <_IocpProactor overlapped#=0 result#=0>)...
2026-07-15 21:24:05,561 [DEBUG] [Dummy-11] [qasync._windows._EventWorker/_windows.py:195]: Thread started
2026-07-15 21:24:05,571 [DEBUG] [MainThread] [systray_widget/systray.py:526]: Loading state from C:\Users\Srinath\AppData\Local\YASB\systray_state_MLTDDISPLAY1.json
2026-07-15 21:24:06,290 [DEBUG] [SystrayMonitor] [systray_widget/systray.py:57]: Systray thread is starting...
2026-07-15 21:24:06,668 [DEBUG] [SystrayMonitor] [systray_widget/systray_monitor.py:242]: Finding real tray hwnd
2026-07-15 21:24:07,018 [DEBUG] [MainThread] [systray_widget/systray.py:277]: Systray thread started
2026-07-15 21:24:07,219 [DEBUG] [SystrayMonitor] [systray_widget/systray_monitor.py:164]: Adding TaskbandHWND prop to hwnd 2557734
2026-07-15 21:24:07,238 [DEBUG] [MainThread] [systray_widget/systray_monitor.py:157]: Sending TaskbarCreated message: 49343
2026-07-15 21:24:10,757 [INFO] [MainThread] [root/controller.py:35]: Exiting Application...
2026-07-15 21:24:10,859 [INFO] [MainThread] [cli_server/cli_server.py:112]: Log pipe server stopped
2026-07-15 21:24:10,859 [DEBUG] [MainThread] [cli_server/cli_server.py:206]: CLI server stopped
2026-07-15 21:24:10,978 [INFO] [MainThread] [root/bar_manager.py:92]: Stopping SystemEventListener...
2026-07-15 21:24:10,979 [INFO] [MainThread] [root/bar_manager.py:92]: Stopping WindowsNotificationEventListener...
2026-07-15 21:24:10,979 [INFO] [MainThread] [root/bar_manager.py:92]: Stopping KomorebiEventListener...
2026-07-15 21:24:10,985 [DEBUG] [MainThread] [systray_widget/systray.py:504]: Saving state to disk
2026-07-15 21:24:10,985 [INFO] [Dummy-6] [root/event_listener.py:92]: Attempting to reconnect to Komorebi...
2026-07-15 21:24:10,986 [DEBUG] [MainThread] [systray_widget/systray.py:508]: Saving state to C:\Users\Srinath\AppData\Local\YASB\systray_state_MLTDDISPLAY1.json
2026-07-15 21:24:10,987 [DEBUG] [MainThread] [systray_widget/utils.py:96]: Destroying window 2557734
2026-07-15 21:24:11,044 [DEBUG] [MainThread] [qasync._windows._EventPoller/_windows.py:220]: Stopping worker thread...
2026-07-15 21:24:11,045 [DEBUG] [Dummy-11] [qasync._windows._EventWorker/_windows.py:204]: Exiting thread
2026-07-15 21:24:11,062 [DEBUG] [MainThread] [qasync._windows._IocpProactor/_windows.py:78]: Closing
2026-07-15 21:24:11,229 [DEBUG] [MainThread] [systray_widget/utils.py:96]: Destroying window 2557734
2026-07-15 21:42:57,979 [INFO] [MainThread] [root/log.py:69]: YASB v1.8.5
2026-07-15 21:42:57,980 [INFO] [Thread-1 (_run_server)] [cli_server/cli_server.py:212]: CLI server started v1.1.4
2026-07-15 21:42:57,981 [INFO] [MainThread] [cli_server/cli_server.py:104]: Log pipe server started
2026-07-15 21:42:59,991 [INFO] [MainThread] [root/service.py:48]: AudioOutputService starting...
2026-07-15 21:43:01,475 [INFO] [MainThread] [root/bar_manager.py:85]: Starting SystemEventListener...
2026-07-15 21:43:01,475 [INFO] [MainThread] [root/bar_manager.py:85]: Starting KomorebiEventListener...
2026-07-15 21:43:01,476 [INFO] [MainThread] [root/bar_manager.py:85]: Starting WindowsNotificationEventListener...
2026-07-15 21:43:01,477 [INFO] [Dummy-4] [root/event_listener.py:51]: Created named pipe yasb-0d63435e-8068-11f1-a10e-b48c9d368940
2026-07-15 21:43:01,478 [INFO] [MainThread] [root/watcher.py:54]: Created file watcher for path C:\Users\Srinath\.config\yasb
2026-07-15 21:43:01,621 [INFO] [MainThread] [root/update_service.py:404]: Background update checker started
2026-07-15 21:43:01,621 [DEBUG] [MainThread] [qasync._windows._EventPoller/_windows.py:215]: Starting (proactor: <_IocpProactor overlapped#=0 result#=0>)...
2026-07-15 21:43:01,623 [DEBUG] [Dummy-9] [qasync._windows._EventWorker/_windows.py:195]: Thread started
2026-07-15 21:43:01,627 [DEBUG] [MainThread] [systray_widget/systray.py:526]: Loading state from C:\Users\Srinath\AppData\Local\YASB\systray_state_MLTDDISPLAY1.json
2026-07-15 21:43:01,641 [DEBUG] [SystrayMonitor] [systray_widget/systray.py:57]: Systray thread is starting...
2026-07-15 21:43:01,953 [DEBUG] [MainThread] [systray_widget/systray.py:277]: Systray thread started
2026-07-15 21:43:02,155 [DEBUG] [SystrayMonitor] [systray_widget/systray_monitor.py:164]: Adding TaskbandHWND prop to hwnd 67076
2026-07-15 21:43:02,163 [DEBUG] [SystrayMonitor] [systray_widget/systray_monitor.py:242]: Finding real tray hwnd
2026-07-15 21:43:02,166 [DEBUG] [MainThread] [systray_widget/systray_monitor.py:157]: Sending TaskbarCreated message: 49342
2026-07-15 21:46:57,770 [INFO] [MainThread] [root/bar_manager.py:92]: Stopping SystemEventListener...
2026-07-15 21:46:57,771 [INFO] [MainThread] [root/bar_manager.py:92]: Stopping KomorebiEventListener...
2026-07-15 21:46:57,771 [INFO] [MainThread] [root/bar_manager.py:92]: Stopping WindowsNotificationEventListener...
2026-07-15 21:46:57,773 [DEBUG] [MainThread] [systray_widget/systray.py:504]: Saving state to disk
2026-07-15 21:46:57,774 [DEBUG] [MainThread] [systray_widget/systray.py:508]: Saving state to C:\Users\Srinath\AppData\Local\YASB\systray_state_MLTDDISPLAY1.json
2026-07-15 21:46:57,778 [DEBUG] [MainThread] [systray_widget/utils.py:96]: Destroying window 67076
2026-07-15 21:57:31,379 [INFO] [MainThread] [root/log.py:69]: YASB v1.8.5
2026-07-15 21:57:31,381 [INFO] [Thread-1 (_run_server)] [cli_server/cli_server.py:212]: CLI server started v1.1.4
2026-07-15 21:57:31,381 [INFO] [MainThread] [cli_server/cli_server.py:104]: Log pipe server started
2026-07-15 21:57:32,955 [INFO] [MainThread] [root/service.py:48]: AudioOutputService starting...
2026-07-15 21:57:34,737 [INFO] [MainThread] [root/bar_manager.py:85]: Starting SystemEventListener...
2026-07-15 21:57:34,738 [INFO] [MainThread] [root/bar_manager.py:85]: Starting WindowsNotificationEventListener...
2026-07-15 21:57:34,740 [INFO] [MainThread] [root/bar_manager.py:85]: Starting KomorebiEventListener...
2026-07-15 21:57:34,741 [INFO] [MainThread] [root/watcher.py:54]: Created file watcher for path C:\Users\Srinath\.config\yasb
2026-07-15 21:57:34,742 [INFO] [Dummy-6] [root/event_listener.py:51]: Created named pipe yasb-15e4d434-806a-11f1-9825-b48c9d368940
2026-07-15 21:57:34,902 [INFO] [MainThread] [root/update_service.py:404]: Background update checker started
2026-07-15 21:57:34,902 [DEBUG] [MainThread] [qasync._windows._EventPoller/_windows.py:215]: Starting (proactor: <_IocpProactor overlapped#=0 result#=0>)...
2026-07-15 21:57:34,904 [DEBUG] [Dummy-9] [qasync._windows._EventWorker/_windows.py:195]: Thread started
2026-07-15 21:57:34,906 [DEBUG] [MainThread] [systray_widget/systray.py:526]: Loading state from C:\Users\Srinath\AppData\Local\YASB\systray_state_MLTDDISPLAY1.json
2026-07-15 21:57:34,918 [DEBUG] [SystrayMonitor] [systray_widget/systray.py:57]: Systray thread is starting...
2026-07-15 21:57:34,992 [DEBUG] [SystrayMonitor] [systray_widget/systray_monitor.py:242]: Finding real tray hwnd
2026-07-15 21:57:35,279 [DEBUG] [MainThread] [systray_widget/systray.py:277]: Systray thread started
2026-07-15 21:57:35,481 [DEBUG] [SystrayMonitor] [systray_widget/systray_monitor.py:164]: Adding TaskbandHWND prop to hwnd 67160
2026-07-15 21:57:35,493 [DEBUG] [MainThread] [systray_widget/systray_monitor.py:157]: Sending TaskbarCreated message: 49359
2026-07-15 22:05:03,422 [INFO] [MainThread] [root/controller.py:35]: Exiting Application...
2026-07-15 22:05:03,527 [INFO] [MainThread] [cli_server/cli_server.py:112]: Log pipe server stopped
2026-07-15 22:05:03,528 [DEBUG] [MainThread] [cli_server/cli_server.py:206]: CLI server stopped
2026-07-15 22:05:03,674 [INFO] [MainThread] [root/bar_manager.py:92]: Stopping SystemEventListener...
2026-07-15 22:05:03,674 [INFO] [MainThread] [root/bar_manager.py:92]: Stopping WindowsNotificationEventListener...
2026-07-15 22:05:03,674 [INFO] [MainThread] [root/bar_manager.py:92]: Stopping KomorebiEventListener...
2026-07-15 22:05:03,687 [DEBUG] [MainThread] [systray_widget/systray.py:504]: Saving state to disk
2026-07-15 22:05:03,687 [DEBUG] [MainThread] [systray_widget/systray.py:508]: Saving state to C:\Users\Srinath\AppData\Local\YASB\systray_state_MLTDDISPLAY1.json
2026-07-15 22:05:03,689 [DEBUG] [MainThread] [systray_widget/utils.py:96]: Destroying window 67160
2026-07-15 22:05:03,713 [DEBUG] [MainThread] [qasync._windows._EventPoller/_windows.py:220]: Stopping worker thread...
2026-07-15 22:05:03,728 [DEBUG] [Dummy-9] [qasync._windows._EventWorker/_windows.py:204]: Exiting thread
2026-07-15 22:05:03,731 [DEBUG] [MainThread] [qasync._windows._IocpProactor/_windows.py:78]: Closing
2026-07-15 22:05:03,763 [DEBUG] [MainThread] [systray_widget/utils.py:96]: Destroying window 67160
2026-07-15 22:07:00,616 [INFO] [MainThread] [root/log.py:69]: YASB v1.8.5
2026-07-15 22:07:00,619 [INFO] [Thread-1 (_run_server)] [cli_server/cli_server.py:212]: CLI server started v1.1.4
2026-07-15 22:07:00,620 [INFO] [MainThread] [cli_server/cli_server.py:104]: Log pipe server started
2026-07-15 22:07:02,636 [INFO] [MainThread] [root/service.py:48]: AudioOutputService starting...
2026-07-15 22:07:04,641 [INFO] [MainThread] [root/bar_manager.py:85]: Starting SystemEventListener...
2026-07-15 22:07:04,642 [INFO] [MainThread] [root/bar_manager.py:85]: Starting WindowsNotificationEventListener...
2026-07-15 22:07:04,644 [INFO] [MainThread] [root/bar_manager.py:85]: Starting KomorebiEventListener...
2026-07-15 22:07:04,644 [INFO] [MainThread] [root/watcher.py:54]: Created file watcher for path C:\Users\Srinath\.config\yasb
2026-07-15 22:07:04,646 [INFO] [Dummy-6] [root/event_listener.py:51]: Created named pipe yasb-69954aea-806b-11f1-9923-b48c9d368940
2026-07-15 22:07:04,801 [INFO] [MainThread] [root/update_service.py:404]: Background update checker started
2026-07-15 22:07:04,802 [DEBUG] [MainThread] [qasync._windows._EventPoller/_windows.py:215]: Starting (proactor: <_IocpProactor overlapped#=0 result#=0>)...
2026-07-15 22:07:04,803 [DEBUG] [Dummy-9] [qasync._windows._EventWorker/_windows.py:195]: Thread started
2026-07-15 22:07:04,807 [DEBUG] [MainThread] [systray_widget/systray.py:526]: Loading state from C:\Users\Srinath\AppData\Local\YASB\systray_state_MLTDDISPLAY1.json
2026-07-15 22:07:04,819 [DEBUG] [SystrayMonitor] [systray_widget/systray.py:57]: Systray thread is starting...
2026-07-15 22:07:05,158 [DEBUG] [MainThread] [systray_widget/systray.py:277]: Systray thread started
2026-07-15 22:07:05,360 [DEBUG] [SystrayMonitor] [systray_widget/systray_monitor.py:164]: Adding TaskbandHWND prop to hwnd 66988
2026-07-15 22:07:05,365 [DEBUG] [MainThread] [systray_widget/systray_monitor.py:157]: Sending TaskbarCreated message: 49366
2026-07-15 22:07:14,519 [DEBUG] [SystrayMonitor] [systray_widget/systray_monitor.py:242]: Finding real tray hwnd
2026-07-15 22:08:02,330 [INFO] [MainThread] [root/controller.py:35]: Exiting Application...
2026-07-15 22:08:02,437 [INFO] [MainThread] [cli_server/cli_server.py:112]: Log pipe server stopped
2026-07-15 22:08:02,437 [DEBUG] [MainThread] [cli_server/cli_server.py:206]: CLI server stopped
2026-07-15 22:08:02,549 [INFO] [MainThread] [root/bar_manager.py:92]: Stopping SystemEventListener...
2026-07-15 22:08:02,550 [INFO] [MainThread] [root/bar_manager.py:92]: Stopping WindowsNotificationEventListener...
2026-07-15 22:08:02,550 [INFO] [MainThread] [root/bar_manager.py:92]: Stopping KomorebiEventListener...
2026-07-15 22:08:02,554 [DEBUG] [MainThread] [systray_widget/systray.py:504]: Saving state to disk
2026-07-15 22:08:02,555 [DEBUG] [MainThread] [systray_widget/systray.py:508]: Saving state to C:\Users\Srinath\AppData\Local\YASB\systray_state_MLTDDISPLAY1.json
2026-07-15 22:08:02,556 [DEBUG] [MainThread] [systray_widget/utils.py:96]: Destroying window 66988
2026-07-15 22:08:02,573 [DEBUG] [MainThread] [qasync._windows._EventPoller/_windows.py:220]: Stopping worker thread...
2026-07-15 22:08:02,578 [DEBUG] [Dummy-9] [qasync._windows._EventWorker/_windows.py:204]: Exiting thread
2026-07-15 22:08:02,579 [DEBUG] [MainThread] [qasync._windows._IocpProactor/_windows.py:78]: Closing
2026-07-15 22:08:02,612 [DEBUG] [MainThread] [systray_widget/utils.py:96]: Destroying window 66988
2026-07-15 17:03:45,464 [INFO] [MainThread] [root/log.py:69]: YASB v1.8.5
2026-07-15 17:03:45,466 [INFO] [Thread-1 (_run_server)] [cli_server/cli_server.py:212]: CLI server started v1.1.4
2026-07-15 17:03:45,466 [INFO] [MainThread] [cli_server/cli_server.py:104]: Log pipe server started
2026-07-15 17:03:47,143 [INFO] [MainThread] [root/service.py:48]: AudioOutputService starting...
2026-07-15 17:03:48,901 [INFO] [MainThread] [root/bar_manager.py:85]: Starting WindowsNotificationEventListener...
2026-07-15 17:03:48,902 [INFO] [MainThread] [root/bar_manager.py:85]: Starting SystemEventListener...
2026-07-15 17:03:48,903 [INFO] [MainThread] [root/bar_manager.py:85]: Starting KomorebiEventListener...
2026-07-15 17:03:48,905 [INFO] [MainThread] [root/watcher.py:54]: Created file watcher for path C:\Users\Srinath\.config\yasb
2026-07-15 17:03:48,905 [INFO] [Dummy-6] [root/event_listener.py:51]: Created named pipe yasb-0c138ec5-8041-11f1-9bfe-b48c9d368940
2026-07-15 17:03:49,056 [INFO] [MainThread] [root/update_service.py:404]: Background update checker started
2026-07-15 17:03:49,056 [DEBUG] [MainThread] [qasync._windows._EventPoller/_windows.py:215]: Starting (proactor: <_IocpProactor overlapped#=0 result#=0>)...
2026-07-15 17:03:49,058 [DEBUG] [Dummy-9] [qasync._windows._EventWorker/_windows.py:195]: Thread started
2026-07-15 17:03:49,061 [DEBUG] [MainThread] [systray_widget/systray.py:526]: Loading state from C:\Users\Srinath\AppData\Local\YASB\systray_state_MLTDDISPLAY1.json
2026-07-15 17:03:49,074 [DEBUG] [SystrayMonitor] [systray_widget/systray.py:57]: Systray thread is starting...
2026-07-15 17:03:49,411 [DEBUG] [MainThread] [systray_widget/systray.py:277]: Systray thread started
2026-07-15 17:03:49,613 [DEBUG] [SystrayMonitor] [systray_widget/systray_monitor.py:164]: Adding TaskbandHWND prop to hwnd 132714
2026-07-15 17:03:49,621 [DEBUG] [SystrayMonitor] [systray_widget/systray_monitor.py:242]: Finding real tray hwnd
2026-07-15 17:03:49,637 [DEBUG] [MainThread] [systray_widget/systray_monitor.py:157]: Sending TaskbarCreated message: 49366
2026-07-15 17:08:11,796 [INFO] [MainThread] [root/controller.py:35]: Exiting Application...
2026-07-15 17:08:11,897 [INFO] [MainThread] [cli_server/cli_server.py:112]: Log pipe server stopped
2026-07-15 17:08:11,897 [DEBUG] [MainThread] [cli_server/cli_server.py:206]: CLI server stopped
2026-07-15 17:08:11,963 [INFO] [MainThread] [root/bar_manager.py:92]: Stopping WindowsNotificationEventListener...
2026-07-15 17:08:11,964 [INFO] [MainThread] [root/bar_manager.py:92]: Stopping SystemEventListener...
2026-07-15 17:08:11,964 [INFO] [MainThread] [root/bar_manager.py:92]: Stopping KomorebiEventListener...
2026-07-15 17:08:11,968 [DEBUG] [MainThread] [systray_widget/systray.py:504]: Saving state to disk
2026-07-15 17:08:11,969 [DEBUG] [MainThread] [systray_widget/systray.py:508]: Saving state to C:\Users\Srinath\AppData\Local\YASB\systray_state_MLTDDISPLAY1.json
2026-07-15 17:08:11,970 [DEBUG] [MainThread] [systray_widget/utils.py:96]: Destroying window 132714
2026-07-15 17:08:11,982 [DEBUG] [MainThread] [qasync._windows._EventPoller/_windows.py:220]: Stopping worker thread...
2026-07-15 17:08:11,990 [DEBUG] [Dummy-9] [qasync._windows._EventWorker/_windows.py:204]: Exiting thread
2026-07-15 17:08:11,992 [DEBUG] [MainThread] [qasync._windows._IocpProactor/_windows.py:78]: Closing
2026-07-15 17:08:12,005 [DEBUG] [MainThread] [systray_widget/utils.py:96]: Destroying window 132714
2026-07-15 21:20:45,264 [INFO] [MainThread] [root/log.py:69]: YASB v1.8.5
2026-07-15 21:20:45,267 [INFO] [Thread-1 (_run_server)] [cli_server/cli_server.py:212]: CLI server started v1.1.4
2026-07-15 21:20:45,267 [INFO] [MainThread] [cli_server/cli_server.py:104]: Log pipe server started
2026-07-15 21:20:47,039 [INFO] [MainThread] [root/service.py:48]: AudioOutputService starting...
2026-07-15 21:20:48,592 [INFO] [MainThread] [root/bar_manager.py:85]: Starting KomorebiEventListener...
2026-07-15 21:20:48,593 [INFO] [MainThread] [root/bar_manager.py:85]: Starting SystemEventListener...
2026-07-15 21:20:48,593 [INFO] [MainThread] [root/bar_manager.py:85]: Starting WindowsNotificationEventListener...
2026-07-15 21:20:48,594 [INFO] [Dummy-4] [root/event_listener.py:51]: Created named pipe yasb-f2ed803c-8064-11f1-9463-b48c9d368940
2026-07-15 21:20:48,596 [INFO] [MainThread] [root/watcher.py:54]: Created file watcher for path C:\Users\Srinath\.config\yasb
2026-07-15 21:20:48,757 [INFO] [MainThread] [root/update_service.py:404]: Background update checker started
2026-07-15 21:20:48,757 [DEBUG] [MainThread] [qasync._windows._EventPoller/_windows.py:215]: Starting (proactor: <_IocpProactor overlapped#=0 result#=0>)...
2026-07-15 21:20:48,759 [DEBUG] [Dummy-9] [qasync._windows._EventWorker/_windows.py:195]: Thread started
2026-07-15 21:20:48,762 [DEBUG] [MainThread] [systray_widget/systray.py:526]: Loading state from C:\Users\Srinath\AppData\Local\YASB\systray_state_MLTDDISPLAY1.json
2026-07-15 21:20:48,775 [DEBUG] [SystrayMonitor] [systray_widget/systray.py:57]: Systray thread is starting...
2026-07-15 21:20:48,842 [DEBUG] [SystrayMonitor] [systray_widget/systray_monitor.py:242]: Finding real tray hwnd
2026-07-15 21:20:49,124 [DEBUG] [MainThread] [systray_widget/systray.py:277]: Systray thread started
2026-07-15 21:20:49,325 [DEBUG] [SystrayMonitor] [systray_widget/systray_monitor.py:164]: Adding TaskbandHWND prop to hwnd 66914
2026-07-15 21:20:49,334 [DEBUG] [MainThread] [systray_widget/systray_monitor.py:157]: Sending TaskbarCreated message: 49359
2026-07-15 21:21:06,437 [ERROR] [SystrayMonitor] [root/app_icons.py:282]: GetIconInfo failed: 0
2026-07-15 22:40:24,438 [INFO] [MainThread] [root/controller.py:35]: Exiting Application...
2026-07-15 22:40:24,548 [INFO] [MainThread] [cli_server/cli_server.py:112]: Log pipe server stopped
2026-07-15 22:40:24,548 [DEBUG] [MainThread] [cli_server/cli_server.py:206]: CLI server stopped
2026-07-15 22:40:24,628 [INFO] [MainThread] [root/bar_manager.py:92]: Stopping KomorebiEventListener...
2026-07-15 22:40:24,628 [INFO] [MainThread] [root/bar_manager.py:92]: Stopping SystemEventListener...
2026-07-15 22:40:24,628 [INFO] [MainThread] [root/bar_manager.py:92]: Stopping WindowsNotificationEventListener...
2026-07-15 22:40:24,632 [DEBUG] [MainThread] [systray_widget/systray.py:504]: Saving state to disk
2026-07-15 22:40:24,633 [DEBUG] [MainThread] [systray_widget/systray.py:508]: Saving state to C:\Users\Srinath\AppData\Local\YASB\systray_state_MLTDDISPLAY1.json
2026-07-15 22:40:24,643 [DEBUG] [MainThread] [systray_widget/utils.py:96]: Destroying window 66914
2026-07-15 22:40:24,654 [DEBUG] [MainThread] [qasync._windows._EventPoller/_windows.py:220]: Stopping worker thread...
2026-07-15 22:40:24,657 [DEBUG] [Dummy-9] [qasync._windows._EventWorker/_windows.py:204]: Exiting thread
2026-07-15 22:40:24,659 [DEBUG] [MainThread] [qasync._windows._IocpProactor/_windows.py:78]: Closing
2026-07-15 22:40:24,733 [DEBUG] [MainThread] [systray_widget/utils.py:96]: Destroying window 66914
2026-07-15 22:59:00,501 [INFO] [MainThread] [root/log.py:69]: YASB v1.8.5
2026-07-15 22:59:00,502 [INFO] [Thread-1 (_run_server)] [cli_server/cli_server.py:212]: CLI server started v1.1.4
2026-07-15 22:59:00,503 [INFO] [MainThread] [cli_server/cli_server.py:104]: Log pipe server started
2026-07-15 22:59:02,396 [INFO] [MainThread] [root/service.py:48]: AudioOutputService starting...
2026-07-15 22:59:03,937 [INFO] [MainThread] [root/bar_manager.py:85]: Starting KomorebiEventListener...
2026-07-15 22:59:03,937 [INFO] [MainThread] [root/bar_manager.py:85]: Starting SystemEventListener...
2026-07-15 22:59:03,938 [INFO] [MainThread] [root/bar_manager.py:85]: Starting WindowsNotificationEventListener...
2026-07-15 22:59:03,938 [INFO] [Dummy-4] [root/event_listener.py:51]: Created named pipe yasb-acd3a803-8072-11f1-b6ce-b48c9d368940
2026-07-15 22:59:03,940 [INFO] [MainThread] [root/watcher.py:54]: Created file watcher for path C:\Users\Srinath\.config\yasb
2026-07-15 22:59:04,115 [INFO] [MainThread] [root/update_service.py:404]: Background update checker started
2026-07-15 22:59:04,115 [DEBUG] [MainThread] [qasync._windows._EventPoller/_windows.py:215]: Starting (proactor: <_IocpProactor overlapped#=0 result#=0>)...
2026-07-15 22:59:04,118 [DEBUG] [Dummy-9] [qasync._windows._EventWorker/_windows.py:195]: Thread started
2026-07-15 22:59:04,122 [DEBUG] [MainThread] [systray_widget/systray.py:526]: Loading state from C:\Users\Srinath\AppData\Local\YASB\systray_state_MLTDDISPLAY1.json
2026-07-15 22:59:04,162 [DEBUG] [SystrayMonitor] [systray_widget/systray.py:57]: Systray thread is starting...
2026-07-15 22:59:04,559 [DEBUG] [MainThread] [systray_widget/systray.py:277]: Systray thread started
2026-07-15 22:59:04,761 [DEBUG] [SystrayMonitor] [systray_widget/systray_monitor.py:164]: Adding TaskbandHWND prop to hwnd 66874
2026-07-15 22:59:04,767 [DEBUG] [SystrayMonitor] [systray_widget/systray_monitor.py:242]: Finding real tray hwnd
2026-07-15 22:59:04,770 [DEBUG] [MainThread] [systray_widget/systray_monitor.py:157]: Sending TaskbarCreated message: 49358
2026-07-15 22:59:14,948 [ERROR] [UpdateChecker] [root/update_service.py:280]: Unexpected error checking for updates: The read operation timed out
2026-07-15 22:59:14,949 [WARNING] [UpdateChecker] [root/update_service.py:400]: Background update check failed: The read operation timed out
2026-07-15 23:31:40,807 [ERROR] [SystrayMonitor] [root/app_icons.py:282]: GetIconInfo failed: 0
2026-07-16 00:08:12,268 [INFO] [MainThread] [root/bar_manager.py:92]: Stopping KomorebiEventListener...
2026-07-16 00:08:12,269 [INFO] [MainThread] [root/bar_manager.py:92]: Stopping SystemEventListener...
2026-07-16 00:08:12,269 [INFO] [MainThread] [root/bar_manager.py:92]: Stopping WindowsNotificationEventListener...
2026-07-16 00:08:12,272 [DEBUG] [MainThread] [systray_widget/systray.py:504]: Saving state to disk
2026-07-16 00:08:12,273 [DEBUG] [MainThread] [systray_widget/systray.py:508]: Saving state to C:\Users\Srinath\AppData\Local\YASB\systray_state_MLTDDISPLAY1.json
2026-07-16 00:08:12,296 [DEBUG] [MainThread] [systray_widget/utils.py:96]: Destroying window 66874
2026-07-16 19:09:02,218 [INFO] [MainThread] [root/log.py:69]: YASB v1.8.5
2026-07-16 19:09:02,220 [INFO] [Thread-1 (_run_server)] [cli_server/cli_server.py:212]: CLI server started v1.1.4
2026-07-16 19:09:02,220 [INFO] [MainThread] [cli_server/cli_server.py:104]: Log pipe server started
2026-07-16 19:09:04,186 [INFO] [MainThread] [root/service.py:48]: AudioOutputService starting...
2026-07-16 19:09:06,062 [INFO] [MainThread] [root/bar_manager.py:85]: Starting KomorebiEventListener...
2026-07-16 19:09:06,063 [INFO] [MainThread] [root/bar_manager.py:85]: Starting SystemEventListener...
2026-07-16 19:09:06,063 [INFO] [MainThread] [root/bar_manager.py:85]: Starting WindowsNotificationEventListener...
2026-07-16 19:09:06,065 [INFO] [Dummy-5] [root/event_listener.py:51]: Created named pipe yasb-b710d32d-811b-11f1-992a-b48c9d368940
2026-07-16 19:09:06,067 [INFO] [MainThread] [root/watcher.py:54]: Created file watcher for path C:\Users\Srinath\.config\yasb
2026-07-16 19:09:06,277 [INFO] [MainThread] [root/update_service.py:404]: Background update checker started
2026-07-16 19:09:06,277 [DEBUG] [MainThread] [qasync._windows._EventPoller/_windows.py:215]: Starting (proactor: <_IocpProactor overlapped#=0 result#=0>)...
2026-07-16 19:09:06,328 [DEBUG] [Dummy-10] [qasync._windows._EventWorker/_windows.py:195]: Thread started
2026-07-16 19:09:06,341 [DEBUG] [MainThread] [systray_widget/systray.py:526]: Loading state from C:\Users\Srinath\AppData\Local\YASB\systray_state_ACERTECHNOLOGIESVG271UM32526057A84212.json
2026-07-16 19:09:06,354 [DEBUG] [SystrayMonitor] [systray_widget/systray.py:57]: Systray thread is starting...
2026-07-16 19:09:06,505 [DEBUG] [SystrayMonitor] [systray_widget/systray_monitor.py:242]: Finding real tray hwnd
2026-07-16 19:09:06,709 [DEBUG] [MainThread] [systray_widget/systray.py:526]: Loading state from C:\Users\Srinath\AppData\Local\YASB\systray_state_MLTDDISPLAY1.json
2026-07-16 19:09:06,996 [ERROR] [UpdateChecker] [root/update_service.py:271]: GitHub API HTTP error: 403 rate limit exceeded
2026-07-16 19:09:06,996 [WARNING] [UpdateChecker] [root/update_service.py:400]: Background update check failed: HTTP Error 403: rate limit exceeded
2026-07-16 19:09:07,022 [DEBUG] [MainThread] [systray_widget/systray.py:277]: Systray thread started
2026-07-16 19:09:07,239 [DEBUG] [SystrayMonitor] [systray_widget/systray_monitor.py:164]: Adding TaskbandHWND prop to hwnd 132574
2026-07-16 19:09:07,254 [DEBUG] [MainThread] [systray_widget/systray_monitor.py:157]: Sending TaskbarCreated message: 49342
2026-07-16 19:52:19,043 [INFO] [MainThread] [root/bar_manager.py:80]: Screens updated. Re-initialising all bars.
2026-07-16 19:52:19,044 [INFO] [MainThread] [root/controller.py:15]: Reloading Application because of screen update.
2026-07-16 19:52:19,154 [INFO] [MainThread] [cli_server/cli_server.py:112]: Log pipe server stopped
2026-07-16 19:52:19,155 [DEBUG] [MainThread] [cli_server/cli_server.py:206]: CLI server stopped
2026-07-16 19:52:19,169 [INFO] [MainThread] [root/bar.py:154]: Screen geometry changed. Updating position for bar status-bar on screen \\.\DISPLAY1
2026-07-16 19:52:23,344 [INFO] [MainThread] [root/bar_manager.py:92]: Stopping KomorebiEventListener...
2026-07-16 19:52:23,345 [INFO] [MainThread] [root/bar_manager.py:92]: Stopping SystemEventListener...
2026-07-16 19:52:23,345 [INFO] [MainThread] [root/bar_manager.py:92]: Stopping WindowsNotificationEventListener...
2026-07-16 19:52:23,358 [DEBUG] [MainThread] [systray_widget/systray.py:504]: Saving state to disk
2026-07-16 19:52:23,359 [DEBUG] [MainThread] [systray_widget/systray.py:508]: Saving state to C:\Users\Srinath\AppData\Local\YASB\systray_state_MLTDDISPLAY1.json
2026-07-16 19:52:23,372 [DEBUG] [MainThread] [systray_widget/utils.py:96]: Destroying window 132574
2026-07-16 19:52:23,373 [DEBUG] [MainThread] [systray_widget/systray.py:504]: Saving state to disk
2026-07-16 19:52:23,374 [DEBUG] [MainThread] [systray_widget/systray.py:508]: Saving state to C:\Users\Srinath\AppData\Local\YASB\systray_state_MLTDDISPLAY1.json
2026-07-16 19:52:23,386 [DEBUG] [MainThread] [systray_widget/utils.py:96]: Destroying window 132574
2026-07-16 19:52:23,402 [DEBUG] [MainThread] [qasync._windows._EventPoller/_windows.py:220]: Stopping worker thread...
2026-07-16 19:52:23,415 [DEBUG] [Dummy-10] [qasync._windows._EventWorker/_windows.py:204]: Exiting thread
2026-07-16 19:52:23,431 [DEBUG] [MainThread] [qasync._windows._IocpProactor/_windows.py:78]: Closing
2026-07-16 19:52:23,497 [DEBUG] [MainThread] [systray_widget/utils.py:96]: Destroying window 132574
2026-07-16 19:52:24,752 [INFO] [MainThread] [root/log.py:69]: YASB v1.8.5
2026-07-16 19:52:24,753 [INFO] [Thread-1 (_run_server)] [cli_server/cli_server.py:212]: CLI server started v1.1.4
2026-07-16 19:52:24,754 [INFO] [MainThread] [cli_server/cli_server.py:104]: Log pipe server started
2026-07-16 19:52:26,527 [INFO] [MainThread] [root/service.py:48]: AudioOutputService starting...
2026-07-16 19:52:28,231 [INFO] [MainThread] [root/bar_manager.py:85]: Starting WindowsNotificationEventListener...
2026-07-16 19:52:28,232 [INFO] [MainThread] [root/bar_manager.py:85]: Starting KomorebiEventListener...
2026-07-16 19:52:28,232 [INFO] [MainThread] [root/bar_manager.py:85]: Starting SystemEventListener...
2026-07-16 19:52:28,233 [INFO] [MainThread] [root/watcher.py:54]: Created file watcher for path C:\Users\Srinath\.config\yasb
2026-07-16 19:52:28,240 [INFO] [Dummy-6] [root/event_listener.py:51]: Created named pipe yasb-c6147127-8121-11f1-a9b4-b48c9d368940
2026-07-16 19:52:28,379 [INFO] [MainThread] [root/update_service.py:404]: Background update checker started
2026-07-16 19:52:28,379 [DEBUG] [MainThread] [qasync._windows._EventPoller/_windows.py:215]: Starting (proactor: <_IocpProactor overlapped#=0 result#=0>)...
2026-07-16 19:52:28,380 [DEBUG] [Dummy-9] [qasync._windows._EventWorker/_windows.py:195]: Thread started
2026-07-16 19:52:28,383 [DEBUG] [MainThread] [systray_widget/systray.py:526]: Loading state from C:\Users\Srinath\AppData\Local\YASB\systray_state_DISPLAY1.json
2026-07-16 19:52:28,417 [DEBUG] [SystrayMonitor] [systray_widget/systray.py:57]: Systray thread is starting...
2026-07-16 19:52:28,898 [ERROR] [UpdateChecker] [root/update_service.py:271]: GitHub API HTTP error: 403 rate limit exceeded
2026-07-16 19:52:28,898 [WARNING] [UpdateChecker] [root/update_service.py:400]: Background update check failed: HTTP Error 403: rate limit exceeded
2026-07-16 19:52:30,016 [DEBUG] [SystrayMonitor] [systray_widget/systray_monitor.py:242]: Finding real tray hwnd
2026-07-16 19:52:31,098 [DEBUG] [MainThread] [systray_widget/systray.py:277]: Systray thread started
2026-07-16 19:52:31,971 [DEBUG] [SystrayMonitor] [systray_widget/systray_monitor.py:164]: Adding TaskbandHWND prop to hwnd 132586
2026-07-16 19:52:31,998 [DEBUG] [MainThread] [systray_widget/systray_monitor.py:157]: Sending TaskbarCreated message: 49342
2026-07-17 13:29:22,761 [ERROR] [MainThread] [root/gpu.py:170]: Error updating shared GPU data: Command '['C:\\WINDOWS\\system32\\nvidia-smi.EXE', '--query-gpu=index,utilization.gpu,memory.total,memory.used,memory.free,temperature.gpu,fan.speed', '--format=csv,noheader,nounits']' timed out after 2 seconds
2026-07-17 13:29:47,626 [INFO] [MainThread] [root/bar_manager.py:80]: Screens updated. Re-initialising all bars.
2026-07-17 13:29:47,626 [INFO] [MainThread] [root/controller.py:15]: Reloading Application because of screen update.
2026-07-17 13:29:47,739 [INFO] [MainThread] [cli_server/cli_server.py:112]: Log pipe server stopped
2026-07-17 13:29:47,740 [DEBUG] [MainThread] [cli_server/cli_server.py:206]: CLI server stopped
2026-07-17 13:29:50,422 [INFO] [MainThread] [root/bar_manager.py:80]: Screens updated. Re-initialising all bars.
2026-07-17 13:29:50,423 [INFO] [MainThread] [root/controller.py:15]: Reloading Application because of screen update.
2026-07-17 13:29:50,526 [INFO] [MainThread] [cli_server/cli_server.py:112]: Log pipe server stopped
2026-07-17 13:29:50,526 [DEBUG] [MainThread] [cli_server/cli_server.py:206]: CLI server stopped
2026-07-17 13:29:50,530 [INFO] [MainThread] [root/bar.py:154]: Screen geometry changed. Updating position for bar status-bar on screen \\.\DISPLAY1
2026-07-17 13:29:51,208 [INFO] [MainThread] [root/bar_manager.py:80]: Screens updated. Re-initialising all bars.
2026-07-17 13:29:51,208 [INFO] [MainThread] [root/controller.py:15]: Reloading Application because of screen update.
2026-07-17 13:29:51,323 [INFO] [MainThread] [cli_server/cli_server.py:112]: Log pipe server stopped
2026-07-17 13:29:51,323 [DEBUG] [MainThread] [cli_server/cli_server.py:206]: CLI server stopped
2026-07-17 13:29:51,348 [INFO] [MainThread] [root/bar_manager.py:92]: Stopping WindowsNotificationEventListener...
2026-07-17 13:29:51,348 [INFO] [MainThread] [root/bar_manager.py:92]: Stopping KomorebiEventListener...
2026-07-17 13:29:51,349 [INFO] [MainThread] [root/bar_manager.py:92]: Stopping SystemEventListener...
2026-07-17 13:29:51,354 [DEBUG] [MainThread] [systray_widget/systray.py:504]: Saving state to disk
2026-07-17 13:29:51,355 [DEBUG] [MainThread] [systray_widget/systray.py:508]: Saving state to C:\Users\Srinath\AppData\Local\YASB\systray_state_ACERTECHNOLOGIESVG271UM32526057A84212.json
2026-07-17 13:29:51,367 [DEBUG] [MainThread] [systray_widget/utils.py:96]: Destroying window 132586
2026-07-17 13:29:51,381 [DEBUG] [MainThread] [qasync._windows._EventPoller/_windows.py:220]: Stopping worker thread...
2026-07-17 13:29:51,386 [DEBUG] [Dummy-9] [qasync._windows._EventWorker/_windows.py:204]: Exiting thread
2026-07-17 13:29:51,387 [DEBUG] [MainThread] [qasync._windows._IocpProactor/_windows.py:78]: Closing
2026-07-17 13:29:51,403 [DEBUG] [MainThread] [systray_widget/utils.py:96]: Destroying window 132586
2026-07-17 13:29:51,712 [INFO] [MainThread] [root/log.py:69]: YASB v1.8.5
2026-07-17 13:29:51,713 [INFO] [Thread-1 (_run_server)] [cli_server/cli_server.py:212]: CLI server started v1.1.4
2026-07-17 13:29:51,714 [INFO] [MainThread] [cli_server/cli_server.py:104]: Log pipe server started
2026-07-17 13:29:51,717 [INFO] [MainThread] [root/log.py:69]: YASB v1.8.5
2026-07-17 13:29:51,718 [INFO] [Thread-1 (_run_server)] [cli_server/cli_server.py:212]: CLI server started v1.1.4
2026-07-17 13:29:51,718 [INFO] [MainThread] [cli_server/cli_server.py:104]: Log pipe server started
2026-07-17 13:29:51,718 [INFO] [MainThread] [root/main.py:45]: Waiting for previous YASB instance to exit...
2026-07-17 13:29:51,799 [INFO] [MainThread] [root/log.py:69]: YASB v1.8.5
2026-07-17 13:29:51,800 [INFO] [Thread-1 (_run_server)] [cli_server/cli_server.py:212]: CLI server started v1.1.4
2026-07-17 13:29:51,801 [INFO] [MainThread] [cli_server/cli_server.py:104]: Log pipe server started
2026-07-17 13:29:51,801 [INFO] [MainThread] [root/main.py:45]: Waiting for previous YASB instance to exit...
2026-07-17 13:29:53,084 [INFO] [MainThread] [root/service.py:48]: AudioOutputService starting...
2026-07-17 13:29:54,715 [INFO] [MainThread] [root/bar_manager.py:85]: Starting WindowsNotificationEventListener...
2026-07-17 13:29:54,716 [INFO] [MainThread] [root/bar_manager.py:85]: Starting KomorebiEventListener...
2026-07-17 13:29:54,717 [INFO] [MainThread] [root/bar_manager.py:85]: Starting SystemEventListener...
2026-07-17 13:29:54,718 [INFO] [MainThread] [root/watcher.py:54]: Created file watcher for path C:\Users\Srinath\.config\yasb
2026-07-17 13:29:54,726 [INFO] [Dummy-6] [root/event_listener.py:51]: Created named pipe yasb-7f21aaa8-81b5-11f1-938f-b48c9d368940
2026-07-17 13:29:54,868 [INFO] [MainThread] [root/update_service.py:404]: Background update checker started
2026-07-17 13:29:54,869 [DEBUG] [MainThread] [qasync._windows._EventPoller/_windows.py:215]: Starting (proactor: <_IocpProactor overlapped#=0 result#=0>)...
2026-07-17 13:29:54,870 [DEBUG] [Dummy-9] [qasync._windows._EventWorker/_windows.py:195]: Thread started
2026-07-17 13:29:54,873 [DEBUG] [MainThread] [systray_widget/systray.py:526]: Loading state from C:\Users\Srinath\AppData\Local\YASB\systray_state_ACERTECHNOLOGIESVG271UM32526057A84212.json
2026-07-17 13:29:54,876 [DEBUG] [SystrayMonitor] [systray_widget/systray.py:57]: Systray thread is starting...
2026-07-17 13:29:55,189 [DEBUG] [MainThread] [systray_widget/systray.py:277]: Systray thread started
2026-07-17 13:29:55,263 [WARNING] [UpdateChecker] [root/update_service.py:274]: Network error checking for updates: [Errno 11001] getaddrinfo failed
2026-07-17 13:29:55,263 [WARNING] [UpdateChecker] [root/update_service.py:400]: Background update check failed: <urlopen error [Errno 11001] getaddrinfo failed>
2026-07-17 13:29:55,391 [DEBUG] [SystrayMonitor] [systray_widget/systray_monitor.py:164]: Adding TaskbandHWND prop to hwnd 329112
2026-07-17 13:29:55,396 [DEBUG] [MainThread] [systray_widget/systray_monitor.py:157]: Sending TaskbarCreated message: 49342
2026-07-17 13:29:57,091 [DEBUG] [SystrayMonitor] [systray_widget/systray_monitor.py:242]: Finding real tray hwnd
2026-07-17 13:30:01,734 [ERROR] [MainThread] [root/main.py:68]: Timeout waiting for previous instance. Aborting start.
2026-07-17 13:30:01,819 [ERROR] [MainThread] [root/main.py:68]: Timeout waiting for previous instance. Aborting start.
2026-07-17 15:53:03,615 [ERROR] [SystrayMonitor] [root/app_icons.py:282]: GetIconInfo failed: 0
2026-07-17 21:23:40,441 [INFO] [MainThread] [root/controller.py:35]: Exiting Application...
2026-07-17 21:23:40,554 [INFO] [MainThread] [cli_server/cli_server.py:112]: Log pipe server stopped
2026-07-17 21:23:40,554 [DEBUG] [MainThread] [cli_server/cli_server.py:206]: CLI server stopped
2026-07-17 21:23:41,189 [INFO] [MainThread] [root/bar_manager.py:92]: Stopping WindowsNotificationEventListener...
2026-07-17 21:23:41,189 [INFO] [MainThread] [root/bar_manager.py:92]: Stopping KomorebiEventListener...
2026-07-17 21:23:41,189 [INFO] [MainThread] [root/bar_manager.py:92]: Stopping SystemEventListener...
2026-07-17 21:23:41,202 [DEBUG] [MainThread] [systray_widget/systray.py:504]: Saving state to disk
2026-07-17 21:23:41,203 [DEBUG] [MainThread] [systray_widget/systray.py:508]: Saving state to C:\Users\Srinath\AppData\Local\YASB\systray_state_ACERTECHNOLOGIESVG271UM32526057A84212.json
2026-07-17 21:23:41,222 [DEBUG] [MainThread] [systray_widget/utils.py:96]: Destroying window 329112
2026-07-17 21:23:41,270 [DEBUG] [MainThread] [qasync._windows._EventPoller/_windows.py:220]: Stopping worker thread...
2026-07-17 21:23:41,282 [DEBUG] [Dummy-9] [qasync._windows._EventWorker/_windows.py:204]: Exiting thread
2026-07-17 21:23:41,295 [DEBUG] [MainThread] [qasync._windows._IocpProactor/_windows.py:78]: Closing
2026-07-17 21:23:41,480 [DEBUG] [MainThread] [systray_widget/utils.py:96]: Destroying window 329112
2026-07-17 21:31:53,047 [INFO] [MainThread] [root/log.py:69]: YASB v1.8.5
2026-07-17 21:31:53,050 [INFO] [Thread-1 (_run_server)] [cli_server/cli_server.py:212]: CLI server started v1.1.4
2026-07-17 21:31:53,050 [INFO] [MainThread] [cli_server/cli_server.py:104]: Log pipe server started
2026-07-17 21:31:56,282 [INFO] [MainThread] [root/service.py:48]: AudioOutputService starting...
2026-07-17 21:31:57,730 [INFO] [MainThread] [root/bar_manager.py:85]: Starting KomorebiEventListener...
2026-07-17 21:31:57,731 [INFO] [MainThread] [root/bar_manager.py:85]: Starting SystemEventListener...
2026-07-17 21:31:57,732 [INFO] [MainThread] [root/bar_manager.py:85]: Starting WindowsNotificationEventListener...
2026-07-17 21:31:57,732 [INFO] [Dummy-4] [root/event_listener.py:51]: Created named pipe yasb-d697609b-81f8-11f1-9b0c-b48c9d368940
2026-07-17 21:31:57,734 [INFO] [MainThread] [root/watcher.py:54]: Created file watcher for path C:\Users\Srinath\.config\yasb
2026-07-17 21:31:57,898 [INFO] [MainThread] [root/update_service.py:404]: Background update checker started
2026-07-17 21:31:57,899 [DEBUG] [MainThread] [qasync._windows._EventPoller/_windows.py:215]: Starting (proactor: <_IocpProactor overlapped#=0 result#=0>)...
2026-07-17 21:31:57,934 [DEBUG] [Dummy-9] [qasync._windows._EventWorker/_windows.py:195]: Thread started
2026-07-17 21:31:57,944 [DEBUG] [MainThread] [systray_widget/systray.py:526]: Loading state from C:\Users\Srinath\AppData\Local\YASB\systray_state_ACERTECHNOLOGIESVG271UM32526057A84212.json
2026-07-17 21:31:57,957 [DEBUG] [SystrayMonitor] [systray_widget/systray.py:57]: Systray thread is starting...
2026-07-17 21:31:58,061 [DEBUG] [SystrayMonitor] [systray_widget/systray_monitor.py:242]: Finding real tray hwnd
2026-07-17 21:31:58,403 [DEBUG] [MainThread] [systray_widget/systray.py:277]: Systray thread started
2026-07-17 21:31:58,499 [ERROR] [UpdateChecker] [root/update_service.py:271]: GitHub API HTTP error: 403 rate limit exceeded
2026-07-17 21:31:58,499 [WARNING] [UpdateChecker] [root/update_service.py:400]: Background update check failed: HTTP Error 403: rate limit exceeded
2026-07-17 21:31:58,605 [DEBUG] [SystrayMonitor] [systray_widget/systray_monitor.py:164]: Adding TaskbandHWND prop to hwnd 67002
2026-07-17 21:31:58,612 [DEBUG] [MainThread] [systray_widget/systray_monitor.py:157]: Sending TaskbarCreated message: 49366
2026-07-17 21:37:48,967 [INFO] [Dummy-4] [root/event_listener.py:125]: Komorebi connected to named pipe: yasb-d697609b-81f8-11f1-9b0c-b48c9d368940
2026-07-17 22:13:49,535 [INFO] [MainThread] [root/controller.py:35]: Exiting Application...
2026-07-17 22:13:49,645 [INFO] [MainThread] [cli_server/cli_server.py:112]: Log pipe server stopped
2026-07-17 22:13:49,645 [DEBUG] [MainThread] [cli_server/cli_server.py:206]: CLI server stopped
2026-07-17 22:13:49,933 [INFO] [MainThread] [root/bar_manager.py:92]: Stopping KomorebiEventListener...
2026-07-17 22:13:49,933 [INFO] [MainThread] [root/bar_manager.py:92]: Stopping SystemEventListener...
2026-07-17 22:13:49,936 [INFO] [MainThread] [root/bar_manager.py:92]: Stopping WindowsNotificationEventListener...
2026-07-17 22:13:49,945 [INFO] [Dummy-4] [root/event_listener.py:92]: Attempting to reconnect to Komorebi...
2026-07-17 22:13:49,957 [DEBUG] [MainThread] [systray_widget/systray.py:504]: Saving state to disk
2026-07-17 22:13:49,958 [DEBUG] [MainThread] [systray_widget/systray.py:508]: Saving state to C:\Users\Srinath\AppData\Local\YASB\systray_state_ACERTECHNOLOGIESVG271UM32526057A84212.json
2026-07-17 22:13:49,961 [DEBUG] [MainThread] [systray_widget/utils.py:96]: Destroying window 67002
2026-07-17 22:13:49,990 [DEBUG] [MainThread] [qasync._windows._EventPoller/_windows.py:220]: Stopping worker thread...
2026-07-17 22:13:50,003 [DEBUG] [Dummy-9] [qasync._windows._EventWorker/_windows.py:204]: Exiting thread
2026-07-17 22:13:50,006 [DEBUG] [MainThread] [qasync._windows._IocpProactor/_windows.py:78]: Closing
2026-07-17 22:13:50,070 [DEBUG] [MainThread] [systray_widget/utils.py:96]: Destroying window 67002
2026-07-17 22:16:39,313 [INFO] [MainThread] [root/log.py:69]: YASB v1.8.5
2026-07-17 22:16:39,316 [INFO] [Thread-1 (_run_server)] [cli_server/cli_server.py:212]: CLI server started v1.1.4
2026-07-17 22:16:39,316 [INFO] [MainThread] [cli_server/cli_server.py:104]: Log pipe server started
2026-07-17 22:16:41,156 [INFO] [MainThread] [root/service.py:48]: AudioOutputService starting...
2026-07-17 22:16:42,459 [INFO] [MainThread] [root/bar_manager.py:85]: Starting WindowsNotificationEventListener...
2026-07-17 22:16:42,460 [INFO] [MainThread] [root/bar_manager.py:85]: Starting KomorebiEventListener...
2026-07-17 22:16:42,461 [INFO] [MainThread] [root/bar_manager.py:85]: Starting SystemEventListener...
2026-07-17 22:16:42,462 [INFO] [MainThread] [root/watcher.py:54]: Created file watcher for path C:\Users\Srinath\.config\yasb
2026-07-17 22:16:42,462 [INFO] [Dummy-6] [root/event_listener.py:51]: Created named pipe yasb-16d0a3a8-81ff-11f1-902c-b48c9d368940
2026-07-17 22:16:42,615 [INFO] [MainThread] [root/update_service.py:404]: Background update checker started
2026-07-17 22:16:42,615 [DEBUG] [MainThread] [qasync._windows._EventPoller/_windows.py:215]: Starting (proactor: <_IocpProactor overlapped#=0 result#=0>)...
2026-07-17 22:16:42,617 [DEBUG] [Dummy-9] [qasync._windows._EventWorker/_windows.py:195]: Thread started
2026-07-17 22:16:42,620 [DEBUG] [MainThread] [systray_widget/systray.py:526]: Loading state from C:\Users\Srinath\AppData\Local\YASB\systray_state_ACERTECHNOLOGIESVG271UM32526057A84212.json
2026-07-17 22:16:42,665 [DEBUG] [SystrayMonitor] [systray_widget/systray.py:57]: Systray thread is starting...
2026-07-17 22:16:43,123 [DEBUG] [MainThread] [systray_widget/systray.py:277]: Systray thread started
2026-07-17 22:16:43,262 [ERROR] [UpdateChecker] [root/update_service.py:271]: GitHub API HTTP error: 403 rate limit exceeded
2026-07-17 22:16:43,262 [WARNING] [UpdateChecker] [root/update_service.py:400]: Background update check failed: HTTP Error 403: rate limit exceeded
2026-07-17 22:16:43,325 [DEBUG] [SystrayMonitor] [systray_widget/systray_monitor.py:164]: Adding TaskbandHWND prop to hwnd 66916
2026-07-17 22:16:43,331 [DEBUG] [SystrayMonitor] [systray_widget/systray_monitor.py:242]: Finding real tray hwnd
2026-07-17 22:16:43,336 [DEBUG] [MainThread] [systray_widget/systray_monitor.py:157]: Sending TaskbarCreated message: 49366
2026-07-17 22:29:35,620 [ERROR] [SystrayMonitor] [root/app_icons.py:282]: GetIconInfo failed: 0
2026-07-17 22:35:10,932 [INFO] [MainThread] [root/controller.py:35]: Exiting Application...
2026-07-17 22:35:11,037 [INFO] [MainThread] [cli_server/cli_server.py:112]: Log pipe server stopped
2026-07-17 22:35:11,037 [DEBUG] [MainThread] [cli_server/cli_server.py:206]: CLI server stopped
2026-07-17 22:35:11,354 [INFO] [MainThread] [root/bar_manager.py:92]: Stopping WindowsNotificationEventListener...
2026-07-17 22:35:11,354 [INFO] [MainThread] [root/bar_manager.py:92]: Stopping KomorebiEventListener...
2026-07-17 22:35:11,355 [INFO] [MainThread] [root/bar_manager.py:92]: Stopping SystemEventListener...
2026-07-17 22:35:11,359 [DEBUG] [MainThread] [systray_widget/systray.py:504]: Saving state to disk
2026-07-17 22:35:11,360 [DEBUG] [MainThread] [systray_widget/systray.py:508]: Saving state to C:\Users\Srinath\AppData\Local\YASB\systray_state_ACERTECHNOLOGIESVG271UM32526057A84212.json
2026-07-17 22:35:11,372 [DEBUG] [MainThread] [systray_widget/utils.py:96]: Destroying window 66916
2026-07-17 22:35:11,390 [DEBUG] [MainThread] [qasync._windows._EventPoller/_windows.py:220]: Stopping worker thread...
2026-07-17 22:35:11,395 [DEBUG] [Dummy-9] [qasync._windows._EventWorker/_windows.py:204]: Exiting thread
2026-07-17 22:35:11,397 [DEBUG] [MainThread] [qasync._windows._IocpProactor/_windows.py:78]: Closing
2026-07-17 22:35:11,519 [DEBUG] [MainThread] [systray_widget/utils.py:96]: Destroying window 66916
2026-07-17 23:57:09,080 [INFO] [MainThread] [root/log.py:69]: YASB v1.8.5
2026-07-17 23:57:09,082 [INFO] [Thread-1 (_run_server)] [cli_server/cli_server.py:212]: CLI server started v1.1.4
2026-07-17 23:57:09,082 [INFO] [MainThread] [cli_server/cli_server.py:104]: Log pipe server started
2026-07-17 23:57:11,176 [INFO] [MainThread] [root/service.py:48]: AudioOutputService starting...
2026-07-17 23:57:12,536 [INFO] [MainThread] [root/bar_manager.py:85]: Starting SystemEventListener...
2026-07-17 23:57:12,537 [INFO] [MainThread] [root/bar_manager.py:85]: Starting WindowsNotificationEventListener...
2026-07-17 23:57:12,538 [INFO] [MainThread] [root/bar_manager.py:85]: Starting KomorebiEventListener...
2026-07-17 23:57:12,539 [INFO] [MainThread] [root/watcher.py:54]: Created file watcher for path C:\Users\Srinath\.config\yasb
2026-07-17 23:57:12,540 [INFO] [Dummy-6] [root/event_listener.py:51]: Created named pipe yasb-2105784a-820d-11f1-8b7e-b48c9d368940
2026-07-17 23:57:12,686 [INFO] [MainThread] [root/update_service.py:404]: Background update checker started
2026-07-17 23:57:12,687 [DEBUG] [MainThread] [qasync._windows._EventPoller/_windows.py:215]: Starting (proactor: <_IocpProactor overlapped#=0 result#=0>)...
2026-07-17 23:57:12,721 [DEBUG] [Dummy-9] [qasync._windows._EventWorker/_windows.py:195]: Thread started
2026-07-17 23:57:12,737 [DEBUG] [MainThread] [systray_widget/systray.py:526]: Loading state from C:\Users\Srinath\AppData\Local\YASB\systray_state_ACERTECHNOLOGIESVG271UM32526057A84212.json
2026-07-17 23:57:12,752 [DEBUG] [SystrayMonitor] [systray_widget/systray.py:57]: Systray thread is starting...
2026-07-17 23:57:13,165 [DEBUG] [MainThread] [systray_widget/systray.py:277]: Systray thread started
2026-07-17 23:57:13,263 [ERROR] [UpdateChecker] [root/update_service.py:271]: GitHub API HTTP error: 403 rate limit exceeded
2026-07-17 23:57:13,263 [WARNING] [UpdateChecker] [root/update_service.py:400]: Background update check failed: HTTP Error 403: rate limit exceeded
2026-07-17 23:57:13,365 [DEBUG] [SystrayMonitor] [systray_widget/systray_monitor.py:164]: Adding TaskbandHWND prop to hwnd 67082
2026-07-17 23:57:13,372 [DEBUG] [SystrayMonitor] [systray_widget/systray_monitor.py:242]: Finding real tray hwnd
2026-07-17 23:57:13,375 [DEBUG] [MainThread] [systray_widget/systray_monitor.py:157]: Sending TaskbarCreated message: 49366
2026-07-18 01:05:34,589 [INFO] [MainThread] [root/controller.py:35]: Exiting Application...
2026-07-18 01:05:34,707 [INFO] [MainThread] [cli_server/cli_server.py:112]: Log pipe server stopped
2026-07-18 01:05:34,707 [DEBUG] [MainThread] [cli_server/cli_server.py:206]: CLI server stopped
2026-07-18 01:05:34,818 [INFO] [MainThread] [root/bar_manager.py:92]: Stopping SystemEventListener...
2026-07-18 01:05:34,819 [INFO] [MainThread] [root/bar_manager.py:92]: Stopping WindowsNotificationEventListener...
2026-07-18 01:05:34,819 [INFO] [MainThread] [root/bar_manager.py:92]: Stopping KomorebiEventListener...
2026-07-18 01:05:34,826 [DEBUG] [MainThread] [systray_widget/systray.py:504]: Saving state to disk
2026-07-18 01:05:34,827 [DEBUG] [MainThread] [systray_widget/systray.py:508]: Saving state to C:\Users\Srinath\AppData\Local\YASB\systray_state_ACERTECHNOLOGIESVG271UM32526057A84212.json
2026-07-18 01:05:34,830 [DEBUG] [MainThread] [systray_widget/utils.py:96]: Destroying window 67082
2026-07-18 01:05:34,885 [DEBUG] [MainThread] [qasync._windows._EventPoller/_windows.py:220]: Stopping worker thread...
2026-07-18 01:05:34,887 [DEBUG] [Dummy-9] [qasync._windows._EventWorker/_windows.py:204]: Exiting thread
2026-07-18 01:05:34,897 [DEBUG] [MainThread] [qasync._windows._IocpProactor/_windows.py:78]: Closing
2026-07-18 01:05:34,970 [DEBUG] [MainThread] [systray_widget/utils.py:96]: Destroying window 67082
2026-07-18 15:26:53,839 [INFO] [MainThread] [root/log.py:69]: YASB v1.8.5
2026-07-18 15:26:53,841 [INFO] [Thread-1 (_run_server)] [cli_server/cli_server.py:212]: CLI server started v1.1.4
2026-07-18 15:26:53,842 [INFO] [MainThread] [cli_server/cli_server.py:104]: Log pipe server started
2026-07-18 15:26:57,886 [INFO] [MainThread] [root/service.py:48]: AudioOutputService starting...
2026-07-18 15:26:59,221 [INFO] [MainThread] [root/bar_manager.py:85]: Starting KomorebiEventListener...
2026-07-18 15:26:59,221 [INFO] [MainThread] [root/bar_manager.py:85]: Starting SystemEventListener...
2026-07-18 15:26:59,222 [INFO] [MainThread] [root/bar_manager.py:85]: Starting WindowsNotificationEventListener...
2026-07-18 15:26:59,223 [INFO] [Dummy-4] [root/event_listener.py:51]: Created named pipe yasb-0479c02a-828f-11f1-8ef9-b48c9d368940
2026-07-18 15:26:59,224 [INFO] [MainThread] [root/watcher.py:54]: Created file watcher for path C:\Users\Srinath\.config\yasb
2026-07-18 15:26:59,370 [INFO] [MainThread] [root/update_service.py:404]: Background update checker started
2026-07-18 15:26:59,371 [DEBUG] [MainThread] [qasync._windows._EventPoller/_windows.py:215]: Starting (proactor: <_IocpProactor overlapped#=0 result#=0>)...
2026-07-18 15:26:59,373 [DEBUG] [Dummy-9] [qasync._windows._EventWorker/_windows.py:195]: Thread started
2026-07-18 15:26:59,376 [DEBUG] [MainThread] [systray_widget/systray.py:526]: Loading state from C:\Users\Srinath\AppData\Local\YASB\systray_state_ACERTECHNOLOGIESVG271UM32526057A84212.json
2026-07-18 15:26:59,420 [DEBUG] [SystrayMonitor] [systray_widget/systray.py:57]: Systray thread is starting...
2026-07-18 15:26:59,835 [DEBUG] [MainThread] [systray_widget/systray.py:277]: Systray thread started
2026-07-18 15:27:00,009 [ERROR] [UpdateChecker] [root/update_service.py:271]: GitHub API HTTP error: 403 rate limit exceeded
2026-07-18 15:27:00,009 [WARNING] [UpdateChecker] [root/update_service.py:400]: Background update check failed: HTTP Error 403: rate limit exceeded
2026-07-18 15:27:00,037 [DEBUG] [SystrayMonitor] [systray_widget/systray_monitor.py:164]: Adding TaskbandHWND prop to hwnd 66996
2026-07-18 15:27:00,046 [DEBUG] [SystrayMonitor] [systray_widget/systray_monitor.py:242]: Finding real tray hwnd
2026-07-18 15:27:00,051 [DEBUG] [MainThread] [systray_widget/systray_monitor.py:157]: Sending TaskbarCreated message: 49367
2026-07-18 16:11:54,217 [INFO] [MainThread] [root/controller.py:35]: Exiting Application...
2026-07-18 16:11:54,319 [INFO] [MainThread] [cli_server/cli_server.py:112]: Log pipe server stopped
2026-07-18 16:11:54,319 [DEBUG] [MainThread] [cli_server/cli_server.py:206]: CLI server stopped
2026-07-18 16:11:54,393 [INFO] [MainThread] [root/bar_manager.py:92]: Stopping KomorebiEventListener...
2026-07-18 16:11:54,393 [INFO] [MainThread] [root/bar_manager.py:92]: Stopping SystemEventListener...
2026-07-18 16:11:54,393 [INFO] [MainThread] [root/bar_manager.py:92]: Stopping WindowsNotificationEventListener...
2026-07-18 16:11:54,397 [DEBUG] [MainThread] [systray_widget/systray.py:504]: Saving state to disk
2026-07-18 16:11:54,398 [DEBUG] [MainThread] [systray_widget/systray.py:508]: Saving state to C:\Users\Srinath\AppData\Local\YASB\systray_state_ACERTECHNOLOGIESVG271UM32526057A84212.json
2026-07-18 16:11:54,409 [DEBUG] [MainThread] [systray_widget/utils.py:96]: Destroying window 66996
2026-07-18 16:11:54,419 [DEBUG] [MainThread] [qasync._windows._EventPoller/_windows.py:220]: Stopping worker thread...
2026-07-18 16:11:54,427 [DEBUG] [Dummy-9] [qasync._windows._EventWorker/_windows.py:204]: Exiting thread
2026-07-18 16:11:54,429 [DEBUG] [MainThread] [qasync._windows._IocpProactor/_windows.py:78]: Closing
2026-07-18 16:11:54,495 [DEBUG] [MainThread] [systray_widget/utils.py:96]: Destroying window 66996
2026-07-18 17:09:27,564 [INFO] [MainThread] [root/log.py:69]: YASB v1.8.5
2026-07-18 17:09:27,567 [INFO] [Thread-1 (_run_server)] [cli_server/cli_server.py:212]: CLI server started v1.1.4
2026-07-18 17:09:27,567 [INFO] [MainThread] [cli_server/cli_server.py:104]: Log pipe server started
2026-07-18 17:09:29,633 [INFO] [MainThread] [root/service.py:48]: AudioOutputService starting...
2026-07-18 17:09:31,252 [INFO] [MainThread] [root/bar_manager.py:85]: Starting SystemEventListener...
2026-07-18 17:09:31,252 [INFO] [MainThread] [root/bar_manager.py:85]: Starting WindowsNotificationEventListener...
2026-07-18 17:09:31,254 [INFO] [MainThread] [root/bar_manager.py:85]: Starting KomorebiEventListener...
2026-07-18 17:09:31,254 [INFO] [MainThread] [root/watcher.py:54]: Created file watcher for path C:\Users\Srinath\.config\yasb
2026-07-18 17:09:31,255 [INFO] [Dummy-6] [root/event_listener.py:51]: Created named pipe yasb-575f650c-829d-11f1-b890-b48c9d368940
2026-07-18 17:09:31,400 [INFO] [MainThread] [root/update_service.py:404]: Background update checker started
2026-07-18 17:09:31,400 [DEBUG] [MainThread] [qasync._windows._EventPoller/_windows.py:215]: Starting (proactor: <_IocpProactor overlapped#=0 result#=0>)...
2026-07-18 17:09:31,402 [DEBUG] [Dummy-9] [qasync._windows._EventWorker/_windows.py:195]: Thread started
2026-07-18 17:09:31,405 [DEBUG] [MainThread] [systray_widget/systray.py:526]: Loading state from C:\Users\Srinath\AppData\Local\YASB\systray_state_MLTDDISPLAY1.json
2026-07-18 17:09:31,435 [DEBUG] [SystrayMonitor] [systray_widget/systray.py:57]: Systray thread is starting...
2026-07-18 17:09:31,818 [DEBUG] [MainThread] [systray_widget/systray.py:277]: Systray thread started
2026-07-18 17:09:31,850 [WARNING] [UpdateChecker] [root/update_service.py:274]: Network error checking for updates: [Errno 11001] getaddrinfo failed
2026-07-18 17:09:31,850 [WARNING] [UpdateChecker] [root/update_service.py:400]: Background update check failed: <urlopen error [Errno 11001] getaddrinfo failed>
2026-07-18 17:09:32,020 [DEBUG] [SystrayMonitor] [systray_widget/systray_monitor.py:164]: Adding TaskbandHWND prop to hwnd 721682
2026-07-18 17:09:32,031 [DEBUG] [SystrayMonitor] [systray_widget/systray_monitor.py:242]: Finding real tray hwnd
2026-07-18 17:09:32,049 [DEBUG] [MainThread] [systray_widget/systray_monitor.py:157]: Sending TaskbarCreated message: 49335
2026-07-18 17:10:05,574 [ERROR] [SystrayMonitor] [root/app_icons.py:282]: GetIconInfo failed: 0
2026-07-18 17:14:26,687 [INFO] [MainThread] [root/controller.py:35]: Exiting Application...
2026-07-18 17:14:26,790 [INFO] [MainThread] [cli_server/cli_server.py:112]: Log pipe server stopped
2026-07-18 17:14:26,790 [DEBUG] [MainThread] [cli_server/cli_server.py:206]: CLI server stopped
2026-07-18 17:14:26,884 [INFO] [MainThread] [root/bar_manager.py:92]: Stopping SystemEventListener...
2026-07-18 17:14:26,885 [INFO] [MainThread] [root/bar_manager.py:92]: Stopping WindowsNotificationEventListener...
2026-07-18 17:14:26,885 [INFO] [MainThread] [root/bar_manager.py:92]: Stopping KomorebiEventListener...
2026-07-18 17:14:26,890 [DEBUG] [MainThread] [systray_widget/systray.py:504]: Saving state to disk
2026-07-18 17:14:26,890 [DEBUG] [MainThread] [systray_widget/systray.py:508]: Saving state to C:\Users\Srinath\AppData\Local\YASB\systray_state_MLTDDISPLAY1.json
2026-07-18 17:14:26,891 [DEBUG] [MainThread] [systray_widget/utils.py:96]: Destroying window 721682
2026-07-18 17:14:26,905 [DEBUG] [MainThread] [qasync._windows._EventPoller/_windows.py:220]: Stopping worker thread...
2026-07-18 17:14:26,915 [DEBUG] [Dummy-9] [qasync._windows._EventWorker/_windows.py:204]: Exiting thread
2026-07-18 17:14:26,917 [DEBUG] [MainThread] [qasync._windows._IocpProactor/_windows.py:78]: Closing
2026-07-18 17:14:27,033 [DEBUG] [MainThread] [systray_widget/utils.py:96]: Destroying window 721682
2026-07-18 17:16:05,942 [INFO] [MainThread] [root/log.py:69]: YASB v1.8.5
2026-07-18 17:16:05,944 [INFO] [Thread-1 (_run_server)] [cli_server/cli_server.py:212]: CLI server started v1.1.4
2026-07-18 17:16:05,944 [INFO] [MainThread] [cli_server/cli_server.py:104]: Log pipe server started
2026-07-18 17:16:07,660 [INFO] [MainThread] [root/service.py:48]: AudioOutputService starting...
2026-07-18 17:16:09,406 [INFO] [MainThread] [root/bar_manager.py:85]: Starting SystemEventListener...
2026-07-18 17:16:09,406 [INFO] [MainThread] [root/bar_manager.py:85]: Starting WindowsNotificationEventListener...
2026-07-18 17:16:09,408 [INFO] [MainThread] [root/bar_manager.py:85]: Starting KomorebiEventListener...
2026-07-18 17:16:09,408 [INFO] [MainThread] [root/watcher.py:54]: Created file watcher for path C:\Users\Srinath\.config\yasb
2026-07-18 17:16:09,410 [INFO] [Dummy-6] [root/event_listener.py:51]: Created named pipe yasb-44b0e3ae-829e-11f1-a501-b48c9d368940
2026-07-18 17:16:09,574 [INFO] [MainThread] [root/update_service.py:404]: Background update checker started
2026-07-18 17:16:09,574 [DEBUG] [MainThread] [qasync._windows._EventPoller/_windows.py:215]: Starting (proactor: <_IocpProactor overlapped#=0 result#=0>)...
2026-07-18 17:16:09,577 [DEBUG] [Dummy-9] [qasync._windows._EventWorker/_windows.py:195]: Thread started
2026-07-18 17:16:09,581 [DEBUG] [MainThread] [systray_widget/systray.py:526]: Loading state from C:\Users\Srinath\AppData\Local\YASB\systray_state_MLTDDISPLAY1.json
2026-07-18 17:16:09,616 [DEBUG] [SystrayMonitor] [systray_widget/systray.py:57]: Systray thread is starting...
2026-07-18 17:16:10,241 [DEBUG] [MainThread] [systray_widget/systray.py:277]: Systray thread started
2026-07-18 17:16:10,443 [DEBUG] [SystrayMonitor] [systray_widget/systray_monitor.py:164]: Adding TaskbandHWND prop to hwnd 66900
2026-07-18 17:16:10,452 [DEBUG] [SystrayMonitor] [systray_widget/systray_monitor.py:242]: Finding real tray hwnd
2026-07-18 17:16:10,457 [DEBUG] [MainThread] [systray_widget/systray_monitor.py:157]: Sending TaskbarCreated message: 49366
2026-07-18 17:24:07,528 [INFO] [Dummy-6] [root/event_listener.py:125]: Komorebi connected to named pipe: yasb-44b0e3ae-829e-11f1-a501-b48c9d368940
2026-07-18 19:15:03,045 [ERROR] [MainThread] [root/gpu.py:170]: Error updating shared GPU data: Command '['C:\\WINDOWS\\system32\\nvidia-smi.EXE', '--query-gpu=index,utilization.gpu,memory.total,memory.used,memory.free,temperature.gpu,fan.speed', '--format=csv,noheader,nounits']' timed out after 2 seconds
2026-07-18 20:15:59,110 [ERROR] [SystrayMonitor] [root/app_icons.py:282]: GetIconInfo failed: 0
2026-07-18 22:59:34,177 [ERROR] [MainThread] [root/gpu.py:170]: Error updating shared GPU data: Command '['C:\\WINDOWS\\system32\\nvidia-smi.EXE', '--query-gpu=index,utilization.gpu,memory.total,memory.used,memory.free,temperature.gpu,fan.speed', '--format=csv,noheader,nounits']' timed out after 2 seconds
2026-07-18 23:24:54,628 [ERROR] [MainThread] [wifi_widget/wifi.py:193]: Error in wifi widget update: [Errno 11004] getaddrinfo failed
2026-07-18 23:24:59,618 [ERROR] [MainThread] [wifi_widget/wifi.py:193]: Error in wifi widget update: [Errno 11004] getaddrinfo failed
2026-07-18 23:33:46,590 [WARNING] [Dummy-6] [root/event_listener.py:82]: Pipe has been ended: (109, 'PeekNamedPipe', 'The pipe has been ended.')
2026-07-18 23:33:46,590 [INFO] [Dummy-6] [root/event_listener.py:92]: Attempting to reconnect to Komorebi...
2026-07-18 23:33:49,593 [INFO] [Dummy-6] [root/event_listener.py:51]: Created named pipe yasb-44b0e3ae-829e-11f1-a501-b48c9d368940
2026-07-19 01:06:42,497 [INFO] [MainThread] [root/log.py:69]: YASB v1.8.5
2026-07-19 01:06:42,498 [INFO] [Thread-1 (_run_server)] [cli_server/cli_server.py:212]: CLI server started v1.1.4
2026-07-19 01:06:42,499 [INFO] [MainThread] [cli_server/cli_server.py:104]: Log pipe server started
2026-07-19 01:06:44,062 [INFO] [MainThread] [root/service.py:48]: AudioOutputService starting...
2026-07-19 01:06:45,458 [INFO] [MainThread] [root/bar_manager.py:85]: Starting SystemEventListener...
2026-07-19 01:06:45,459 [INFO] [MainThread] [root/bar_manager.py:85]: Starting KomorebiEventListener...
2026-07-19 01:06:45,459 [INFO] [MainThread] [root/bar_manager.py:85]: Starting WindowsNotificationEventListener...
2026-07-19 01:06:45,460 [INFO] [Dummy-4] [root/event_listener.py:51]: Created named pipe yasb-02b05457-82e0-11f1-9018-b48c9d368940
2026-07-19 01:06:45,462 [INFO] [MainThread] [root/watcher.py:54]: Created file watcher for path C:\Users\Srinath\.config\yasb
2026-07-19 01:06:45,612 [INFO] [MainThread] [root/update_service.py:404]: Background update checker started
2026-07-19 01:06:45,612 [DEBUG] [MainThread] [qasync._windows._EventPoller/_windows.py:215]: Starting (proactor: <_IocpProactor overlapped#=0 result#=0>)...
2026-07-19 01:06:45,614 [DEBUG] [Dummy-9] [qasync._windows._EventWorker/_windows.py:195]: Thread started
2026-07-19 01:06:45,616 [DEBUG] [MainThread] [systray_widget/systray.py:526]: Loading state from C:\Users\Srinath\AppData\Local\YASB\systray_state_MLTDDISPLAY1.json
2026-07-19 01:06:45,656 [DEBUG] [SystrayMonitor] [systray_widget/systray.py:57]: Systray thread is starting...
2026-07-19 01:06:46,002 [DEBUG] [MainThread] [systray_widget/systray.py:277]: Systray thread started
2026-07-19 01:06:46,204 [DEBUG] [SystrayMonitor] [systray_widget/systray_monitor.py:164]: Adding TaskbandHWND prop to hwnd 66994
2026-07-19 01:06:46,213 [DEBUG] [SystrayMonitor] [systray_widget/systray_monitor.py:242]: Finding real tray hwnd
2026-07-19 01:06:46,216 [DEBUG] [MainThread] [systray_widget/systray_monitor.py:157]: Sending TaskbarCreated message: 49366
2026-07-19 01:08:36,809 [INFO] [MainThread] [root/controller.py:35]: Exiting Application...
2026-07-19 01:08:36,912 [INFO] [MainThread] [cli_server/cli_server.py:112]: Log pipe server stopped
2026-07-19 01:08:36,912 [DEBUG] [MainThread] [cli_server/cli_server.py:206]: CLI server stopped
2026-07-19 01:08:36,977 [INFO] [MainThread] [root/bar_manager.py:92]: Stopping SystemEventListener...
2026-07-19 01:08:36,977 [INFO] [MainThread] [root/bar_manager.py:92]: Stopping KomorebiEventListener...
2026-07-19 01:08:36,977 [INFO] [MainThread] [root/bar_manager.py:92]: Stopping WindowsNotificationEventListener...
2026-07-19 01:08:36,982 [DEBUG] [MainThread] [systray_widget/systray.py:504]: Saving state to disk
2026-07-19 01:08:36,982 [DEBUG] [MainThread] [systray_widget/systray.py:508]: Saving state to C:\Users\Srinath\AppData\Local\YASB\systray_state_MLTDDISPLAY1.json
2026-07-19 01:08:36,983 [DEBUG] [MainThread] [systray_widget/utils.py:96]: Destroying window 66994
2026-07-19 01:08:36,994 [DEBUG] [MainThread] [qasync._windows._EventPoller/_windows.py:220]: Stopping worker thread...
2026-07-19 01:08:37,005 [DEBUG] [Dummy-9] [qasync._windows._EventWorker/_windows.py:204]: Exiting thread
2026-07-19 01:08:37,007 [DEBUG] [MainThread] [qasync._windows._IocpProactor/_windows.py:78]: Closing
2026-07-19 01:08:37,026 [DEBUG] [MainThread] [systray_widget/utils.py:96]: Destroying window 66994
2026-07-19 03:45:10,948 [INFO] [MainThread] [root/log.py:69]: YASB v1.8.5
2026-07-19 03:45:10,950 [INFO] [Thread-1 (_run_server)] [cli_server/cli_server.py:212]: CLI server started v1.1.4
2026-07-19 03:45:10,950 [INFO] [MainThread] [cli_server/cli_server.py:104]: Log pipe server started
2026-07-19 03:45:12,635 [INFO] [MainThread] [root/service.py:48]: AudioOutputService starting...
2026-07-19 03:45:14,037 [INFO] [MainThread] [root/bar_manager.py:85]: Starting WindowsNotificationEventListener...
2026-07-19 03:45:14,038 [INFO] [MainThread] [root/bar_manager.py:85]: Starting KomorebiEventListener...
2026-07-19 03:45:14,039 [INFO] [MainThread] [root/bar_manager.py:85]: Starting SystemEventListener...
2026-07-19 03:45:14,040 [INFO] [MainThread] [root/watcher.py:54]: Created file watcher for path C:\Users\Srinath\.config\yasb
2026-07-19 03:45:14,041 [INFO] [Dummy-6] [root/event_listener.py:51]: Created named pipe yasb-263e7c0a-82f6-11f1-ba67-b48c9d368940
2026-07-19 03:45:14,229 [INFO] [MainThread] [root/update_service.py:404]: Background update checker started
2026-07-19 03:45:14,229 [DEBUG] [MainThread] [qasync._windows._EventPoller/_windows.py:215]: Starting (proactor: <_IocpProactor overlapped#=0 result#=0>)...
2026-07-19 03:45:14,231 [DEBUG] [Dummy-9] [qasync._windows._EventWorker/_windows.py:195]: Thread started
2026-07-19 03:45:14,237 [DEBUG] [MainThread] [systray_widget/systray.py:526]: Loading state from C:\Users\Srinath\AppData\Local\YASB\systray_state_MLTDDISPLAY1.json
2026-07-19 03:45:14,280 [DEBUG] [SystrayMonitor] [systray_widget/systray.py:57]: Systray thread is starting...
2026-07-19 03:45:14,636 [DEBUG] [MainThread] [systray_widget/systray.py:277]: Systray thread started
2026-07-19 03:45:14,712 [DEBUG] [SystrayMonitor] [systray_widget/systray_monitor.py:242]: Finding real tray hwnd
2026-07-19 03:45:14,840 [DEBUG] [SystrayMonitor] [systray_widget/systray_monitor.py:164]: Adding TaskbandHWND prop to hwnd 67054
2026-07-19 03:45:14,853 [DEBUG] [MainThread] [systray_widget/systray_monitor.py:157]: Sending TaskbarCreated message: 49352
2026-07-19 03:48:50,153 [ERROR] [MainThread] [wifi_widget/wifi.py:193]: Error in wifi widget update: [Errno 11004] getaddrinfo failed
2026-07-19 04:34:41,553 [INFO] [MainThread] [root/controller.py:35]: Exiting Application...
2026-07-19 04:34:41,660 [INFO] [MainThread] [cli_server/cli_server.py:112]: Log pipe server stopped
2026-07-19 04:34:41,661 [DEBUG] [MainThread] [cli_server/cli_server.py:206]: CLI server stopped
2026-07-19 04:34:41,814 [INFO] [MainThread] [root/bar_manager.py:92]: Stopping WindowsNotificationEventListener...
2026-07-19 04:34:41,815 [INFO] [MainThread] [root/bar_manager.py:92]: Stopping KomorebiEventListener...
2026-07-19 04:34:41,815 [INFO] [MainThread] [root/bar_manager.py:92]: Stopping SystemEventListener...
2026-07-19 04:34:41,827 [DEBUG] [MainThread] [systray_widget/systray.py:504]: Saving state to disk
2026-07-19 04:34:41,828 [DEBUG] [MainThread] [systray_widget/systray.py:508]: Saving state to C:\Users\Srinath\AppData\Local\YASB\systray_state_MLTDDISPLAY1.json
2026-07-19 04:34:41,857 [DEBUG] [MainThread] [systray_widget/utils.py:96]: Destroying window 67054
2026-07-19 04:34:41,882 [DEBUG] [MainThread] [qasync._windows._EventPoller/_windows.py:220]: Stopping worker thread...
2026-07-19 04:34:41,894 [DEBUG] [Dummy-9] [qasync._windows._EventWorker/_windows.py:204]: Exiting thread
2026-07-19 04:34:41,898 [DEBUG] [MainThread] [qasync._windows._IocpProactor/_windows.py:78]: Closing
2026-07-19 04:34:41,938 [DEBUG] [MainThread] [systray_widget/utils.py:96]: Destroying window 67054
2026-07-19 05:01:35,324 [INFO] [MainThread] [root/log.py:69]: YASB v1.8.5
2026-07-19 05:01:35,326 [INFO] [Thread-1 (_run_server)] [cli_server/cli_server.py:212]: CLI server started v1.1.4
2026-07-19 05:01:35,327 [INFO] [MainThread] [cli_server/cli_server.py:104]: Log pipe server started
2026-07-19 05:01:37,276 [INFO] [MainThread] [root/service.py:48]: AudioOutputService starting...
2026-07-19 05:01:38,419 [INFO] [MainThread] [root/bar_manager.py:85]: Starting KomorebiEventListener...
2026-07-19 05:01:38,419 [INFO] [MainThread] [root/bar_manager.py:85]: Starting WindowsNotificationEventListener...
2026-07-19 05:01:38,420 [INFO] [Dummy-4] [root/event_listener.py:51]: Created named pipe yasb-d2bf704d-8300-11f1-88e7-ec4424af4666
2026-07-19 05:01:38,421 [INFO] [MainThread] [root/bar_manager.py:85]: Starting SystemEventListener...
2026-07-19 05:01:38,421 [INFO] [MainThread] [root/watcher.py:54]: Created file watcher for path C:\Users\Srinath\.config\yasb
2026-07-19 05:01:38,568 [INFO] [MainThread] [root/update_service.py:404]: Background update checker started
2026-07-19 05:01:38,568 [DEBUG] [MainThread] [qasync._windows._EventPoller/_windows.py:215]: Starting (proactor: <_IocpProactor overlapped#=0 result#=0>)...
2026-07-19 05:01:38,570 [DEBUG] [Dummy-9] [qasync._windows._EventWorker/_windows.py:195]: Thread started
2026-07-19 05:01:38,573 [DEBUG] [MainThread] [systray_widget/systray.py:526]: Loading state from C:\Users\Srinath\AppData\Local\YASB\systray_state_ACERTECHNOLOGIESVG271UM32526057A84212.json
2026-07-19 05:01:38,614 [DEBUG] [SystrayMonitor] [systray_widget/systray.py:57]: Systray thread is starting...
2026-07-19 05:01:38,848 [DEBUG] [MainThread] [systray_widget/systray.py:277]: Systray thread started
2026-07-19 05:01:39,051 [DEBUG] [SystrayMonitor] [systray_widget/systray_monitor.py:164]: Adding TaskbandHWND prop to hwnd 67036
2026-07-19 05:01:39,059 [DEBUG] [SystrayMonitor] [systray_widget/systray_monitor.py:242]: Finding real tray hwnd
2026-07-19 05:01:39,062 [DEBUG] [MainThread] [systray_widget/systray_monitor.py:157]: Sending TaskbarCreated message: 49360
2026-07-19 05:01:47,308 [DEBUG] [SystrayMonitor] [systray_widget/utils.py:124]: Could not open process ID 4804. Err: 5
2026-07-19 05:01:47,350 [DEBUG] [SystrayMonitor] [systray_widget/utils.py:124]: Could not open process ID 4804. Err: 5
2026-07-19 05:02:38,958 [DEBUG] [SystrayMonitor] [systray_widget/utils.py:124]: Could not open process ID 4804. Err: 5
2026-07-19 05:02:39,006 [DEBUG] [SystrayMonitor] [systray_widget/utils.py:124]: Could not open process ID 4804. Err: 5
2026-07-19 05:16:08,244 [ERROR] [SystrayMonitor] [root/app_icons.py:282]: GetIconInfo failed: 0
2026-07-19 05:53:47,780 [INFO] [MainThread] [root/controller.py:35]: Exiting Application...
2026-07-19 05:53:47,892 [INFO] [MainThread] [cli_server/cli_server.py:112]: Log pipe server stopped
2026-07-19 05:53:47,893 [DEBUG] [MainThread] [cli_server/cli_server.py:206]: CLI server stopped
2026-07-19 05:53:47,999 [INFO] [MainThread] [root/bar_manager.py:92]: Stopping KomorebiEventListener...
2026-07-19 05:53:48,000 [INFO] [MainThread] [root/bar_manager.py:92]: Stopping WindowsNotificationEventListener...
2026-07-19 05:53:48,000 [INFO] [MainThread] [root/bar_manager.py:92]: Stopping SystemEventListener...
2026-07-19 05:53:48,014 [DEBUG] [MainThread] [systray_widget/systray.py:504]: Saving state to disk
2026-07-19 05:53:48,015 [DEBUG] [MainThread] [systray_widget/systray.py:508]: Saving state to C:\Users\Srinath\AppData\Local\YASB\systray_state_ACERTECHNOLOGIESVG271UM32526057A84212.json
2026-07-19 05:53:48,018 [DEBUG] [MainThread] [systray_widget/utils.py:96]: Destroying window 67036
2026-07-19 05:53:48,090 [DEBUG] [MainThread] [qasync._windows._EventPoller/_windows.py:220]: Stopping worker thread...
2026-07-19 05:53:48,094 [DEBUG] [Dummy-9] [qasync._windows._EventWorker/_windows.py:204]: Exiting thread
2026-07-19 05:53:48,108 [DEBUG] [MainThread] [qasync._windows._IocpProactor/_windows.py:78]: Closing
2026-07-19 05:53:48,286 [DEBUG] [MainThread] [systray_widget/utils.py:96]: Destroying window 67036
2026-07-19 22:46:29,848 [INFO] [MainThread] [root/log.py:69]: YASB v1.8.5
2026-07-19 22:46:29,849 [INFO] [Thread-1 (_run_server)] [cli_server/cli_server.py:212]: CLI server started v1.1.4
2026-07-19 22:46:29,849 [INFO] [MainThread] [cli_server/cli_server.py:104]: Log pipe server started
2026-07-19 22:46:31,905 [INFO] [MainThread] [root/service.py:48]: AudioOutputService starting...
2026-07-19 22:46:33,537 [INFO] [MainThread] [root/bar_manager.py:85]: Starting KomorebiEventListener...
2026-07-19 22:46:33,538 [INFO] [MainThread] [root/bar_manager.py:85]: Starting WindowsNotificationEventListener...
2026-07-19 22:46:33,539 [INFO] [Dummy-4] [root/event_listener.py:51]: Created named pipe yasb-9734c47a-8395-11f1-a5e4-b48c9d368940
2026-07-19 22:46:33,540 [INFO] [MainThread] [root/bar_manager.py:85]: Starting SystemEventListener...
2026-07-19 22:46:33,540 [INFO] [MainThread] [root/watcher.py:54]: Created file watcher for path C:\Users\Srinath\.config\yasb
2026-07-19 22:46:33,708 [INFO] [MainThread] [root/update_service.py:404]: Background update checker started
2026-07-19 22:46:33,708 [DEBUG] [MainThread] [qasync._windows._EventPoller/_windows.py:215]: Starting (proactor: <_IocpProactor overlapped#=0 result#=0>)...
2026-07-19 22:46:33,710 [DEBUG] [Dummy-9] [qasync._windows._EventWorker/_windows.py:195]: Thread started
2026-07-19 22:46:33,714 [DEBUG] [MainThread] [systray_widget/systray.py:526]: Loading state from C:\Users\Srinath\AppData\Local\YASB\systray_state_MLTDDISPLAY1.json
2026-07-19 22:46:33,753 [DEBUG] [SystrayMonitor] [systray_widget/systray.py:57]: Systray thread is starting...
2026-07-19 22:46:34,187 [DEBUG] [SystrayMonitor] [systray_widget/utils.py:124]: Could not open process ID 4568. Err: 5
2026-07-19 22:46:34,243 [DEBUG] [MainThread] [systray_widget/systray.py:277]: Systray thread started
2026-07-19 22:46:34,246 [DEBUG] [SystrayMonitor] [systray_widget/systray_monitor.py:242]: Finding real tray hwnd
2026-07-19 22:46:34,250 [DEBUG] [SystrayMonitor] [systray_widget/utils.py:124]: Could not open process ID 4568. Err: 5
2026-07-19 22:46:34,324 [ERROR] [UpdateChecker] [root/update_service.py:271]: GitHub API HTTP error: 403 rate limit exceeded
2026-07-19 22:46:34,325 [WARNING] [UpdateChecker] [root/update_service.py:400]: Background update check failed: HTTP Error 403: rate limit exceeded
2026-07-19 22:46:34,446 [DEBUG] [SystrayMonitor] [systray_widget/systray_monitor.py:164]: Adding TaskbandHWND prop to hwnd 67148
2026-07-19 22:46:34,457 [DEBUG] [MainThread] [systray_widget/systray_monitor.py:157]: Sending TaskbarCreated message: 49360
2026-07-19 22:49:48,454 [ERROR] [SystrayMonitor] [root/app_icons.py:282]: GetIconInfo failed: 0
2026-07-19 23:22:01,029 [INFO] [Dummy-4] [root/event_listener.py:125]: Komorebi connected to named pipe: yasb-9734c47a-8395-11f1-a5e4-b48c9d368940
2026-07-19 23:50:24,867 [WARNING] [Dummy-4] [root/event_listener.py:82]: Pipe has been ended: (109, 'PeekNamedPipe', 'The pipe has been ended.')
2026-07-19 23:50:24,868 [INFO] [Dummy-4] [root/event_listener.py:92]: Attempting to reconnect to Komorebi...
2026-07-19 23:50:27,869 [INFO] [Dummy-4] [root/event_listener.py:51]: Created named pipe yasb-9734c47a-8395-11f1-a5e4-b48c9d368940
2026-07-20 00:37:51,754 [INFO] [MainThread] [root/controller.py:35]: Exiting Application...
2026-07-20 00:37:51,861 [INFO] [MainThread] [cli_server/cli_server.py:112]: Log pipe server stopped
2026-07-20 00:37:51,861 [DEBUG] [MainThread] [cli_server/cli_server.py:206]: CLI server stopped
2026-07-20 00:37:51,980 [INFO] [MainThread] [root/bar_manager.py:92]: Stopping KomorebiEventListener...
2026-07-20 00:37:51,980 [INFO] [MainThread] [root/bar_manager.py:92]: Stopping WindowsNotificationEventListener...
2026-07-20 00:37:51,980 [INFO] [MainThread] [root/bar_manager.py:92]: Stopping SystemEventListener...
2026-07-20 00:37:51,986 [DEBUG] [MainThread] [systray_widget/systray.py:504]: Saving state to disk
2026-07-20 00:37:51,986 [DEBUG] [MainThread] [systray_widget/systray.py:508]: Saving state to C:\Users\Srinath\AppData\Local\YASB\systray_state_MLTDDISPLAY1.json
2026-07-20 00:37:51,998 [DEBUG] [MainThread] [systray_widget/utils.py:96]: Destroying window 67148
2026-07-20 00:37:52,056 [DEBUG] [MainThread] [qasync._windows._EventPoller/_windows.py:220]: Stopping worker thread...
2026-07-20 00:37:52,063 [DEBUG] [Dummy-9] [qasync._windows._EventWorker/_windows.py:204]: Exiting thread
2026-07-20 00:37:52,074 [DEBUG] [MainThread] [qasync._windows._IocpProactor/_windows.py:78]: Closing
2026-07-20 00:37:52,158 [DEBUG] [MainThread] [systray_widget/utils.py:96]: Destroying window 67148
2026-07-20 13:30:16,581 [INFO] [MainThread] [root/log.py:69]: YASB v1.8.5
2026-07-20 13:30:16,582 [INFO] [Thread-1 (_run_server)] [cli_server/cli_server.py:212]: CLI server started v1.1.4
2026-07-20 13:30:16,583 [INFO] [MainThread] [cli_server/cli_server.py:104]: Log pipe server started
2026-07-20 13:30:18,121 [INFO] [MainThread] [root/service.py:48]: AudioOutputService starting...
2026-07-20 13:30:19,412 [INFO] [MainThread] [root/bar_manager.py:85]: Starting WindowsNotificationEventListener...
2026-07-20 13:30:19,413 [INFO] [MainThread] [root/bar_manager.py:85]: Starting KomorebiEventListener...
2026-07-20 13:30:19,413 [INFO] [MainThread] [root/bar_manager.py:85]: Starting SystemEventListener...
2026-07-20 13:30:19,415 [INFO] [MainThread] [root/watcher.py:54]: Created file watcher for path C:\Users\Srinath\.config\yasb
2026-07-20 13:30:19,415 [INFO] [Dummy-6] [root/event_listener.py:51]: Created named pipe yasb-0d174d46-8411-11f1-b201-b48c9d368940
2026-07-20 13:30:19,540 [INFO] [MainThread] [root/update_service.py:404]: Background update checker started
2026-07-20 13:30:19,540 [DEBUG] [MainThread] [qasync._windows._EventPoller/_windows.py:215]: Starting (proactor: <_IocpProactor overlapped#=0 result#=0>)...
2026-07-20 13:30:19,541 [DEBUG] [Dummy-9] [qasync._windows._EventWorker/_windows.py:195]: Thread started
2026-07-20 13:30:19,544 [DEBUG] [MainThread] [systray_widget/systray.py:526]: Loading state from C:\Users\Srinath\AppData\Local\YASB\systray_state_MLTDDISPLAY1.json
2026-07-20 13:30:19,572 [DEBUG] [SystrayMonitor] [systray_widget/systray.py:57]: Systray thread is starting...
2026-07-20 13:30:19,744 [DEBUG] [MainThread] [systray_widget/systray.py:277]: Systray thread started
2026-07-20 13:30:19,946 [DEBUG] [SystrayMonitor] [systray_widget/systray_monitor.py:164]: Adding TaskbandHWND prop to hwnd 263470
2026-07-20 13:30:19,954 [DEBUG] [SystrayMonitor] [systray_widget/systray_monitor.py:242]: Finding real tray hwnd
2026-07-20 13:30:19,959 [DEBUG] [MainThread] [systray_widget/systray_monitor.py:157]: Sending TaskbarCreated message: 49360
2026-07-21 16:56:54,463 [INFO] [MainThread] [root/bar.py:154]: Screen geometry changed. Updating position for bar status-bar on screen \\.\DISPLAY1
2026-07-21 16:56:55,275 [INFO] [MainThread] [root/bar.py:154]: Screen geometry changed. Updating position for bar status-bar on screen \\.\DISPLAY1
2026-07-22 05:25:14,647 [ERROR] [SystrayMonitor] [root/app_icons.py:282]: GetIconInfo failed: 0
2026-07-22 16:48:07,101 [ERROR] [SystrayMonitor] [root/app_icons.py:282]: GetIconInfo failed: 0
2026-07-22 19:05:52,128 [INFO] [MainThread] [root/controller.py:35]: Exiting Application from context menu...
2026-07-22 19:05:52,233 [INFO] [MainThread] [cli_server/cli_server.py:112]: Log pipe server stopped
2026-07-22 19:05:52,233 [DEBUG] [MainThread] [cli_server/cli_server.py:206]: CLI server stopped
2026-07-22 19:05:52,711 [INFO] [MainThread] [root/bar_manager.py:92]: Stopping WindowsNotificationEventListener...
2026-07-22 19:05:52,712 [INFO] [MainThread] [root/bar_manager.py:92]: Stopping KomorebiEventListener...
2026-07-22 19:05:52,712 [INFO] [MainThread] [root/bar_manager.py:92]: Stopping SystemEventListener...
2026-07-22 19:05:52,727 [DEBUG] [MainThread] [systray_widget/systray.py:504]: Saving state to disk
2026-07-22 19:05:52,728 [DEBUG] [MainThread] [systray_widget/systray.py:508]: Saving state to C:\Users\Srinath\AppData\Local\YASB\systray_state_MLTDDISPLAY1.json
2026-07-22 19:05:52,761 [DEBUG] [MainThread] [systray_widget/utils.py:96]: Destroying window 263470
2026-07-22 19:05:52,796 [DEBUG] [MainThread] [qasync._windows._EventPoller/_windows.py:220]: Stopping worker thread...
2026-07-22 19:05:52,811 [DEBUG] [Dummy-9] [qasync._windows._EventWorker/_windows.py:204]: Exiting thread
2026-07-22 19:05:52,816 [DEBUG] [MainThread] [qasync._windows._IocpProactor/_windows.py:78]: Closing
2026-07-22 19:05:52,941 [DEBUG] [MainThread] [systray_widget/utils.py:96]: Destroying window 263470
2026-07-22 19:21:35,433 [INFO] [MainThread] [root/log.py:69]: YASB v1.8.5
2026-07-22 19:21:35,434 [INFO] [Thread-1 (_run_server)] [cli_server/cli_server.py:212]: CLI server started v1.1.4
2026-07-22 19:21:35,434 [INFO] [MainThread] [cli_server/cli_server.py:104]: Log pipe server started
2026-07-22 19:21:36,906 [INFO] [MainThread] [root/service.py:48]: AudioOutputService starting...
2026-07-22 19:21:38,410 [INFO] [MainThread] [root/bar_manager.py:85]: Starting KomorebiEventListener...
2026-07-22 19:21:38,410 [INFO] [MainThread] [root/bar_manager.py:85]: Starting WindowsNotificationEventListener...
2026-07-22 19:21:38,412 [INFO] [Dummy-4] [root/event_listener.py:51]: Created named pipe yasb-75fa7d66-85d4-11f1-a762-b48c9d368940
2026-07-22 19:21:38,413 [INFO] [MainThread] [root/bar_manager.py:85]: Starting SystemEventListener...
2026-07-22 19:21:38,414 [INFO] [MainThread] [root/watcher.py:54]: Created file watcher for path C:\Users\Srinath\.config\yasb
2026-07-22 19:21:38,576 [INFO] [MainThread] [root/update_service.py:404]: Background update checker started
2026-07-22 19:21:38,577 [DEBUG] [MainThread] [qasync._windows._EventPoller/_windows.py:215]: Starting (proactor: <_IocpProactor overlapped#=0 result#=0>)...
2026-07-22 19:21:38,581 [DEBUG] [Dummy-9] [qasync._windows._EventWorker/_windows.py:195]: Thread started
2026-07-22 19:21:38,585 [DEBUG] [MainThread] [systray_widget/systray.py:526]: Loading state from C:\Users\Srinath\AppData\Local\YASB\systray_state_ACERTECHNOLOGIESVG271UM32526057A84212.json
2026-07-22 19:21:38,610 [DEBUG] [SystrayMonitor] [systray_widget/systray.py:57]: Systray thread is starting...
2026-07-22 19:21:38,955 [DEBUG] [MainThread] [systray_widget/systray.py:277]: Systray thread started
2026-07-22 19:21:39,162 [DEBUG] [SystrayMonitor] [systray_widget/systray_monitor.py:164]: Adding TaskbandHWND prop to hwnd 263450
2026-07-22 19:21:39,166 [DEBUG] [SystrayMonitor] [systray_widget/systray_monitor.py:242]: Finding real tray hwnd
2026-07-22 19:21:39,175 [DEBUG] [MainThread] [systray_widget/systray_monitor.py:157]: Sending TaskbarCreated message: 49360
2026-07-23 03:14:57,666 [INFO] [MainThread] [root/controller.py:35]: Exiting Application from context menu...
2026-07-23 03:14:57,768 [INFO] [MainThread] [cli_server/cli_server.py:112]: Log pipe server stopped
2026-07-23 03:14:57,769 [DEBUG] [MainThread] [cli_server/cli_server.py:206]: CLI server stopped
2026-07-23 03:14:58,335 [INFO] [MainThread] [root/bar_manager.py:92]: Stopping KomorebiEventListener...
2026-07-23 03:14:58,336 [INFO] [MainThread] [root/bar_manager.py:92]: Stopping WindowsNotificationEventListener...
2026-07-23 03:14:58,337 [INFO] [MainThread] [root/bar_manager.py:92]: Stopping SystemEventListener...
2026-07-23 03:14:58,358 [DEBUG] [MainThread] [systray_widget/systray.py:504]: Saving state to disk
2026-07-23 03:14:58,359 [DEBUG] [MainThread] [systray_widget/systray.py:508]: Saving state to C:\Users\Srinath\AppData\Local\YASB\systray_state_ACERTECHNOLOGIESVG271UM32526057A84212.json
2026-07-23 03:14:58,390 [DEBUG] [MainThread] [systray_widget/utils.py:96]: Destroying window 263450
2026-07-23 03:14:58,411 [DEBUG] [MainThread] [qasync._windows._EventPoller/_windows.py:220]: Stopping worker thread...
2026-07-23 03:14:58,423 [DEBUG] [Dummy-9] [qasync._windows._EventWorker/_windows.py:204]: Exiting thread
2026-07-23 03:14:58,428 [DEBUG] [MainThread] [qasync._windows._IocpProactor/_windows.py:78]: Closing
2026-07-23 03:14:58,499 [DEBUG] [MainThread] [systray_widget/utils.py:96]: Destroying window 263450
2026-07-23 04:29:32,709 [INFO] [MainThread] [root/log.py:69]: YASB v1.8.5
2026-07-23 04:29:32,710 [INFO] [Thread-1 (_run_server)] [cli_server/cli_server.py:212]: CLI server started v1.1.4
2026-07-23 04:29:32,711 [INFO] [MainThread] [cli_server/cli_server.py:104]: Log pipe server started
2026-07-23 04:29:33,892 [INFO] [MainThread] [root/service.py:48]: AudioOutputService starting...
2026-07-23 04:29:35,501 [INFO] [MainThread] [root/bar_manager.py:85]: Starting WindowsNotificationEventListener...
2026-07-23 04:29:35,502 [INFO] [MainThread] [root/bar_manager.py:85]: Starting KomorebiEventListener...
2026-07-23 04:29:35,502 [INFO] [MainThread] [root/bar_manager.py:85]: Starting SystemEventListener...
2026-07-23 04:29:35,503 [INFO] [MainThread] [root/watcher.py:54]: Created file watcher for path C:\Users\Srinath\.config\yasb
2026-07-23 04:29:35,513 [INFO] [Dummy-6] [root/event_listener.py:51]: Created named pipe yasb-02409b08-8621-11f1-9c39-b48c9d368940
2026-07-23 04:29:35,644 [INFO] [MainThread] [root/update_service.py:404]: Background update checker started
2026-07-23 04:29:35,644 [DEBUG] [MainThread] [qasync._windows._EventPoller/_windows.py:215]: Starting (proactor: <_IocpProactor overlapped#=0 result#=0>)...
2026-07-23 04:29:35,649 [DEBUG] [Dummy-9] [qasync._windows._EventWorker/_windows.py:195]: Thread started
2026-07-23 04:29:35,661 [DEBUG] [MainThread] [systray_widget/systray.py:526]: Loading state from C:\Users\Srinath\AppData\Local\YASB\systray_state_ACERTECHNOLOGIESVG271UM32526057A84212.json
2026-07-23 04:29:35,664 [DEBUG] [SystrayMonitor] [systray_widget/systray.py:57]: Systray thread is starting...
2026-07-23 04:29:36,026 [DEBUG] [MainThread] [systray_widget/systray.py:277]: Systray thread started
2026-07-23 04:29:36,228 [DEBUG] [SystrayMonitor] [systray_widget/systray_monitor.py:164]: Adding TaskbandHWND prop to hwnd 3999454
2026-07-23 04:29:36,229 [DEBUG] [SystrayMonitor] [systray_widget/systray_monitor.py:242]: Finding real tray hwnd
2026-07-23 04:29:36,264 [DEBUG] [MainThread] [systray_widget/systray_monitor.py:157]: Sending TaskbarCreated message: 49360
2026-07-23 04:30:49,341 [INFO] [MainThread] [root/controller.py:35]: Exiting Application...
2026-07-23 04:30:49,455 [INFO] [MainThread] [cli_server/cli_server.py:112]: Log pipe server stopped
2026-07-23 04:30:49,455 [DEBUG] [MainThread] [cli_server/cli_server.py:206]: CLI server stopped
2026-07-23 04:30:49,749 [INFO] [MainThread] [root/bar_manager.py:92]: Stopping WindowsNotificationEventListener...
2026-07-23 04:30:49,750 [INFO] [MainThread] [root/bar_manager.py:92]: Stopping KomorebiEventListener...
2026-07-23 04:30:49,750 [INFO] [MainThread] [root/bar_manager.py:92]: Stopping SystemEventListener...
2026-07-23 04:30:49,757 [DEBUG] [MainThread] [systray_widget/systray.py:504]: Saving state to disk
2026-07-23 04:30:49,758 [DEBUG] [MainThread] [systray_widget/systray.py:508]: Saving state to C:\Users\Srinath\AppData\Local\YASB\systray_state_ACERTECHNOLOGIESVG271UM32526057A84212.json
2026-07-23 04:30:49,760 [DEBUG] [MainThread] [systray_widget/utils.py:96]: Destroying window 3999454
2026-07-23 04:30:49,796 [DEBUG] [MainThread] [qasync._windows._EventPoller/_windows.py:220]: Stopping worker thread...
2026-07-23 04:30:49,808 [DEBUG] [Dummy-9] [qasync._windows._EventWorker/_windows.py:204]: Exiting thread
2026-07-23 04:30:49,811 [DEBUG] [MainThread] [qasync._windows._IocpProactor/_windows.py:78]: Closing
2026-07-23 04:30:49,847 [DEBUG] [MainThread] [systray_widget/utils.py:96]: Destroying window 3999454
2026-07-23 04:32:50,207 [INFO] [MainThread] [root/log.py:69]: YASB v1.8.5
2026-07-23 04:32:50,208 [INFO] [Thread-1 (_run_server)] [cli_server/cli_server.py:212]: CLI server started v1.1.4
2026-07-23 04:32:50,208 [INFO] [MainThread] [cli_server/cli_server.py:104]: Log pipe server started
2026-07-23 04:32:52,119 [INFO] [MainThread] [root/service.py:48]: AudioOutputService starting...
2026-07-23 04:32:53,494 [INFO] [MainThread] [root/bar_manager.py:85]: Starting SystemEventListener...
2026-07-23 04:32:53,495 [INFO] [MainThread] [root/bar_manager.py:85]: Starting KomorebiEventListener...
2026-07-23 04:32:53,495 [INFO] [MainThread] [root/bar_manager.py:85]: Starting WindowsNotificationEventListener...
2026-07-23 04:32:53,496 [INFO] [Dummy-4] [root/event_listener.py:51]: Created named pipe yasb-7843eaca-8621-11f1-8385-b48c9d368940
2026-07-23 04:32:53,498 [INFO] [MainThread] [root/watcher.py:54]: Created file watcher for path C:\Users\Srinath\.config\yasb
2026-07-23 04:32:53,693 [INFO] [MainThread] [root/update_service.py:404]: Background update checker started
2026-07-23 04:32:53,694 [DEBUG] [MainThread] [qasync._windows._EventPoller/_windows.py:215]: Starting (proactor: <_IocpProactor overlapped#=0 result#=0>)...
2026-07-23 04:32:53,723 [DEBUG] [Dummy-9] [qasync._windows._EventWorker/_windows.py:195]: Thread started
2026-07-23 04:32:53,727 [DEBUG] [MainThread] [systray_widget/systray.py:526]: Loading state from C:\Users\Srinath\AppData\Local\YASB\systray_state_ACERTECHNOLOGIESVG271UM32526057A84212.json
2026-07-23 04:32:53,742 [DEBUG] [SystrayMonitor] [systray_widget/systray.py:57]: Systray thread is starting...
2026-07-23 04:32:54,136 [DEBUG] [MainThread] [systray_widget/systray.py:277]: Systray thread started
2026-07-23 04:32:54,337 [DEBUG] [SystrayMonitor] [systray_widget/systray_monitor.py:164]: Adding TaskbandHWND prop to hwnd 66884
2026-07-23 04:32:54,343 [DEBUG] [SystrayMonitor] [systray_widget/systray_monitor.py:242]: Finding real tray hwnd
2026-07-23 04:32:54,367 [DEBUG] [MainThread] [systray_widget/systray_monitor.py:157]: Sending TaskbarCreated message: 49336
2026-07-23 04:38:34,301 [INFO] [Dummy-4] [root/event_listener.py:125]: Komorebi connected to named pipe: yasb-7843eaca-8621-11f1-8385-b48c9d368940
2026-07-23 04:38:40,950 [WARNING] [Dummy-4] [root/event_listener.py:82]: Pipe has been ended: (109, 'PeekNamedPipe', 'The pipe has been ended.')
2026-07-23 04:38:40,950 [INFO] [Dummy-4] [root/event_listener.py:92]: Attempting to reconnect to Komorebi...
2026-07-23 04:38:43,951 [INFO] [Dummy-4] [root/event_listener.py:51]: Created named pipe yasb-7843eaca-8621-11f1-8385-b48c9d368940
2026-07-23 05:14:50,669 [ERROR] [SystrayMonitor] [root/app_icons.py:282]: GetIconInfo failed: 0
2026-07-23 08:16:54,510 [INFO] [MainThread] [root/controller.py:35]: Exiting Application from context menu...
2026-07-23 08:16:54,621 [INFO] [MainThread] [cli_server/cli_server.py:112]: Log pipe server stopped
2026-07-23 08:16:54,621 [DEBUG] [MainThread] [cli_server/cli_server.py:206]: CLI server stopped
2026-07-23 08:16:55,011 [INFO] [MainThread] [root/bar_manager.py:92]: Stopping SystemEventListener...
2026-07-23 08:16:55,012 [INFO] [MainThread] [root/bar_manager.py:92]: Stopping KomorebiEventListener...
2026-07-23 08:16:55,012 [INFO] [MainThread] [root/bar_manager.py:92]: Stopping WindowsNotificationEventListener...
2026-07-23 08:16:55,024 [DEBUG] [MainThread] [systray_widget/systray.py:504]: Saving state to disk
2026-07-23 08:16:55,025 [DEBUG] [MainThread] [systray_widget/systray.py:508]: Saving state to C:\Users\Srinath\AppData\Local\YASB\systray_state_ACERTECHNOLOGIESVG271UM32526057A84212.json
2026-07-23 08:16:55,049 [DEBUG] [MainThread] [systray_widget/utils.py:96]: Destroying window 66884
2026-07-23 08:16:55,070 [DEBUG] [MainThread] [qasync._windows._EventPoller/_windows.py:220]: Stopping worker thread...
2026-07-23 08:16:55,073 [DEBUG] [Dummy-9] [qasync._windows._EventWorker/_windows.py:204]: Exiting thread
2026-07-23 08:16:55,075 [DEBUG] [MainThread] [qasync._windows._IocpProactor/_windows.py:78]: Closing
2026-07-23 08:16:55,095 [DEBUG] [MainThread] [systray_widget/utils.py:96]: Destroying window 66884
2026-07-24 00:24:53,225 [INFO] [MainThread] [root/log.py:69]: YASB v1.8.5
2026-07-24 00:24:53,227 [INFO] [Thread-1 (_run_server)] [cli_server/cli_server.py:212]: CLI server started v1.1.4
2026-07-24 00:24:53,228 [INFO] [MainThread] [cli_server/cli_server.py:104]: Log pipe server started
2026-07-24 00:24:55,774 [INFO] [MainThread] [root/service.py:48]: AudioOutputService starting...
2026-07-24 00:24:58,236 [INFO] [MainThread] [root/bar_manager.py:85]: Starting KomorebiEventListener...
2026-07-24 00:24:58,238 [INFO] [MainThread] [root/bar_manager.py:85]: Starting SystemEventListener...
2026-07-24 00:24:58,239 [INFO] [MainThread] [root/bar_manager.py:85]: Starting WindowsNotificationEventListener...
2026-07-24 00:24:58,242 [INFO] [Dummy-4] [root/event_listener.py:51]: Created named pipe yasb-00559396-86c8-11f1-8cbe-b48c9d368940
2026-07-24 00:24:58,263 [INFO] [MainThread] [root/watcher.py:54]: Created file watcher for path C:\Users\Srinath\.config\yasb
2026-07-24 00:24:58,490 [INFO] [MainThread] [root/update_service.py:404]: Background update checker started
2026-07-24 00:24:58,490 [DEBUG] [MainThread] [qasync._windows._EventPoller/_windows.py:215]: Starting (proactor: <_IocpProactor overlapped#=0 result#=0>)...
2026-07-24 00:24:58,493 [DEBUG] [Dummy-9] [qasync._windows._EventWorker/_windows.py:195]: Thread started
2026-07-24 00:24:58,506 [DEBUG] [MainThread] [systray_widget/systray.py:526]: Loading state from C:\Users\Srinath\AppData\Local\YASB\systray_state_ACERTECHNOLOGIESVG271UM32526057A84212.json
2026-07-24 00:24:58,542 [DEBUG] [SystrayMonitor] [systray_widget/systray.py:57]: Systray thread is starting...
2026-07-24 00:24:59,241 [DEBUG] [MainThread] [systray_widget/systray.py:277]: Systray thread started
2026-07-24 00:24:59,418 [DEBUG] [SystrayMonitor] [systray_widget/systray_monitor.py:242]: Finding real tray hwnd
2026-07-24 00:24:59,706 [DEBUG] [SystrayMonitor] [systray_widget/systray_monitor.py:164]: Adding TaskbandHWND prop to hwnd 263348
2026-07-24 00:24:59,734 [DEBUG] [MainThread] [systray_widget/systray_monitor.py:157]: Sending TaskbarCreated message: 49336
2026-07-24 09:13:39,262 [INFO] [MainThread] [root/controller.py:35]: Exiting Application from context menu...
2026-07-24 09:13:39,364 [INFO] [MainThread] [cli_server/cli_server.py:112]: Log pipe server stopped
2026-07-24 09:13:39,364 [DEBUG] [MainThread] [cli_server/cli_server.py:206]: CLI server stopped
2026-07-24 09:13:39,796 [INFO] [MainThread] [root/bar_manager.py:92]: Stopping KomorebiEventListener...
2026-07-24 09:13:39,797 [INFO] [MainThread] [root/bar_manager.py:92]: Stopping SystemEventListener...
2026-07-24 09:13:39,797 [INFO] [MainThread] [root/bar_manager.py:92]: Stopping WindowsNotificationEventListener...
2026-07-24 09:13:39,811 [DEBUG] [MainThread] [systray_widget/systray.py:504]: Saving state to disk
2026-07-24 09:13:39,813 [DEBUG] [MainThread] [systray_widget/systray.py:508]: Saving state to C:\Users\Srinath\AppData\Local\YASB\systray_state_ACERTECHNOLOGIESVG271UM32526057A84212.json
2026-07-24 09:13:39,944 [DEBUG] [MainThread] [systray_widget/utils.py:96]: Destroying window 263348
2026-07-24 09:13:39,961 [DEBUG] [MainThread] [qasync._windows._EventPoller/_windows.py:220]: Stopping worker thread...
2026-07-24 09:13:39,972 [DEBUG] [Dummy-9] [qasync._windows._EventWorker/_windows.py:204]: Exiting thread
2026-07-24 09:13:39,977 [DEBUG] [MainThread] [qasync._windows._IocpProactor/_windows.py:78]: Closing
2026-07-24 09:13:40,017 [DEBUG] [MainThread] [systray_widget/utils.py:96]: Destroying window 263348
2026-07-24 09:42:32,993 [INFO] [MainThread] [root/log.py:69]: YASB v1.8.5
2026-07-24 09:42:32,995 [INFO] [Thread-1 (_run_server)] [cli_server/cli_server.py:212]: CLI server started v1.1.4
2026-07-24 09:42:32,995 [INFO] [MainThread] [cli_server/cli_server.py:104]: Log pipe server started
2026-07-24 09:42:35,269 [INFO] [MainThread] [root/service.py:48]: AudioOutputService starting...
2026-07-24 09:42:37,482 [INFO] [MainThread] [root/bar_manager.py:85]: Starting KomorebiEventListener...
2026-07-24 09:42:37,483 [INFO] [MainThread] [root/bar_manager.py:85]: Starting SystemEventListener...
2026-07-24 09:42:37,483 [INFO] [MainThread] [root/bar_manager.py:85]: Starting WindowsNotificationEventListener...
2026-07-24 09:42:37,485 [INFO] [MainThread] [root/watcher.py:54]: Created file watcher for path C:\Users\Srinath\.config\yasb
2026-07-24 09:42:37,596 [INFO] [Dummy-6] [root/event_listener.py:51]: Created named pipe yasb-e799145c-8715-11f1-bc76-b48c9d368940
2026-07-24 09:42:37,679 [INFO] [MainThread] [root/update_service.py:404]: Background update checker started
2026-07-24 09:42:37,679 [DEBUG] [MainThread] [qasync._windows._EventPoller/_windows.py:215]: Starting (proactor: <_IocpProactor overlapped#=0 result#=0>)...
2026-07-24 09:42:37,686 [DEBUG] [Dummy-9] [qasync._windows._EventWorker/_windows.py:195]: Thread started
2026-07-24 09:42:37,693 [DEBUG] [MainThread] [systray_widget/systray.py:526]: Loading state from C:\Users\Srinath\AppData\Local\YASB\systray_state_ACERTECHNOLOGIESVG271UM32526057A84212.json
2026-07-24 09:42:37,728 [DEBUG] [SystrayMonitor] [systray_widget/systray.py:57]: Systray thread is starting...
2026-07-24 09:42:38,487 [ERROR] [UpdateChecker] [root/update_service.py:271]: GitHub API HTTP error: 403 rate limit exceeded
2026-07-24 09:42:38,488 [WARNING] [UpdateChecker] [root/update_service.py:400]: Background update check failed: HTTP Error 403: rate limit exceeded
2026-07-24 09:42:38,594 [DEBUG] [MainThread] [systray_widget/systray.py:277]: Systray thread started
2026-07-24 09:42:38,797 [DEBUG] [SystrayMonitor] [systray_widget/systray_monitor.py:164]: Adding TaskbandHWND prop to hwnd 525288
2026-07-24 09:42:38,800 [DEBUG] [SystrayMonitor] [systray_widget/systray_monitor.py:242]: Finding real tray hwnd
2026-07-24 09:42:38,863 [DEBUG] [MainThread] [systray_widget/systray_monitor.py:157]: Sending TaskbarCreated message: 49336
2026-07-24 09:42:55,350 [INFO] [MainThread] [root/bar.py:154]: Screen geometry changed. Updating position for bar status-bar on screen VG271U M3
2026-07-24 09:43:05,172 [INFO] [MainThread] [root/bar.py:154]: Screen geometry changed. Updating position for bar status-bar on screen VG271U M3
2026-07-24 09:43:54,582 [INFO] [MainThread] [root/bar.py:154]: Screen geometry changed. Updating position for bar status-bar on screen VG271U M3
2026-07-24 10:14:45,102 [INFO] [MainThread] [root/bar.py:154]: Screen geometry changed. Updating position for bar status-bar on screen VG271U M3
2026-07-24 10:21:11,490 [ERROR] [MainThread] [root/gpu.py:170]: Error updating shared GPU data: Command '['C:\\WINDOWS\\system32\\nvidia-smi.EXE', '--query-gpu=index,utilization.gpu,memory.total,memory.used,memory.free,temperature.gpu,fan.speed', '--format=csv,noheader,nounits']' timed out after 2 seconds
2026-07-24 12:34:52,461 [ERROR] [MainThread] [root/gpu.py:170]: Error updating shared GPU data: Command '['C:\\WINDOWS\\system32\\nvidia-smi.EXE', '--query-gpu=index,utilization.gpu,memory.total,memory.used,memory.free,temperature.gpu,fan.speed', '--format=csv,noheader,nounits']' timed out after 2 seconds
2026-07-25 06:52:11,307 [ERROR] [MainThread] [wifi_widget/wifi.py:193]: Error in wifi widget update: [Errno 11004] getaddrinfo failed
2026-07-25 06:52:12,124 [ERROR] [MainThread] [wifi_widget/wifi.py:193]: Error in wifi widget update: [Errno 11004] getaddrinfo failed
2026-07-25 06:58:53,468 [ERROR] [MainThread] [root/gpu.py:170]: Error updating shared GPU data: Command '['C:\\WINDOWS\\system32\\nvidia-smi.EXE', '--query-gpu=index,utilization.gpu,memory.total,memory.used,memory.free,temperature.gpu,fan.speed', '--format=csv,noheader,nounits']' timed out after 2 seconds
2026-07-25 06:59:03,525 [ERROR] [MainThread] [root/gpu.py:170]: Error updating shared GPU data: Command '['C:\\WINDOWS\\system32\\nvidia-smi.EXE', '--query-gpu=index,utilization.gpu,memory.total,memory.used,memory.free,temperature.gpu,fan.speed', '--format=csv,noheader,nounits']' timed out after 2 seconds
2026-07-25 10:52:56,680 [INFO] [MainThread] [root/bar.py:154]: Screen geometry changed. Updating position for bar status-bar on screen VG271U M3
2026-07-25 11:00:44,541 [INFO] [MainThread] [root/controller.py:35]: Exiting Application from context menu...
2026-07-25 11:00:44,646 [INFO] [MainThread] [cli_server/cli_server.py:112]: Log pipe server stopped
2026-07-25 11:00:44,646 [DEBUG] [MainThread] [cli_server/cli_server.py:206]: CLI server stopped
2026-07-25 11:00:44,958 [INFO] [MainThread] [root/bar_manager.py:92]: Stopping KomorebiEventListener...
2026-07-25 11:00:44,958 [INFO] [MainThread] [root/bar_manager.py:92]: Stopping SystemEventListener...
2026-07-25 11:00:44,959 [INFO] [MainThread] [root/bar_manager.py:92]: Stopping WindowsNotificationEventListener...
2026-07-25 11:00:44,968 [DEBUG] [MainThread] [systray_widget/systray.py:504]: Saving state to disk
2026-07-25 11:00:44,969 [DEBUG] [MainThread] [systray_widget/systray.py:508]: Saving state to C:\Users\Srinath\AppData\Local\YASB\systray_state_ACERTECHNOLOGIESVG271UM32526057A84212.json
2026-07-25 11:00:44,988 [DEBUG] [MainThread] [systray_widget/utils.py:96]: Destroying window 525288
2026-07-25 11:00:45,004 [DEBUG] [MainThread] [qasync._windows._EventPoller/_windows.py:220]: Stopping worker thread...
2026-07-25 11:00:45,004 [DEBUG] [Dummy-9] [qasync._windows._EventWorker/_windows.py:204]: Exiting thread
2026-07-25 11:00:45,006 [DEBUG] [MainThread] [qasync._windows._IocpProactor/_windows.py:78]: Closing
2026-07-25 11:00:45,032 [DEBUG] [MainThread] [systray_widget/utils.py:96]: Destroying window 525288
2026-07-26 04:08:21,351 [INFO] [MainThread] [root/log.py:69]: YASB v1.8.5
2026-07-26 04:08:21,353 [INFO] [Thread-1 (_run_server)] [cli_server/cli_server.py:212]: CLI server started v1.1.4
2026-07-26 04:08:21,354 [INFO] [MainThread] [cli_server/cli_server.py:104]: Log pipe server started
2026-07-26 04:08:23,514 [INFO] [MainThread] [root/service.py:48]: AudioOutputService starting...
2026-07-26 04:08:25,774 [INFO] [MainThread] [root/bar_manager.py:85]: Starting KomorebiEventListener...
2026-07-26 04:08:25,775 [INFO] [MainThread] [root/bar_manager.py:85]: Starting SystemEventListener...
2026-07-26 04:08:25,776 [INFO] [MainThread] [root/bar_manager.py:85]: Starting WindowsNotificationEventListener...
2026-07-26 04:08:25,779 [INFO] [Dummy-4] [root/event_listener.py:51]: Created named pipe yasb-8cacd8a5-8879-11f1-94ad-b48c9d368940
2026-07-26 04:08:25,779 [INFO] [MainThread] [root/watcher.py:54]: Created file watcher for path C:\Users\Srinath\.config\yasb
2026-07-26 04:08:26,030 [INFO] [MainThread] [root/update_service.py:404]: Background update checker started
2026-07-26 04:08:26,031 [DEBUG] [MainThread] [qasync._windows._EventPoller/_windows.py:215]: Starting (proactor: <_IocpProactor overlapped#=0 result#=0>)...
2026-07-26 04:08:26,032 [DEBUG] [Dummy-9] [qasync._windows._EventWorker/_windows.py:195]: Thread started
2026-07-26 04:08:26,048 [DEBUG] [MainThread] [systray_widget/systray.py:526]: Loading state from C:\Users\Srinath\AppData\Local\YASB\systray_state_MLTDDISPLAY1.json
2026-07-26 04:08:26,086 [DEBUG] [SystrayMonitor] [systray_widget/systray.py:57]: Systray thread is starting...
2026-07-26 04:08:26,591 [DEBUG] [MainThread] [systray_widget/systray.py:277]: Systray thread started
2026-07-26 04:08:26,793 [DEBUG] [SystrayMonitor] [systray_widget/systray_monitor.py:164]: Adding TaskbandHWND prop to hwnd 528070
2026-07-26 04:08:26,794 [DEBUG] [SystrayMonitor] [systray_widget/systray_monitor.py:242]: Finding real tray hwnd
2026-07-26 04:08:26,804 [DEBUG] [MainThread] [systray_widget/systray_monitor.py:157]: Sending TaskbarCreated message: 49336
2026-07-26 21:11:19,447 [INFO] [MainThread] [root/controller.py:35]: Exiting Application...
2026-07-26 21:11:19,572 [INFO] [MainThread] [cli_server/cli_server.py:112]: Log pipe server stopped
2026-07-26 21:11:19,572 [DEBUG] [MainThread] [cli_server/cli_server.py:206]: CLI server stopped
2026-07-26 21:11:19,941 [INFO] [MainThread] [root/bar_manager.py:92]: Stopping KomorebiEventListener...
2026-07-26 21:11:19,942 [INFO] [MainThread] [root/bar_manager.py:92]: Stopping SystemEventListener...
2026-07-26 21:11:19,942 [INFO] [MainThread] [root/bar_manager.py:92]: Stopping WindowsNotificationEventListener...
2026-07-26 21:11:19,953 [DEBUG] [MainThread] [systray_widget/systray.py:504]: Saving state to disk
2026-07-26 21:11:19,954 [DEBUG] [MainThread] [systray_widget/systray.py:508]: Saving state to C:\Users\Srinath\AppData\Local\YASB\systray_state_MLTDDISPLAY1.json
2026-07-26 21:11:19,976 [DEBUG] [MainThread] [systray_widget/utils.py:96]: Destroying window 528070
2026-07-26 21:11:20,028 [DEBUG] [MainThread] [qasync._windows._EventPoller/_windows.py:220]: Stopping worker thread...
2026-07-26 21:11:20,038 [DEBUG] [Dummy-9] [qasync._windows._EventWorker/_windows.py:204]: Exiting thread
2026-07-26 21:11:20,044 [DEBUG] [MainThread] [qasync._windows._IocpProactor/_windows.py:78]: Closing
2026-07-26 21:11:20,104 [DEBUG] [MainThread] [systray_widget/utils.py:96]: Destroying window 528070
2026-07-28 11:09:36,689 [INFO] [MainThread] [root/log.py:69]: YASB v1.8.5
2026-07-28 11:09:36,691 [INFO] [Thread-1 (_run_server)] [cli_server/cli_server.py:212]: CLI server started v1.1.4
2026-07-28 11:09:36,691 [INFO] [MainThread] [cli_server/cli_server.py:104]: Log pipe server started
2026-07-28 11:09:38,422 [INFO] [MainThread] [root/service.py:48]: AudioOutputService starting...
2026-07-28 11:09:39,760 [INFO] [MainThread] [root/bar_manager.py:85]: Starting WindowsNotificationEventListener...
2026-07-28 11:09:39,761 [INFO] [MainThread] [root/bar_manager.py:85]: Starting SystemEventListener...
2026-07-28 11:09:39,761 [INFO] [MainThread] [root/bar_manager.py:85]: Starting KomorebiEventListener...
2026-07-28 11:09:39,762 [INFO] [MainThread] [root/watcher.py:54]: Created file watcher for path C:\Users\Srinath\.config\yasb
2026-07-28 11:09:39,763 [INFO] [Dummy-6] [root/event_listener.py:51]: Created named pipe yasb-b9f89e74-8a46-11f1-93df-b48c9d368940
2026-07-28 11:09:39,900 [INFO] [MainThread] [root/update_service.py:404]: Background update checker started
2026-07-28 11:09:39,900 [DEBUG] [MainThread] [qasync._windows._EventPoller/_windows.py:215]: Starting (proactor: <_IocpProactor overlapped#=0 result#=0>)...
2026-07-28 11:09:39,904 [DEBUG] [Dummy-9] [qasync._windows._EventWorker/_windows.py:195]: Thread started
2026-07-28 11:09:39,908 [DEBUG] [MainThread] [systray_widget/systray.py:526]: Loading state from C:\Users\Srinath\AppData\Local\YASB\systray_state_ACERTECHNOLOGIESVG271UM32526057A84212.json
2026-07-28 11:09:39,945 [DEBUG] [SystrayMonitor] [systray_widget/systray.py:57]: Systray thread is starting...
2026-07-28 11:09:40,205 [DEBUG] [MainThread] [systray_widget/systray.py:277]: Systray thread started
2026-07-28 11:09:40,406 [DEBUG] [SystrayMonitor] [systray_widget/systray_monitor.py:164]: Adding TaskbandHWND prop to hwnd 66994
2026-07-28 11:09:40,414 [DEBUG] [SystrayMonitor] [systray_widget/systray_monitor.py:242]: Finding real tray hwnd
2026-07-28 11:09:40,417 [DEBUG] [MainThread] [systray_widget/systray_monitor.py:157]: Sending TaskbarCreated message: 49360
2026-07-28 11:09:40,451 [ERROR] [UpdateChecker] [root/update_service.py:271]: GitHub API HTTP error: 403 rate limit exceeded
2026-07-28 11:09:40,451 [WARNING] [UpdateChecker] [root/update_service.py:400]: Background update check failed: HTTP Error 403: rate limit exceeded
2026-07-28 11:18:30,059 [INFO] [MainThread] [root/controller.py:35]: Exiting Application from context menu...
2026-07-28 11:18:30,165 [INFO] [MainThread] [cli_server/cli_server.py:112]: Log pipe server stopped
2026-07-28 11:18:30,166 [DEBUG] [MainThread] [cli_server/cli_server.py:206]: CLI server stopped
2026-07-28 11:18:30,291 [INFO] [MainThread] [root/bar_manager.py:92]: Stopping WindowsNotificationEventListener...
2026-07-28 11:18:30,291 [INFO] [MainThread] [root/bar_manager.py:92]: Stopping SystemEventListener...
2026-07-28 11:18:30,292 [INFO] [MainThread] [root/bar_manager.py:92]: Stopping KomorebiEventListener...
2026-07-28 11:18:30,298 [DEBUG] [MainThread] [systray_widget/systray.py:504]: Saving state to disk
2026-07-28 11:18:30,298 [DEBUG] [MainThread] [systray_widget/systray.py:508]: Saving state to C:\Users\Srinath\AppData\Local\YASB\systray_state_ACERTECHNOLOGIESVG271UM32526057A84212.json
2026-07-28 11:18:30,302 [DEBUG] [MainThread] [systray_widget/utils.py:96]: Destroying window 66994
2026-07-28 11:18:30,337 [DEBUG] [MainThread] [qasync._windows._EventPoller/_windows.py:220]: Stopping worker thread...
2026-07-28 11:18:30,353 [DEBUG] [Dummy-9] [qasync._windows._EventWorker/_windows.py:204]: Exiting thread
2026-07-28 11:18:30,374 [DEBUG] [MainThread] [qasync._windows._IocpProactor/_windows.py:78]: Closing
2026-07-28 11:18:30,555 [DEBUG] [MainThread] [systray_widget/utils.py:96]: Destroying window 66994
2026-07-28 11:46:38,628 [INFO] [MainThread] [root/log.py:69]: YASB v1.8.5
2026-07-28 11:46:38,629 [INFO] [Thread-1 (_run_server)] [cli_server/cli_server.py:212]: CLI server started v1.1.4
2026-07-28 11:46:38,629 [INFO] [MainThread] [cli_server/cli_server.py:104]: Log pipe server started
2026-07-28 11:46:40,347 [INFO] [MainThread] [root/service.py:48]: AudioOutputService starting...
2026-07-28 11:46:42,195 [INFO] [MainThread] [root/bar_manager.py:85]: Starting KomorebiEventListener...
2026-07-28 11:46:42,196 [INFO] [MainThread] [root/bar_manager.py:85]: Starting SystemEventListener...
2026-07-28 11:46:42,196 [INFO] [MainThread] [root/bar_manager.py:85]: Starting WindowsNotificationEventListener...
2026-07-28 11:46:42,197 [INFO] [Dummy-4] [root/event_listener.py:51]: Created named pipe yasb-e6a52928-8a4b-11f1-b4bd-b48c9d368940
2026-07-28 11:46:42,199 [INFO] [MainThread] [root/watcher.py:54]: Created file watcher for path C:\Users\Srinath\.config\yasb
2026-07-28 11:46:42,363 [INFO] [MainThread] [root/update_service.py:404]: Background update checker started
2026-07-28 11:46:42,363 [DEBUG] [MainThread] [qasync._windows._EventPoller/_windows.py:215]: Starting (proactor: <_IocpProactor overlapped#=0 result#=0>)...
2026-07-28 11:46:42,365 [DEBUG] [Dummy-9] [qasync._windows._EventWorker/_windows.py:195]: Thread started
2026-07-28 11:46:42,369 [DEBUG] [MainThread] [systray_widget/systray.py:526]: Loading state from C:\Users\Srinath\AppData\Local\YASB\systray_state_ACERTECHNOLOGIESVG271UM32526057A84212.json
2026-07-28 11:46:42,407 [DEBUG] [SystrayMonitor] [systray_widget/systray.py:57]: Systray thread is starting...
2026-07-28 11:46:42,827 [DEBUG] [MainThread] [systray_widget/systray.py:277]: Systray thread started
2026-07-28 11:46:42,979 [ERROR] [UpdateChecker] [root/update_service.py:271]: GitHub API HTTP error: 403 rate limit exceeded
2026-07-28 11:46:42,979 [WARNING] [UpdateChecker] [root/update_service.py:400]: Background update check failed: HTTP Error 403: rate limit exceeded
2026-07-28 11:46:43,029 [DEBUG] [SystrayMonitor] [systray_widget/systray_monitor.py:164]: Adding TaskbandHWND prop to hwnd 132514
2026-07-28 11:46:43,030 [DEBUG] [SystrayMonitor] [systray_widget/systray_monitor.py:242]: Finding real tray hwnd
2026-07-28 11:46:43,039 [DEBUG] [MainThread] [systray_widget/systray_monitor.py:157]: Sending TaskbarCreated message: 49360
2026-07-28 12:35:04,927 [ERROR] [MainThread] [root/gpu.py:170]: Error updating shared GPU data: Command '['C:\\WINDOWS\\system32\\nvidia-smi.EXE', '--query-gpu=index,utilization.gpu,memory.total,memory.used,memory.free,temperature.gpu,fan.speed', '--format=csv,noheader,nounits']' timed out after 2 seconds
2026-07-28 12:57:02,117 [ERROR] [MainThread] [root/gpu.py:170]: Error updating shared GPU data: Command '['C:\\WINDOWS\\system32\\nvidia-smi.EXE', '--query-gpu=index,utilization.gpu,memory.total,memory.used,memory.free,temperature.gpu,fan.speed', '--format=csv,noheader,nounits']' timed out after 2 seconds
2026-07-28 13:53:37,032 [ERROR] [MainThread] [root/gpu.py:170]: Error updating shared GPU data: Command '['C:\\WINDOWS\\system32\\nvidia-smi.EXE', '--query-gpu=index,utilization.gpu,memory.total,memory.used,memory.free,temperature.gpu,fan.speed', '--format=csv,noheader,nounits']' timed out after 2 seconds
2026-07-28 19:51:51,276 [INFO] [MainThread] [root/controller.py:35]: Exiting Application...
2026-07-28 19:51:51,391 [INFO] [MainThread] [cli_server/cli_server.py:112]: Log pipe server stopped
2026-07-28 19:51:51,392 [DEBUG] [MainThread] [cli_server/cli_server.py:206]: CLI server stopped
2026-07-28 19:51:51,777 [INFO] [MainThread] [root/bar_manager.py:92]: Stopping KomorebiEventListener...
2026-07-28 19:51:51,777 [INFO] [MainThread] [root/bar_manager.py:92]: Stopping SystemEventListener...
2026-07-28 19:51:51,780 [INFO] [MainThread] [root/bar_manager.py:92]: Stopping WindowsNotificationEventListener...
2026-07-28 19:51:51,798 [DEBUG] [MainThread] [systray_widget/systray.py:504]: Saving state to disk
2026-07-28 19:51:51,799 [DEBUG] [MainThread] [systray_widget/systray.py:508]: Saving state to C:\Users\Srinath\AppData\Local\YASB\systray_state_ACERTECHNOLOGIESVG271UM32526057A84212.json
2026-07-28 19:51:51,824 [DEBUG] [MainThread] [systray_widget/utils.py:96]: Destroying window 132514
2026-07-28 19:51:51,862 [DEBUG] [MainThread] [qasync._windows._EventPoller/_windows.py:220]: Stopping worker thread...
2026-07-28 19:51:51,874 [DEBUG] [Dummy-9] [qasync._windows._EventWorker/_windows.py:204]: Exiting thread
2026-07-28 19:51:51,878 [DEBUG] [MainThread] [qasync._windows._IocpProactor/_windows.py:78]: Closing
2026-07-28 19:51:51,952 [DEBUG] [MainThread] [systray_widget/utils.py:96]: Destroying window 132514
2026-07-29 09:10:05,781 [INFO] [MainThread] [root/log.py:69]: YASB v1.8.5
2026-07-29 09:10:05,783 [INFO] [Thread-1 (_run_server)] [cli_server/cli_server.py:212]: CLI server started v1.1.4
2026-07-29 09:10:05,783 [INFO] [MainThread] [cli_server/cli_server.py:104]: Log pipe server started
2026-07-29 09:10:10,492 [INFO] [MainThread] [root/service.py:48]: AudioOutputService starting...
2026-07-29 09:10:11,666 [INFO] [MainThread] [root/bar_manager.py:85]: Starting KomorebiEventListener...
2026-07-29 09:10:11,666 [INFO] [MainThread] [root/bar_manager.py:85]: Starting SystemEventListener...
2026-07-29 09:10:11,667 [INFO] [MainThread] [root/bar_manager.py:85]: Starting WindowsNotificationEventListener...
2026-07-29 09:10:11,667 [INFO] [Dummy-4] [root/event_listener.py:51]: Created named pipe yasb-33ddcf10-8aff-11f1-82e6-b48c9d368940
2026-07-29 09:10:11,669 [INFO] [MainThread] [root/watcher.py:54]: Created file watcher for path C:\Users\Srinath\.config\yasb
2026-07-29 09:10:11,837 [INFO] [MainThread] [root/update_service.py:404]: Background update checker started
2026-07-29 09:10:11,838 [DEBUG] [MainThread] [qasync._windows._EventPoller/_windows.py:215]: Starting (proactor: <_IocpProactor overlapped#=0 result#=0>)...
2026-07-29 09:10:11,875 [DEBUG] [Dummy-9] [qasync._windows._EventWorker/_windows.py:195]: Thread started
2026-07-29 09:10:11,891 [DEBUG] [MainThread] [systray_widget/systray.py:526]: Loading state from C:\Users\Srinath\AppData\Local\YASB\systray_state_ACERTECHNOLOGIESVG271UM32526057A84212.json
2026-07-29 09:10:11,909 [DEBUG] [SystrayMonitor] [systray_widget/systray.py:57]: Systray thread is starting...
2026-07-29 09:10:12,311 [WARNING] [UpdateChecker] [root/update_service.py:274]: Network error checking for updates: [WinError 10013] An attempt was made to access a socket in a way forbidden by its access permissions
2026-07-29 09:10:12,312 [WARNING] [UpdateChecker] [root/update_service.py:400]: Background update check failed: <urlopen error [WinError 10013] An attempt was made to access a socket in a way forbidden by its access permissions>
2026-07-29 09:10:12,322 [DEBUG] [MainThread] [systray_widget/systray.py:277]: Systray thread started
2026-07-29 09:10:12,524 [DEBUG] [SystrayMonitor] [systray_widget/systray_monitor.py:164]: Adding TaskbandHWND prop to hwnd 66998
2026-07-29 09:10:12,532 [DEBUG] [SystrayMonitor] [systray_widget/systray_monitor.py:242]: Finding real tray hwnd
2026-07-29 09:10:12,536 [DEBUG] [MainThread] [systray_widget/systray_monitor.py:157]: Sending TaskbarCreated message: 49367
2026-07-29 09:11:11,873 [INFO] [MainThread] [root/controller.py:35]: Exiting Application from context menu...
2026-07-29 09:11:11,985 [INFO] [MainThread] [cli_server/cli_server.py:112]: Log pipe server stopped
2026-07-29 09:11:11,986 [DEBUG] [MainThread] [cli_server/cli_server.py:206]: CLI server stopped
2026-07-29 09:11:12,046 [INFO] [MainThread] [root/bar_manager.py:92]: Stopping KomorebiEventListener...
2026-07-29 09:11:12,047 [INFO] [MainThread] [root/bar_manager.py:92]: Stopping SystemEventListener...
2026-07-29 09:11:12,047 [INFO] [MainThread] [root/bar_manager.py:92]: Stopping WindowsNotificationEventListener...
2026-07-29 09:11:12,051 [DEBUG] [MainThread] [systray_widget/systray.py:504]: Saving state to disk
2026-07-29 09:11:12,052 [DEBUG] [MainThread] [systray_widget/systray.py:508]: Saving state to C:\Users\Srinath\AppData\Local\YASB\systray_state_ACERTECHNOLOGIESVG271UM32526057A84212.json
2026-07-29 09:11:12,053 [DEBUG] [MainThread] [systray_widget/utils.py:96]: Destroying window 66998
2026-07-29 09:11:12,057 [DEBUG] [MainThread] [qasync._windows._EventPoller/_windows.py:220]: Stopping worker thread...
2026-07-29 09:11:12,064 [DEBUG] [Dummy-9] [qasync._windows._EventWorker/_windows.py:204]: Exiting thread
2026-07-29 09:11:12,066 [DEBUG] [MainThread] [qasync._windows._IocpProactor/_windows.py:78]: Closing
2026-07-29 09:11:12,076 [DEBUG] [MainThread] [systray_widget/utils.py:96]: Destroying window 66998
2026-07-29 13:32:43,591 [INFO] [MainThread] [root/log.py:69]: YASB v1.8.5
2026-07-29 13:32:43,593 [INFO] [Thread-1 (_run_server)] [cli_server/cli_server.py:212]: CLI server started v1.1.4
2026-07-29 13:32:43,594 [INFO] [MainThread] [cli_server/cli_server.py:104]: Log pipe server started
2026-07-29 13:32:45,689 [INFO] [MainThread] [root/service.py:48]: AudioOutputService starting...
2026-07-29 13:32:47,096 [INFO] [MainThread] [root/bar_manager.py:85]: Starting SystemEventListener...
2026-07-29 13:32:47,096 [INFO] [MainThread] [root/bar_manager.py:85]: Starting KomorebiEventListener...
2026-07-29 13:32:47,097 [INFO] [MainThread] [root/bar_manager.py:85]: Starting WindowsNotificationEventListener...
2026-07-29 13:32:47,098 [INFO] [Dummy-4] [root/event_listener.py:51]: Created named pipe yasb-e2d5b831-8b23-11f1-834d-b48c9d368940
2026-07-29 13:32:47,099 [INFO] [MainThread] [root/watcher.py:54]: Created file watcher for path C:\Users\Srinath\.config\yasb
2026-07-29 13:32:47,256 [INFO] [MainThread] [root/update_service.py:404]: Background update checker started
2026-07-29 13:32:47,257 [DEBUG] [MainThread] [qasync._windows._EventPoller/_windows.py:215]: Starting (proactor: <_IocpProactor overlapped#=0 result#=0>)...
2026-07-29 13:32:47,298 [DEBUG] [Dummy-9] [qasync._windows._EventWorker/_windows.py:195]: Thread started
2026-07-29 13:32:47,303 [DEBUG] [MainThread] [systray_widget/systray.py:526]: Loading state from C:\Users\Srinath\AppData\Local\YASB\systray_state_ACERTECHNOLOGIESVG271UM32526057A84212.json
2026-07-29 13:32:47,317 [DEBUG] [SystrayMonitor] [systray_widget/systray.py:57]: Systray thread is starting...
2026-07-29 13:32:47,715 [DEBUG] [MainThread] [systray_widget/systray.py:277]: Systray thread started
2026-07-29 13:32:47,726 [WARNING] [UpdateChecker] [root/update_service.py:274]: Network error checking for updates: [WinError 10013] An attempt was made to access a socket in a way forbidden by its access permissions
2026-07-29 13:32:47,726 [WARNING] [UpdateChecker] [root/update_service.py:400]: Background update check failed: <urlopen error [WinError 10013] An attempt was made to access a socket in a way forbidden by its access permissions>
2026-07-29 13:32:47,917 [DEBUG] [SystrayMonitor] [systray_widget/systray_monitor.py:164]: Adding TaskbandHWND prop to hwnd 66982
2026-07-29 13:32:47,918 [DEBUG] [SystrayMonitor] [systray_widget/systray_monitor.py:242]: Finding real tray hwnd
2026-07-29 13:32:47,929 [DEBUG] [MainThread] [systray_widget/systray_monitor.py:157]: Sending TaskbarCreated message: 49367
2026-07-29 13:34:51,913 [INFO] [MainThread] [root/bar_manager.py:80]: Screens updated. Re-initialising all bars.
2026-07-29 13:34:51,914 [INFO] [MainThread] [root/controller.py:15]: Reloading Application because of screen update.
2026-07-29 13:34:52,028 [INFO] [MainThread] [cli_server/cli_server.py:112]: Log pipe server stopped
2026-07-29 13:34:52,028 [DEBUG] [MainThread] [cli_server/cli_server.py:206]: CLI server stopped
2026-07-29 13:34:52,151 [INFO] [MainThread] [root/bar_manager.py:80]: Screens updated. Re-initialising all bars.
2026-07-29 13:34:52,152 [INFO] [MainThread] [root/controller.py:15]: Reloading Application because of screen update.
2026-07-29 13:34:52,260 [INFO] [MainThread] [cli_server/cli_server.py:112]: Log pipe server stopped
2026-07-29 13:34:52,261 [DEBUG] [MainThread] [cli_server/cli_server.py:206]: CLI server stopped
2026-07-29 13:34:53,070 [INFO] [MainThread] [root/bar_manager.py:92]: Stopping SystemEventListener...
2026-07-29 13:34:53,070 [INFO] [MainThread] [root/bar_manager.py:92]: Stopping KomorebiEventListener...
2026-07-29 13:34:53,070 [INFO] [MainThread] [root/bar_manager.py:92]: Stopping WindowsNotificationEventListener...
2026-07-29 13:34:53,079 [DEBUG] [MainThread] [systray_widget/systray.py:504]: Saving state to disk
2026-07-29 13:34:53,080 [DEBUG] [MainThread] [systray_widget/systray.py:508]: Saving state to C:\Users\Srinath\AppData\Local\YASB\systray_state_ACERTECHNOLOGIESVG271UM31322131231233.json
2026-07-29 13:34:53,097 [DEBUG] [MainThread] [systray_widget/utils.py:96]: Destroying window 66982
2026-07-29 13:34:53,111 [DEBUG] [MainThread] [qasync._windows._EventPoller/_windows.py:220]: Stopping worker thread...
2026-07-29 13:34:53,121 [DEBUG] [Dummy-9] [qasync._windows._EventWorker/_windows.py:204]: Exiting thread
2026-07-29 13:34:53,123 [DEBUG] [MainThread] [qasync._windows._IocpProactor/_windows.py:78]: Closing
2026-07-29 13:34:53,124 [DEBUG] [MainThread] [systray_widget/utils.py:96]: Destroying window 66982
2026-07-29 13:34:53,294 [INFO] [MainThread] [root/log.py:69]: YASB v1.8.5
2026-07-29 13:34:53,295 [INFO] [Thread-1 (_run_server)] [cli_server/cli_server.py:212]: CLI server started v1.1.4
2026-07-29 13:34:53,296 [INFO] [MainThread] [cli_server/cli_server.py:104]: Log pipe server started
2026-07-29 13:34:53,301 [INFO] [MainThread] [root/log.py:69]: YASB v1.8.5
2026-07-29 13:34:53,303 [INFO] [Thread-1 (_run_server)] [cli_server/cli_server.py:212]: CLI server started v1.1.4
2026-07-29 13:34:53,304 [INFO] [MainThread] [cli_server/cli_server.py:104]: Log pipe server started
2026-07-29 13:34:53,305 [INFO] [MainThread] [root/main.py:45]: Waiting for previous YASB instance to exit...
2026-07-29 13:34:54,390 [INFO] [MainThread] [root/service.py:48]: AudioOutputService starting...
2026-07-29 13:34:54,967 [INFO] [MainThread] [root/bar_manager.py:85]: Starting KomorebiEventListener...
2026-07-29 13:34:54,967 [INFO] [MainThread] [root/bar_manager.py:85]: Starting SystemEventListener...
2026-07-29 13:34:54,968 [INFO] [MainThread] [root/bar_manager.py:85]: Starting WindowsNotificationEventListener...
2026-07-29 13:34:54,970 [INFO] [Dummy-4] [root/event_listener.py:51]: Created named pipe yasb-2f0d3baf-8b24-11f1-a104-b48c9d368940
2026-07-29 13:34:54,971 [INFO] [MainThread] [root/watcher.py:54]: Created file watcher for path C:\Users\Srinath\.config\yasb
2026-07-29 13:34:55,034 [INFO] [MainThread] [root/update_service.py:404]: Background update checker started
2026-07-29 13:34:55,034 [DEBUG] [MainThread] [qasync._windows._EventPoller/_windows.py:215]: Starting (proactor: <_IocpProactor overlapped#=0 result#=0>)...
2026-07-29 13:34:55,036 [DEBUG] [Dummy-9] [qasync._windows._EventWorker/_windows.py:195]: Thread started
2026-07-29 13:34:55,044 [DEBUG] [MainThread] [systray_widget/systray.py:526]: Loading state from C:\Users\Srinath\AppData\Local\YASB\systray_state_ACERTECHNOLOGIESVG271UM31322131231233.json
2026-07-29 13:34:55,071 [DEBUG] [SystrayMonitor] [systray_widget/systray.py:57]: Systray thread is starting...
2026-07-29 13:34:55,284 [DEBUG] [MainThread] [systray_widget/systray.py:277]: Systray thread started
2026-07-29 13:34:55,486 [DEBUG] [SystrayMonitor] [systray_widget/systray_monitor.py:164]: Adding TaskbandHWND prop to hwnd 132562
2026-07-29 13:34:55,487 [DEBUG] [SystrayMonitor] [systray_widget/systray_monitor.py:242]: Finding real tray hwnd
2026-07-29 13:34:55,494 [DEBUG] [MainThread] [systray_widget/systray_monitor.py:157]: Sending TaskbarCreated message: 49367
2026-07-29 13:35:03,320 [ERROR] [MainThread] [root/main.py:68]: Timeout waiting for previous instance. Aborting start.
2026-07-29 13:38:23,311 [INFO] [MainThread] [root/bar_manager.py:80]: Screens updated. Re-initialising all bars.
2026-07-29 13:38:23,311 [INFO] [MainThread] [root/controller.py:15]: Reloading Application because of screen update.
2026-07-29 13:38:23,418 [INFO] [MainThread] [cli_server/cli_server.py:112]: Log pipe server stopped
2026-07-29 13:38:23,418 [DEBUG] [MainThread] [cli_server/cli_server.py:206]: CLI server stopped
2026-07-29 13:38:24,370 [INFO] [MainThread] [root/bar_manager.py:92]: Stopping KomorebiEventListener...
2026-07-29 13:38:24,371 [INFO] [MainThread] [root/bar_manager.py:92]: Stopping SystemEventListener...
2026-07-29 13:38:24,371 [INFO] [MainThread] [root/bar_manager.py:92]: Stopping WindowsNotificationEventListener...
2026-07-29 13:38:24,379 [DEBUG] [MainThread] [systray_widget/systray.py:504]: Saving state to disk
2026-07-29 13:38:24,379 [DEBUG] [MainThread] [systray_widget/systray.py:508]: Saving state to C:\Users\Srinath\AppData\Local\YASB\systray_state_ACERTECHNOLOGIESVG271UM31322131231233.json
2026-07-29 13:38:24,381 [DEBUG] [MainThread] [systray_widget/utils.py:96]: Destroying window 132562
2026-07-29 13:38:24,394 [DEBUG] [MainThread] [qasync._windows._EventPoller/_windows.py:220]: Stopping worker thread...
2026-07-29 13:38:24,398 [DEBUG] [Dummy-9] [qasync._windows._EventWorker/_windows.py:204]: Exiting thread
2026-07-29 13:38:24,406 [DEBUG] [MainThread] [qasync._windows._IocpProactor/_windows.py:78]: Closing
2026-07-29 13:38:24,478 [DEBUG] [MainThread] [systray_widget/utils.py:96]: Destroying window 132562
2026-07-29 13:38:24,678 [INFO] [MainThread] [root/log.py:69]: YASB v1.8.5
2026-07-29 13:38:24,679 [INFO] [Thread-1 (_run_server)] [cli_server/cli_server.py:212]: CLI server started v1.1.4
2026-07-29 13:38:24,679 [INFO] [MainThread] [cli_server/cli_server.py:104]: Log pipe server started
2026-07-29 13:38:25,723 [INFO] [MainThread] [root/service.py:48]: AudioOutputService starting...
2026-07-29 13:38:27,395 [INFO] [MainThread] [root/bar_manager.py:85]: Starting KomorebiEventListener...
2026-07-29 13:38:27,396 [INFO] [MainThread] [root/bar_manager.py:85]: Starting WindowsNotificationEventListener...
2026-07-29 13:38:27,398 [INFO] [MainThread] [root/bar_manager.py:85]: Starting SystemEventListener...
2026-07-29 13:38:27,399 [INFO] [MainThread] [root/watcher.py:54]: Created file watcher for path C:\Users\Srinath\.config\yasb
2026-07-29 13:38:27,841 [INFO] [Dummy-7] [root/event_listener.py:51]: Created named pipe yasb-adab3760-8b24-11f1-a2d7-b48c9d368940
2026-07-29 13:38:28,816 [INFO] [MainThread] [root/update_service.py:404]: Background update checker started
2026-07-29 13:38:28,816 [DEBUG] [MainThread] [qasync._windows._EventPoller/_windows.py:215]: Starting (proactor: <_IocpProactor overlapped#=0 result#=0>)...
2026-07-29 13:38:28,845 [DEBUG] [Dummy-10] [qasync._windows._EventWorker/_windows.py:195]: Thread started
2026-07-29 13:38:28,944 [DEBUG] [MainThread] [systray_widget/systray.py:526]: Loading state from C:\Users\Srinath\AppData\Local\YASB\systray_state_ACERTECHNOLOGIESVG271UM31322131231233.json
2026-07-29 13:38:29,246 [DEBUG] [SystrayMonitor] [systray_widget/systray.py:57]: Systray thread is starting...
2026-07-29 13:38:30,075 [DEBUG] [SystrayMonitor] [systray_widget/systray_monitor.py:242]: Finding real tray hwnd
2026-07-29 13:38:40,392 [INFO] [MainThread] [root/bar_manager.py:80]: Screens updated. Re-initialising all bars.
2026-07-29 13:38:40,393 [INFO] [MainThread] [root/controller.py:15]: Reloading Application because of screen update.
2026-07-29 13:38:40,494 [INFO] [MainThread] [cli_server/cli_server.py:112]: Log pipe server stopped
2026-07-29 13:38:40,494 [DEBUG] [MainThread] [cli_server/cli_server.py:206]: CLI server stopped
2026-07-29 13:38:40,741 [DEBUG] [MainThread] [systray_widget/systray.py:526]: Loading state from C:\Users\Srinath\AppData\Local\YASB\systray_state_MLTDDISPLAY1.json
2026-07-29 13:38:41,532 [DEBUG] [MainThread] [systray_widget/systray.py:277]: Systray thread started
2026-07-29 13:38:41,542 [INFO] [MainThread] [root/bar.py:154]: Screen geometry changed. Updating position for bar status-bar on screen \\.\DISPLAY1
2026-07-29 13:43:00,691 [INFO] [MainThread] [root/log.py:69]: YASB v1.8.5
2026-07-29 13:43:00,693 [INFO] [Thread-1 (_run_server)] [cli_server/cli_server.py:212]: CLI server started v1.1.4
2026-07-29 13:43:00,694 [INFO] [MainThread] [cli_server/cli_server.py:104]: Log pipe server started
2026-07-29 13:43:02,412 [INFO] [MainThread] [root/service.py:48]: AudioOutputService starting...
2026-07-29 13:43:03,560 [INFO] [MainThread] [root/bar_manager.py:85]: Starting KomorebiEventListener...
2026-07-29 13:43:03,561 [INFO] [MainThread] [root/bar_manager.py:85]: Starting SystemEventListener...
2026-07-29 13:43:03,561 [INFO] [MainThread] [root/bar_manager.py:85]: Starting WindowsNotificationEventListener...
2026-07-29 13:43:03,563 [INFO] [MainThread] [root/watcher.py:54]: Created file watcher for path C:\Users\Srinath\.config\yasb
2026-07-29 13:43:03,563 [INFO] [Dummy-6] [root/event_listener.py:51]: Created named pipe yasb-5246b31f-8b25-11f1-a1d1-b48c9d368940
2026-07-29 13:43:03,728 [INFO] [MainThread] [root/update_service.py:404]: Background update checker started
2026-07-29 13:43:03,728 [DEBUG] [MainThread] [qasync._windows._EventPoller/_windows.py:215]: Starting (proactor: <_IocpProactor overlapped#=0 result#=0>)...
2026-07-29 13:43:03,730 [DEBUG] [Dummy-9] [qasync._windows._EventWorker/_windows.py:195]: Thread started
2026-07-29 13:43:03,735 [DEBUG] [MainThread] [systray_widget/systray.py:526]: Loading state from C:\Users\Srinath\AppData\Local\YASB\systray_state_MLTDDISPLAY1.json
2026-07-29 13:43:03,748 [DEBUG] [SystrayMonitor] [systray_widget/systray.py:57]: Systray thread is starting...
2026-07-29 13:43:03,955 [DEBUG] [MainThread] [systray_widget/systray.py:277]: Systray thread started
2026-07-29 13:43:04,158 [DEBUG] [SystrayMonitor] [systray_widget/systray_monitor.py:164]: Adding TaskbandHWND prop to hwnd 67098
2026-07-29 13:43:04,169 [DEBUG] [SystrayMonitor] [systray_widget/systray_monitor.py:242]: Finding real tray hwnd
2026-07-29 13:43:04,173 [DEBUG] [MainThread] [systray_widget/systray_monitor.py:157]: Sending TaskbarCreated message: 49367
2026-07-29 13:43:59,189 [INFO] [MainThread] [root/bar_manager.py:80]: Screens updated. Re-initialising all bars.
2026-07-29 13:43:59,189 [INFO] [MainThread] [root/controller.py:15]: Reloading Application because of screen update.
2026-07-29 13:43:59,293 [INFO] [MainThread] [cli_server/cli_server.py:112]: Log pipe server stopped
2026-07-29 13:43:59,294 [DEBUG] [MainThread] [cli_server/cli_server.py:206]: CLI server stopped
2026-07-29 13:44:01,070 [INFO] [MainThread] [root/bar_manager.py:80]: Screens updated. Re-initialising all bars.
2026-07-29 13:44:01,070 [INFO] [MainThread] [root/controller.py:15]: Reloading Application because of screen update.
2026-07-29 13:44:01,171 [INFO] [MainThread] [cli_server/cli_server.py:112]: Log pipe server stopped
2026-07-29 13:44:01,172 [DEBUG] [MainThread] [cli_server/cli_server.py:206]: CLI server stopped
2026-07-29 13:44:01,287 [INFO] [MainThread] [root/bar_manager.py:92]: Stopping KomorebiEventListener...
2026-07-29 13:44:01,287 [INFO] [MainThread] [root/bar_manager.py:92]: Stopping SystemEventListener...
2026-07-29 13:44:01,287 [INFO] [MainThread] [root/bar_manager.py:92]: Stopping WindowsNotificationEventListener...
2026-07-29 13:44:01,294 [DEBUG] [MainThread] [systray_widget/systray.py:504]: Saving state to disk
2026-07-29 13:44:01,295 [DEBUG] [MainThread] [systray_widget/systray.py:508]: Saving state to C:\Users\Srinath\AppData\Local\YASB\systray_state_MLTDDISPLAY1.json
2026-07-29 13:44:01,297 [DEBUG] [MainThread] [systray_widget/utils.py:96]: Destroying window 67098
2026-07-29 13:44:01,331 [DEBUG] [MainThread] [qasync._windows._EventPoller/_windows.py:220]: Stopping worker thread...
2026-07-29 13:44:01,348 [DEBUG] [Dummy-9] [qasync._windows._EventWorker/_windows.py:204]: Exiting thread
2026-07-29 13:44:01,351 [DEBUG] [MainThread] [qasync._windows._IocpProactor/_windows.py:78]: Closing
2026-07-29 13:44:01,377 [DEBUG] [MainThread] [systray_widget/utils.py:96]: Destroying window 67098
2026-07-29 13:44:01,518 [INFO] [MainThread] [root/log.py:69]: YASB v1.8.5
2026-07-29 13:44:01,519 [INFO] [Thread-1 (_run_server)] [cli_server/cli_server.py:212]: CLI server started v1.1.4
2026-07-29 13:44:01,520 [INFO] [MainThread] [cli_server/cli_server.py:104]: Log pipe server started
2026-07-29 13:44:01,789 [INFO] [MainThread] [root/log.py:69]: YASB v1.8.5
2026-07-29 13:44:01,790 [INFO] [Thread-1 (_run_server)] [cli_server/cli_server.py:212]: CLI server started v1.1.4
2026-07-29 13:44:01,791 [INFO] [MainThread] [cli_server/cli_server.py:104]: Log pipe server started
2026-07-29 13:44:01,791 [INFO] [MainThread] [root/main.py:45]: Waiting for previous YASB instance to exit...
2026-07-29 13:44:02,534 [INFO] [MainThread] [root/service.py:48]: AudioOutputService starting...
2026-07-29 13:44:03,245 [INFO] [MainThread] [root/bar_manager.py:85]: Starting KomorebiEventListener...
2026-07-29 13:44:03,246 [INFO] [MainThread] [root/bar_manager.py:85]: Starting WindowsNotificationEventListener...
2026-07-29 13:44:03,246 [INFO] [Dummy-4] [root/event_listener.py:51]: Created named pipe yasb-75d9e9ff-8b25-11f1-96ff-b48c9d368940
2026-07-29 13:44:03,247 [INFO] [MainThread] [root/bar_manager.py:85]: Starting SystemEventListener...
2026-07-29 13:44:03,248 [INFO] [MainThread] [root/watcher.py:54]: Created file watcher for path C:\Users\Srinath\.config\yasb
2026-07-29 13:44:03,311 [INFO] [MainThread] [root/update_service.py:404]: Background update checker started
2026-07-29 13:44:03,311 [DEBUG] [MainThread] [qasync._windows._EventPoller/_windows.py:215]: Starting (proactor: <_IocpProactor overlapped#=0 result#=0>)...
2026-07-29 13:44:03,312 [DEBUG] [Dummy-9] [qasync._windows._EventWorker/_windows.py:195]: Thread started
2026-07-29 13:44:03,314 [DEBUG] [MainThread] [systray_widget/systray.py:526]: Loading state from C:\Users\Srinath\AppData\Local\YASB\systray_state_ACERTECHNOLOGIESVG271UM31322131231233.json
2026-07-29 13:44:03,331 [DEBUG] [SystrayMonitor] [systray_widget/systray.py:57]: Systray thread is starting...
2026-07-29 13:44:03,386 [DEBUG] [SystrayMonitor] [systray_widget/systray_monitor.py:242]: Finding real tray hwnd
2026-07-29 13:44:03,537 [DEBUG] [MainThread] [systray_widget/systray.py:277]: Systray thread started
2026-07-29 13:44:03,739 [DEBUG] [SystrayMonitor] [systray_widget/systray_monitor.py:164]: Adding TaskbandHWND prop to hwnd 132660
2026-07-29 13:44:03,744 [DEBUG] [MainThread] [systray_widget/systray_monitor.py:157]: Sending TaskbarCreated message: 49367
2026-07-29 13:44:11,806 [ERROR] [MainThread] [root/main.py:68]: Timeout waiting for previous instance. Aborting start.
2026-07-29 13:44:16,405 [INFO] [MainThread] [root/bar_manager.py:80]: Screens updated. Re-initialising all bars.
2026-07-29 13:44:16,406 [INFO] [MainThread] [root/controller.py:15]: Reloading Application because of screen update.
2026-07-29 13:44:16,513 [INFO] [MainThread] [cli_server/cli_server.py:112]: Log pipe server stopped
2026-07-29 13:44:16,513 [DEBUG] [MainThread] [cli_server/cli_server.py:206]: CLI server stopped
2026-07-29 13:44:16,751 [INFO] [MainThread] [root/bar_manager.py:80]: Screens updated. Re-initialising all bars.
2026-07-29 13:44:16,751 [INFO] [MainThread] [root/controller.py:15]: Reloading Application because of screen update.
2026-07-29 13:44:16,861 [INFO] [MainThread] [cli_server/cli_server.py:112]: Log pipe server stopped
2026-07-29 13:44:16,862 [DEBUG] [MainThread] [cli_server/cli_server.py:206]: CLI server stopped
2026-07-29 13:44:17,029 [INFO] [MainThread] [root/bar_manager.py:92]: Stopping KomorebiEventListener...
2026-07-29 13:44:17,030 [INFO] [MainThread] [root/bar_manager.py:92]: Stopping WindowsNotificationEventListener...
2026-07-29 13:44:17,030 [INFO] [MainThread] [root/bar_manager.py:92]: Stopping SystemEventListener...
2026-07-29 13:44:17,038 [DEBUG] [MainThread] [systray_widget/systray.py:504]: Saving state to disk
2026-07-29 13:44:17,038 [DEBUG] [MainThread] [systray_widget/systray.py:508]: Saving state to C:\Users\Srinath\AppData\Local\YASB\systray_state_ACERTECHNOLOGIESVG271UM31322131231233.json
2026-07-29 13:44:17,040 [DEBUG] [MainThread] [systray_widget/utils.py:96]: Destroying window 132660
2026-07-29 13:44:17,056 [DEBUG] [MainThread] [qasync._windows._EventPoller/_windows.py:220]: Stopping worker thread...
2026-07-29 13:44:17,061 [DEBUG] [Dummy-9] [qasync._windows._EventWorker/_windows.py:204]: Exiting thread
2026-07-29 13:44:17,064 [DEBUG] [MainThread] [qasync._windows._IocpProactor/_windows.py:78]: Closing
2026-07-29 13:44:17,115 [DEBUG] [MainThread] [systray_widget/utils.py:96]: Destroying window 132660
2026-07-29 13:44:17,321 [INFO] [MainThread] [root/log.py:69]: YASB v1.8.5
2026-07-29 13:44:17,322 [INFO] [Thread-1 (_run_server)] [cli_server/cli_server.py:212]: CLI server started v1.1.4
2026-07-29 13:44:17,323 [INFO] [MainThread] [cli_server/cli_server.py:104]: Log pipe server started
2026-07-29 13:44:17,621 [INFO] [MainThread] [root/log.py:69]: YASB v1.8.5
2026-07-29 13:44:17,622 [INFO] [Thread-1 (_run_server)] [cli_server/cli_server.py:212]: CLI server started v1.1.4
2026-07-29 13:44:17,622 [INFO] [MainThread] [cli_server/cli_server.py:104]: Log pipe server started
2026-07-29 13:44:17,623 [INFO] [MainThread] [root/main.py:45]: Waiting for previous YASB instance to exit...
2026-07-29 13:44:18,222 [INFO] [MainThread] [root/service.py:48]: AudioOutputService starting...
2026-07-29 13:44:18,765 [INFO] [MainThread] [root/bar_manager.py:85]: Starting WindowsNotificationEventListener...
2026-07-29 13:44:18,766 [INFO] [MainThread] [root/bar_manager.py:85]: Starting KomorebiEventListener...
2026-07-29 13:44:18,766 [INFO] [MainThread] [root/bar_manager.py:85]: Starting SystemEventListener...
2026-07-29 13:44:18,766 [INFO] [MainThread] [root/watcher.py:54]: Created file watcher for path C:\Users\Srinath\.config\yasb
2026-07-29 13:44:18,768 [INFO] [Dummy-6] [root/event_listener.py:51]: Created named pipe yasb-7f1a1822-8b25-11f1-9f3a-b48c9d368940
2026-07-29 13:44:18,820 [INFO] [MainThread] [root/update_service.py:404]: Background update checker started
2026-07-29 13:44:18,820 [DEBUG] [MainThread] [qasync._windows._EventPoller/_windows.py:215]: Starting (proactor: <_IocpProactor overlapped#=0 result#=0>)...
2026-07-29 13:44:18,821 [DEBUG] [Dummy-9] [qasync._windows._EventWorker/_windows.py:195]: Thread started
2026-07-29 13:44:18,823 [DEBUG] [MainThread] [systray_widget/systray.py:526]: Loading state from C:\Users\Srinath\AppData\Local\YASB\systray_state_MLTDDISPLAY1.json
2026-07-29 13:44:18,827 [DEBUG] [SystrayMonitor] [systray_widget/systray.py:57]: Systray thread is starting...
2026-07-29 13:44:18,967 [DEBUG] [MainThread] [systray_widget/systray.py:277]: Systray thread started
2026-07-29 13:44:19,169 [DEBUG] [SystrayMonitor] [systray_widget/systray_monitor.py:164]: Adding TaskbandHWND prop to hwnd 460248
2026-07-29 13:44:19,174 [DEBUG] [MainThread] [systray_widget/systray_monitor.py:157]: Sending TaskbarCreated message: 49367
2026-07-29 13:44:22,195 [DEBUG] [SystrayMonitor] [systray_widget/systray_monitor.py:242]: Finding real tray hwnd
2026-07-29 13:44:27,636 [ERROR] [MainThread] [root/main.py:68]: Timeout waiting for previous instance. Aborting start.
2026-07-29 13:48:46,032 [INFO] [MainThread] [root/controller.py:35]: Exiting Application...
2026-07-29 13:48:46,142 [INFO] [MainThread] [cli_server/cli_server.py:112]: Log pipe server stopped
2026-07-29 13:48:46,143 [DEBUG] [MainThread] [cli_server/cli_server.py:206]: CLI server stopped
2026-07-29 13:48:46,324 [INFO] [MainThread] [root/bar_manager.py:92]: Stopping WindowsNotificationEventListener...
2026-07-29 13:48:46,324 [INFO] [MainThread] [root/bar_manager.py:92]: Stopping KomorebiEventListener...
2026-07-29 13:48:46,325 [INFO] [MainThread] [root/bar_manager.py:92]: Stopping SystemEventListener...
2026-07-29 13:48:46,330 [DEBUG] [MainThread] [systray_widget/systray.py:504]: Saving state to disk
2026-07-29 13:48:46,330 [DEBUG] [MainThread] [systray_widget/systray.py:508]: Saving state to C:\Users\Srinath\AppData\Local\YASB\systray_state_MLTDDISPLAY1.json
2026-07-29 13:48:46,332 [DEBUG] [MainThread] [systray_widget/utils.py:96]: Destroying window 460248
2026-07-29 13:48:46,398 [DEBUG] [MainThread] [qasync._windows._EventPoller/_windows.py:220]: Stopping worker thread...
2026-07-29 13:48:46,407 [DEBUG] [Dummy-9] [qasync._windows._EventWorker/_windows.py:204]: Exiting thread
2026-07-29 13:48:46,420 [DEBUG] [MainThread] [qasync._windows._IocpProactor/_windows.py:78]: Closing
2026-07-29 13:48:46,496 [DEBUG] [MainThread] [systray_widget/utils.py:96]: Destroying window 460248
2026-07-29 13:50:31,128 [INFO] [MainThread] [root/log.py:69]: YASB v1.8.5
2026-07-29 13:50:31,130 [INFO] [Thread-1 (_run_server)] [cli_server/cli_server.py:212]: CLI server started v1.1.4
2026-07-29 13:50:31,131 [INFO] [MainThread] [cli_server/cli_server.py:104]: Log pipe server started
2026-07-29 13:50:33,589 [INFO] [MainThread] [root/service.py:48]: AudioOutputService starting...
2026-07-29 13:50:34,974 [INFO] [MainThread] [root/bar_manager.py:85]: Starting SystemEventListener...
2026-07-29 13:50:34,975 [INFO] [MainThread] [root/bar_manager.py:85]: Starting KomorebiEventListener...
2026-07-29 13:50:34,975 [INFO] [MainThread] [root/bar_manager.py:85]: Starting WindowsNotificationEventListener...
2026-07-29 13:50:34,976 [INFO] [Dummy-4] [root/event_listener.py:51]: Created named pipe yasb-5f570632-8b26-11f1-86bb-b48c9d368940
2026-07-29 13:50:34,977 [INFO] [MainThread] [root/watcher.py:54]: Created file watcher for path C:\Users\Srinath\.config\yasb
2026-07-29 13:50:35,122 [INFO] [MainThread] [root/update_service.py:404]: Background update checker started
2026-07-29 13:50:35,122 [DEBUG] [MainThread] [qasync._windows._EventPoller/_windows.py:215]: Starting (proactor: <_IocpProactor overlapped#=0 result#=0>)...
2026-07-29 13:50:35,124 [DEBUG] [Dummy-9] [qasync._windows._EventWorker/_windows.py:195]: Thread started
2026-07-29 13:50:35,127 [DEBUG] [MainThread] [systray_widget/systray.py:526]: Loading state from C:\Users\Srinath\AppData\Local\YASB\systray_state_MLTDACERTECHNOLOGIESVG271UM31322131231233.json
2026-07-29 13:50:35,127 [DEBUG] [MainThread] [systray_widget/systray.py:536]: State file not found.
2026-07-29 13:50:35,152 [DEBUG] [SystrayMonitor] [systray_widget/systray.py:57]: Systray thread is starting...
2026-07-29 13:50:35,456 [DEBUG] [SystrayMonitor] [systray_widget/systray_monitor.py:242]: Finding real tray hwnd
2026-07-29 13:50:35,547 [DEBUG] [MainThread] [systray_widget/systray.py:277]: Systray thread started
2026-07-29 13:50:35,748 [DEBUG] [SystrayMonitor] [systray_widget/systray_monitor.py:164]: Adding TaskbandHWND prop to hwnd 67004
2026-07-29 13:50:35,754 [DEBUG] [MainThread] [systray_widget/systray_monitor.py:157]: Sending TaskbarCreated message: 49360
2026-07-29 14:03:26,604 [ERROR] [MainThread] [root/gpu.py:170]: Error updating shared GPU data: Command '['C:\\WINDOWS\\system32\\nvidia-smi.EXE', '--query-gpu=index,utilization.gpu,memory.total,memory.used,memory.free,temperature.gpu,fan.speed', '--format=csv,noheader,nounits']' timed out after 2 seconds
2026-07-29 14:05:46,019 [INFO] [MainThread] [root/bar_manager.py:80]: Screens updated. Re-initialising all bars.
2026-07-29 14:05:46,019 [INFO] [MainThread] [root/controller.py:15]: Reloading Application because of screen update.
2026-07-29 14:05:46,123 [INFO] [MainThread] [cli_server/cli_server.py:112]: Log pipe server stopped
2026-07-29 14:05:46,123 [DEBUG] [MainThread] [cli_server/cli_server.py:206]: CLI server stopped
2026-07-29 14:05:46,147 [INFO] [MainThread] [root/bar_manager.py:80]: Screens updated. Re-initialising all bars.
2026-07-29 14:05:46,147 [INFO] [MainThread] [root/controller.py:15]: Reloading Application because of screen update.
2026-07-29 14:05:46,249 [INFO] [MainThread] [cli_server/cli_server.py:112]: Log pipe server stopped
2026-07-29 14:05:46,249 [DEBUG] [MainThread] [cli_server/cli_server.py:206]: CLI server stopped
2026-07-29 14:05:52,772 [INFO] [MainThread] [root/bar_manager.py:92]: Stopping SystemEventListener...
2026-07-29 14:05:52,773 [INFO] [MainThread] [root/bar_manager.py:92]: Stopping KomorebiEventListener...
2026-07-29 14:05:52,773 [INFO] [MainThread] [root/bar_manager.py:92]: Stopping WindowsNotificationEventListener...
2026-07-29 14:05:52,777 [DEBUG] [MainThread] [systray_widget/systray.py:504]: Saving state to disk
2026-07-29 14:05:52,778 [DEBUG] [MainThread] [systray_widget/systray.py:508]: Saving state to C:\Users\Srinath\AppData\Local\YASB\systray_state_ACERTECHNOLOGIESVG271UM32526057A84212.json
2026-07-29 14:05:52,794 [DEBUG] [MainThread] [systray_widget/utils.py:96]: Destroying window 67004
2026-07-29 14:05:52,797 [DEBUG] [MainThread] [qasync._windows._EventPoller/_windows.py:220]: Stopping worker thread...
2026-07-29 14:05:52,808 [DEBUG] [Dummy-9] [qasync._windows._EventWorker/_windows.py:204]: Exiting thread
2026-07-29 14:05:52,809 [DEBUG] [MainThread] [qasync._windows._IocpProactor/_windows.py:78]: Closing
2026-07-29 14:05:52,816 [DEBUG] [MainThread] [systray_widget/utils.py:96]: Destroying window 67004
2026-07-29 14:05:53,951 [INFO] [MainThread] [root/log.py:69]: YASB v1.8.5
2026-07-29 14:05:53,952 [INFO] [MainThread] [root/log.py:69]: YASB v1.8.5
2026-07-29 14:05:53,952 [INFO] [Thread-1 (_run_server)] [cli_server/cli_server.py:212]: CLI server started v1.1.4
2026-07-29 14:05:53,952 [INFO] [MainThread] [cli_server/cli_server.py:104]: Log pipe server started
2026-07-29 14:05:53,953 [INFO] [Thread-1 (_run_server)] [cli_server/cli_server.py:212]: CLI server started v1.1.4
2026-07-29 14:05:53,953 [INFO] [MainThread] [cli_server/cli_server.py:104]: Log pipe server started
2026-07-29 14:05:53,953 [INFO] [MainThread] [root/main.py:45]: Waiting for previous YASB instance to exit...
2026-07-29 14:05:55,269 [INFO] [MainThread] [root/service.py:48]: AudioOutputService starting...
2026-07-29 14:05:56,737 [INFO] [MainThread] [root/bar_manager.py:85]: Starting SystemEventListener...
2026-07-29 14:05:56,738 [INFO] [MainThread] [root/bar_manager.py:85]: Starting WindowsNotificationEventListener...
2026-07-29 14:05:56,739 [INFO] [MainThread] [root/bar_manager.py:85]: Starting KomorebiEventListener...
2026-07-29 14:05:56,740 [INFO] [MainThread] [root/watcher.py:54]: Created file watcher for path C:\Users\Srinath\.config\yasb
2026-07-29 14:05:56,746 [INFO] [Dummy-6] [root/event_listener.py:51]: Created named pipe yasb-84c12c2e-8b28-11f1-958d-b48c9d368940
2026-07-29 14:05:56,870 [INFO] [MainThread] [root/update_service.py:404]: Background update checker started
2026-07-29 14:05:56,870 [DEBUG] [MainThread] [qasync._windows._EventPoller/_windows.py:215]: Starting (proactor: <_IocpProactor overlapped#=0 result#=0>)...
2026-07-29 14:05:56,872 [DEBUG] [Dummy-9] [qasync._windows._EventWorker/_windows.py:195]: Thread started
2026-07-29 14:05:56,874 [DEBUG] [MainThread] [systray_widget/systray.py:526]: Loading state from C:\Users\Srinath\AppData\Local\YASB\systray_state_ACERTECHNOLOGIESVG271UM32526057A84212.json
2026-07-29 14:05:56,897 [DEBUG] [SystrayMonitor] [systray_widget/systray.py:57]: Systray thread is starting...
2026-07-29 14:06:03,969 [ERROR] [MainThread] [root/main.py:68]: Timeout waiting for previous instance. Aborting start.
2026-07-29 14:06:10,599 [DEBUG] [MainThread] [systray_widget/systray.py:277]: Systray thread started
2026-07-29 14:06:10,800 [DEBUG] [SystrayMonitor] [systray_widget/systray_monitor.py:164]: Adding TaskbandHWND prop to hwnd 394028
2026-07-29 14:06:10,806 [DEBUG] [MainThread] [systray_widget/systray_monitor.py:157]: Sending TaskbarCreated message: 49360
2026-07-29 14:06:43,449 [DEBUG] [SystrayMonitor] [systray_widget/systray_monitor.py:242]: Finding real tray hwnd
2026-07-29 14:14:38,059 [INFO] [MainThread] [root/bar_manager.py:80]: Screens updated. Re-initialising all bars.
2026-07-29 14:14:38,059 [INFO] [MainThread] [root/controller.py:15]: Reloading Application because of screen update.
2026-07-29 14:14:38,165 [INFO] [MainThread] [cli_server/cli_server.py:112]: Log pipe server stopped
2026-07-29 14:14:38,165 [DEBUG] [MainThread] [cli_server/cli_server.py:206]: CLI server stopped
2026-07-29 14:14:38,332 [INFO] [MainThread] [root/bar_manager.py:80]: Screens updated. Re-initialising all bars.
2026-07-29 14:14:38,332 [INFO] [MainThread] [root/controller.py:15]: Reloading Application because of screen update.
2026-07-29 14:14:38,447 [INFO] [MainThread] [cli_server/cli_server.py:112]: Log pipe server stopped
2026-07-29 14:14:38,447 [DEBUG] [MainThread] [cli_server/cli_server.py:206]: CLI server stopped
2026-07-29 14:14:39,516 [INFO] [MainThread] [root/bar_manager.py:92]: Stopping SystemEventListener...
2026-07-29 14:14:39,517 [INFO] [MainThread] [root/bar_manager.py:92]: Stopping WindowsNotificationEventListener...
2026-07-29 14:14:39,518 [INFO] [MainThread] [root/bar_manager.py:92]: Stopping KomorebiEventListener...
2026-07-29 14:14:39,562 [DEBUG] [MainThread] [systray_widget/systray.py:504]: Saving state to disk
2026-07-29 14:14:39,563 [DEBUG] [MainThread] [systray_widget/systray.py:508]: Saving state to C:\Users\Srinath\AppData\Local\YASB\systray_state_ACERTECHNOLOGIESVG271UM32526057A84212.json
2026-07-29 14:14:39,575 [DEBUG] [MainThread] [systray_widget/utils.py:96]: Destroying window 394028
2026-07-29 14:14:39,639 [DEBUG] [MainThread] [qasync._windows._EventPoller/_windows.py:220]: Stopping worker thread...
2026-07-29 14:14:39,650 [DEBUG] [Dummy-9] [qasync._windows._EventWorker/_windows.py:204]: Exiting thread
2026-07-29 14:14:39,671 [DEBUG] [MainThread] [qasync._windows._IocpProactor/_windows.py:78]: Closing
2026-07-29 14:14:39,850 [DEBUG] [MainThread] [systray_widget/utils.py:96]: Destroying window 394028
2026-07-29 14:14:40,287 [INFO] [MainThread] [root/log.py:69]: YASB v1.8.5
2026-07-29 14:14:40,302 [INFO] [Thread-1 (_run_server)] [cli_server/cli_server.py:212]: CLI server started v1.1.4
2026-07-29 14:14:40,308 [INFO] [MainThread] [cli_server/cli_server.py:104]: Log pipe server started
2026-07-29 14:14:40,322 [INFO] [MainThread] [root/log.py:69]: YASB v1.8.5
2026-07-29 14:14:40,324 [INFO] [Thread-1 (_run_server)] [cli_server/cli_server.py:212]: CLI server started v1.1.4
2026-07-29 14:14:40,327 [INFO] [MainThread] [cli_server/cli_server.py:104]: Log pipe server started
2026-07-29 14:14:40,328 [INFO] [MainThread] [root/main.py:45]: Waiting for previous YASB instance to exit...
2026-07-29 14:14:42,847 [INFO] [MainThread] [root/service.py:48]: AudioOutputService starting...
2026-07-29 14:14:44,055 [INFO] [MainThread] [root/bar_manager.py:85]: Starting KomorebiEventListener...
2026-07-29 14:14:44,055 [INFO] [MainThread] [root/bar_manager.py:85]: Starting SystemEventListener...
2026-07-29 14:14:44,056 [INFO] [MainThread] [root/bar_manager.py:85]: Starting WindowsNotificationEventListener...
2026-07-29 14:14:44,057 [INFO] [Dummy-4] [root/event_listener.py:51]: Created named pipe yasb-bf0f243a-8b29-11f1-ad18-b48c9d368940
2026-07-29 14:14:44,060 [INFO] [MainThread] [root/watcher.py:54]: Created file watcher for path C:\Users\Srinath\.config\yasb
2026-07-29 14:14:44,175 [INFO] [MainThread] [root/update_service.py:404]: Background update checker started
2026-07-29 14:14:44,175 [DEBUG] [MainThread] [qasync._windows._EventPoller/_windows.py:215]: Starting (proactor: <_IocpProactor overlapped#=0 result#=0>)...
2026-07-29 14:14:44,178 [DEBUG] [Dummy-9] [qasync._windows._EventWorker/_windows.py:195]: Thread started
2026-07-29 14:14:44,184 [DEBUG] [MainThread] [systray_widget/systray.py:526]: Loading state from C:\Users\Srinath\AppData\Local\YASB\systray_state_ACERTECHNOLOGIESVG271UM32526057A84212.json
2026-07-29 14:14:44,187 [DEBUG] [SystrayMonitor] [systray_widget/systray.py:57]: Systray thread is starting...
2026-07-29 14:14:44,800 [DEBUG] [MainThread] [systray_widget/systray.py:277]: Systray thread started
2026-07-29 14:14:45,002 [DEBUG] [SystrayMonitor] [systray_widget/systray_monitor.py:164]: Adding TaskbandHWND prop to hwnd 132820
2026-07-29 14:14:45,014 [DEBUG] [SystrayMonitor] [systray_widget/systray_monitor.py:242]: Finding real tray hwnd
2026-07-29 14:14:45,023 [DEBUG] [MainThread] [systray_widget/systray_monitor.py:157]: Sending TaskbarCreated message: 49360
2026-07-29 14:14:46,213 [INFO] [MainThread] [root/bar_manager.py:92]: Stopping KomorebiEventListener...
2026-07-29 14:14:46,214 [INFO] [MainThread] [root/bar_manager.py:92]: Stopping SystemEventListener...
2026-07-29 14:14:46,215 [INFO] [MainThread] [root/bar_manager.py:92]: Stopping WindowsNotificationEventListener...
2026-07-29 14:14:46,217 [DEBUG] [MainThread] [systray_widget/systray.py:504]: Saving state to disk
2026-07-29 14:14:46,218 [DEBUG] [MainThread] [systray_widget/systray.py:508]: Saving state to C:\Users\Srinath\AppData\Local\YASB\systray_state_ACERTECHNOLOGIESVG271UM32526057A84212.json
2026-07-29 14:14:46,223 [DEBUG] [MainThread] [systray_widget/utils.py:96]: Destroying window 132820
2026-07-29 15:18:12,221 [INFO] [MainThread] [root/log.py:69]: YASB v1.8.5
2026-07-29 15:18:12,227 [INFO] [Thread-1 (_run_server)] [cli_server/cli_server.py:212]: CLI server started v1.1.4
2026-07-29 15:18:12,228 [INFO] [MainThread] [cli_server/cli_server.py:104]: Log pipe server started
2026-07-29 15:18:15,601 [INFO] [MainThread] [root/service.py:48]: AudioOutputService starting...
2026-07-29 15:18:17,356 [INFO] [MainThread] [root/bar_manager.py:85]: Starting WindowsNotificationEventListener...
2026-07-29 15:18:17,358 [INFO] [MainThread] [root/bar_manager.py:85]: Starting SystemEventListener...
2026-07-29 15:18:17,358 [INFO] [MainThread] [root/bar_manager.py:85]: Starting KomorebiEventListener...
2026-07-29 15:18:17,359 [INFO] [MainThread] [root/watcher.py:54]: Created file watcher for path C:\Users\Srinath\.config\yasb
2026-07-29 15:18:17,362 [INFO] [Dummy-6] [root/event_listener.py:51]: Created named pipe yasb-9ff7109c-8b32-11f1-852d-b48c9d368940
2026-07-29 15:18:17,560 [INFO] [MainThread] [root/update_service.py:404]: Background update checker started
2026-07-29 15:18:17,560 [DEBUG] [MainThread] [qasync._windows._EventPoller/_windows.py:215]: Starting (proactor: <_IocpProactor overlapped#=0 result#=0>)...
2026-07-29 15:18:17,608 [DEBUG] [Dummy-9] [qasync._windows._EventWorker/_windows.py:195]: Thread started
2026-07-29 15:18:17,624 [DEBUG] [MainThread] [systray_widget/systray.py:526]: Loading state from C:\Users\Srinath\AppData\Local\YASB\systray_state_ACERTECHNOLOGIESVG271UM32526057A84212.json
2026-07-29 15:18:17,649 [DEBUG] [SystrayMonitor] [systray_widget/systray.py:57]: Systray thread is starting...
2026-07-29 15:18:18,239 [DEBUG] [MainThread] [systray_widget/systray.py:277]: Systray thread started
2026-07-29 15:18:18,441 [DEBUG] [SystrayMonitor] [systray_widget/systray_monitor.py:164]: Adding TaskbandHWND prop to hwnd 66978
2026-07-29 15:18:18,443 [DEBUG] [SystrayMonitor] [systray_widget/systray_monitor.py:242]: Finding real tray hwnd
2026-07-29 15:18:18,456 [DEBUG] [MainThread] [systray_widget/systray_monitor.py:157]: Sending TaskbarCreated message: 49366
2026-07-29 15:43:16,414 [INFO] [MainThread] [root/bar.py:154]: Screen geometry changed. Updating position for bar status-bar on screen VG271U M3
2026-07-29 15:43:16,423 [INFO] [MainThread] [root/bar.py:154]: Screen geometry changed. Updating position for bar status-bar on screen VG271U M3
2026-07-29 16:20:26,194 [ERROR] [MainThread] [root/gpu.py:170]: Error updating shared GPU data: Command '['C:\\WINDOWS\\system32\\nvidia-smi.EXE', '--query-gpu=index,utilization.gpu,memory.total,memory.used,memory.free,temperature.gpu,fan.speed', '--format=csv,noheader,nounits']' timed out after 2 seconds
2026-07-29 22:50:51,048 [ERROR] [SystrayMonitor] [root/app_icons.py:282]: GetIconInfo failed: 0
2026-07-30 01:02:13,195 [INFO] [MainThread] [root/controller.py:35]: Exiting Application...
2026-07-30 01:02:13,310 [INFO] [MainThread] [cli_server/cli_server.py:112]: Log pipe server stopped
2026-07-30 01:02:13,311 [DEBUG] [MainThread] [cli_server/cli_server.py:206]: CLI server stopped
2026-07-30 01:02:13,644 [INFO] [MainThread] [root/bar_manager.py:92]: Stopping WindowsNotificationEventListener...
2026-07-30 01:02:13,645 [INFO] [MainThread] [root/bar_manager.py:92]: Stopping SystemEventListener...
2026-07-30 01:02:13,647 [INFO] [MainThread] [root/bar_manager.py:92]: Stopping KomorebiEventListener...
2026-07-30 01:02:13,657 [DEBUG] [MainThread] [systray_widget/systray.py:504]: Saving state to disk
2026-07-30 01:02:13,658 [DEBUG] [MainThread] [systray_widget/systray.py:508]: Saving state to C:\Users\Srinath\AppData\Local\YASB\systray_state_ACERTECHNOLOGIESVG271UM32526057A84212.json
2026-07-30 01:02:13,680 [DEBUG] [MainThread] [systray_widget/utils.py:96]: Destroying window 66978
2026-07-30 01:02:13,716 [DEBUG] [MainThread] [qasync._windows._EventPoller/_windows.py:220]: Stopping worker thread...
2026-07-30 01:02:13,728 [DEBUG] [Dummy-9] [qasync._windows._EventWorker/_windows.py:204]: Exiting thread
2026-07-30 01:02:13,730 [DEBUG] [MainThread] [qasync._windows._IocpProactor/_windows.py:78]: Closing
2026-07-30 01:02:13,771 [DEBUG] [MainThread] [systray_widget/utils.py:96]: Destroying window 66978
2026-07-30 12:36:30,188 [INFO] [MainThread] [root/log.py:69]: YASB v1.8.5
2026-07-30 12:36:30,190 [INFO] [Thread-1 (_run_server)] [cli_server/cli_server.py:212]: CLI server started v1.1.4
2026-07-30 12:36:30,190 [INFO] [MainThread] [cli_server/cli_server.py:104]: Log pipe server started
2026-07-30 12:36:31,795 [INFO] [MainThread] [root/service.py:48]: AudioOutputService starting...
2026-07-30 12:36:32,953 [INFO] [MainThread] [root/bar_manager.py:85]: Starting WindowsNotificationEventListener...
2026-07-30 12:36:32,954 [INFO] [MainThread] [root/bar_manager.py:85]: Starting SystemEventListener...
2026-07-30 12:36:32,954 [INFO] [MainThread] [root/bar_manager.py:85]: Starting KomorebiEventListener...
2026-07-30 12:36:32,955 [INFO] [MainThread] [root/watcher.py:54]: Created file watcher for path C:\Users\Srinath\.config\yasb
2026-07-30 12:36:32,956 [INFO] [Dummy-6] [root/event_listener.py:51]: Created named pipe yasb-321a3edc-8be5-11f1-97ef-b68c9d368921
2026-07-30 12:36:33,090 [INFO] [MainThread] [root/update_service.py:404]: Background update checker started
2026-07-30 12:36:33,090 [DEBUG] [MainThread] [qasync._windows._EventPoller/_windows.py:215]: Starting (proactor: <_IocpProactor overlapped#=0 result#=0>)...
2026-07-30 12:36:33,092 [DEBUG] [Dummy-9] [qasync._windows._EventWorker/_windows.py:195]: Thread started
2026-07-30 12:36:33,096 [DEBUG] [MainThread] [systray_widget/systray.py:526]: Loading state from C:\Users\Srinath\AppData\Local\YASB\systray_state_ACERTECHNOLOGIESVG271UM32526057A84212.json
2026-07-30 12:36:33,125 [DEBUG] [SystrayMonitor] [systray_widget/systray.py:57]: Systray thread is starting...
2026-07-30 12:36:33,358 [DEBUG] [MainThread] [systray_widget/systray.py:277]: Systray thread started
2026-07-30 12:36:33,560 [DEBUG] [SystrayMonitor] [systray_widget/systray_monitor.py:164]: Adding TaskbandHWND prop to hwnd 132588
2026-07-30 12:36:33,561 [DEBUG] [SystrayMonitor] [systray_widget/systray_monitor.py:242]: Finding real tray hwnd
2026-07-30 12:36:33,571 [DEBUG] [MainThread] [systray_widget/systray_monitor.py:157]: Sending TaskbarCreated message: 49366
2026-07-30 12:37:10,925 [ERROR] [SystrayMonitor] [root/app_icons.py:282]: GetIconInfo failed: 0
2026-07-30 12:44:09,948 [INFO] [MainThread] [root/bar.py:154]: Screen geometry changed. Updating position for bar status-bar on screen VG271U M3
2026-07-30 12:44:09,949 [INFO] [MainThread] [root/bar.py:154]: Screen geometry changed. Updating position for bar status-bar on screen VG271U M3
2026-07-30 12:46:21,214 [INFO] [MainThread] [root/bar.py:154]: Screen geometry changed. Updating position for bar status-bar on screen VG271U M3
2026-07-30 12:46:21,221 [INFO] [MainThread] [root/bar.py:154]: Screen geometry changed. Updating position for bar status-bar on screen VG271U M3
2026-07-30 14:11:05,762 [ERROR] [MainThread] [root/gpu.py:170]: Error updating shared GPU data: Command '['C:\\WINDOWS\\system32\\nvidia-smi.EXE', '--query-gpu=index,utilization.gpu,memory.total,memory.used,memory.free,temperature.gpu,fan.speed', '--format=csv,noheader,nounits']' timed out after 2 seconds
2026-07-30 14:17:27,734 [INFO] [Dummy-6] [root/event_listener.py:125]: Komorebi connected to named pipe: yasb-321a3edc-8be5-11f1-97ef-b68c9d368921
2026-07-30 14:31:36,376 [ERROR] [MainThread] [wifi_widget/wifi.py:193]: Error in wifi widget update: [Errno 11004] getaddrinfo failed
2026-07-30 14:43:57,865 [ERROR] [MainThread] [root/gpu.py:170]: Error updating shared GPU data: Command '['C:\\WINDOWS\\system32\\nvidia-smi.EXE', '--query-gpu=index,utilization.gpu,memory.total,memory.used,memory.free,temperature.gpu,fan.speed', '--format=csv,noheader,nounits']' timed out after 2 seconds
2026-07-30 14:44:02,035 [ERROR] [MainThread] [root/gpu.py:170]: Error updating shared GPU data: Command '['C:\\WINDOWS\\system32\\nvidia-smi.EXE', '--query-gpu=index,utilization.gpu,memory.total,memory.used,memory.free,temperature.gpu,fan.speed', '--format=csv,noheader,nounits']' timed out after 2 seconds
2026-07-30 14:44:04,988 [ERROR] [MainThread] [root/gpu.py:170]: Error updating shared GPU data: Command '['C:\\WINDOWS\\system32\\nvidia-smi.EXE', '--query-gpu=index,utilization.gpu,memory.total,memory.used,memory.free,temperature.gpu,fan.speed', '--format=csv,noheader,nounits']' timed out after 2 seconds
2026-07-31 23:31:01,287 [ERROR] [MainThread] [root/gpu.py:170]: Error updating shared GPU data: Command '['C:\\WINDOWS\\system32\\nvidia-smi.EXE', '--query-gpu=index,utilization.gpu,memory.total,memory.used,memory.free,temperature.gpu,fan.speed', '--format=csv,noheader,nounits']' timed out after 2 seconds
2026-08-01 09:37:06,688 [WARNING] [Dummy-6] [root/event_listener.py:82]: Pipe has been ended: (109, 'PeekNamedPipe', 'The pipe has been ended.')
2026-08-01 09:37:06,688 [INFO] [Dummy-6] [root/event_listener.py:92]: Attempting to reconnect to Komorebi...
2026-08-01 09:37:09,693 [INFO] [Dummy-6] [root/event_listener.py:51]: Created named pipe yasb-321a3edc-8be5-11f1-97ef-b68c9d368921
2026-08-01 09:37:54,653 [INFO] [MainThread] [root/controller.py:35]: Exiting Application from context menu...
2026-08-01 09:37:54,766 [INFO] [MainThread] [cli_server/cli_server.py:112]: Log pipe server stopped
2026-08-01 09:37:54,766 [DEBUG] [MainThread] [cli_server/cli_server.py:206]: CLI server stopped
2026-08-01 09:37:55,432 [INFO] [MainThread] [root/bar_manager.py:92]: Stopping WindowsNotificationEventListener...
2026-08-01 09:37:55,433 [INFO] [MainThread] [root/bar_manager.py:92]: Stopping SystemEventListener...
2026-08-01 09:37:55,435 [INFO] [MainThread] [root/bar_manager.py:92]: Stopping KomorebiEventListener...
2026-08-01 09:37:55,461 [DEBUG] [MainThread] [systray_widget/systray.py:504]: Saving state to disk
2026-08-01 09:37:55,463 [DEBUG] [MainThread] [systray_widget/systray.py:508]: Saving state to C:\Users\Srinath\AppData\Local\YASB\systray_state_ACERTECHNOLOGIESVG271UM32526057A84212.json
2026-08-01 09:37:55,497 [DEBUG] [MainThread] [systray_widget/utils.py:96]: Destroying window 132588
2026-08-01 09:37:55,544 [DEBUG] [MainThread] [qasync._windows._EventPoller/_windows.py:220]: Stopping worker thread...
2026-08-01 09:37:55,550 [DEBUG] [Dummy-9] [qasync._windows._EventWorker/_windows.py:204]: Exiting thread
2026-08-01 09:37:55,560 [DEBUG] [MainThread] [qasync._windows._IocpProactor/_windows.py:78]: Closing
2026-08-01 09:37:55,686 [DEBUG] [MainThread] [systray_widget/utils.py:96]: Destroying window 132588
2026-08-01 10:01:28,649 [INFO] [MainThread] [root/log.py:69]: YASB v1.8.5
2026-08-01 10:01:28,650 [INFO] [Thread-1 (_run_server)] [cli_server/cli_server.py:212]: CLI server started v1.1.4
2026-08-01 10:01:28,651 [INFO] [MainThread] [cli_server/cli_server.py:104]: Log pipe server started
2026-08-01 10:01:29,857 [INFO] [MainThread] [root/service.py:48]: AudioOutputService starting...
2026-08-01 10:01:30,552 [INFO] [MainThread] [root/bar_manager.py:85]: Starting SystemEventListener...
2026-08-01 10:01:30,552 [INFO] [MainThread] [root/bar_manager.py:85]: Starting WindowsNotificationEventListener...
2026-08-01 10:01:30,553 [INFO] [MainThread] [root/bar_manager.py:85]: Starting KomorebiEventListener...
2026-08-01 10:01:30,554 [INFO] [MainThread] [root/watcher.py:54]: Created file watcher for path C:\Users\Srinath\.config\yasb
2026-08-01 10:01:30,564 [INFO] [Dummy-6] [root/event_listener.py:51]: Created named pipe yasb-de440998-8d61-11f1-a54d-b68c9d368921
2026-08-01 10:01:30,713 [INFO] [MainThread] [root/update_service.py:404]: Background update checker started
2026-08-01 10:01:30,713 [DEBUG] [MainThread] [qasync._windows._EventPoller/_windows.py:215]: Starting (proactor: <_IocpProactor overlapped#=0 result#=0>)...
2026-08-01 10:01:30,716 [DEBUG] [Dummy-9] [qasync._windows._EventWorker/_windows.py:195]: Thread started
2026-08-01 10:01:30,722 [DEBUG] [MainThread] [systray_widget/systray.py:526]: Loading state from C:\Users\Srinath\AppData\Local\YASB\systray_state_ACERTECHNOLOGIESVG271UM32526057A84212.json
2026-08-01 10:01:30,726 [DEBUG] [SystrayMonitor] [systray_widget/systray.py:57]: Systray thread is starting...
2026-08-01 10:01:31,005 [DEBUG] [MainThread] [systray_widget/systray.py:277]: Systray thread started
2026-08-01 10:01:31,206 [DEBUG] [SystrayMonitor] [systray_widget/systray_monitor.py:164]: Adding TaskbandHWND prop to hwnd 1246684
2026-08-01 10:01:31,208 [DEBUG] [SystrayMonitor] [systray_widget/systray_monitor.py:242]: Finding real tray hwnd
2026-08-01 10:01:31,217 [DEBUG] [MainThread] [systray_widget/systray_monitor.py:157]: Sending TaskbarCreated message: 49366
2026-08-01 11:16:29,025 [INFO] [MainThread] [root/controller.py:35]: Exiting Application...
2026-08-01 11:16:29,134 [INFO] [MainThread] [cli_server/cli_server.py:112]: Log pipe server stopped
2026-08-01 11:16:29,134 [DEBUG] [MainThread] [cli_server/cli_server.py:206]: CLI server stopped
2026-08-01 11:16:29,423 [INFO] [MainThread] [root/bar_manager.py:92]: Stopping SystemEventListener...
2026-08-01 11:16:29,423 [INFO] [MainThread] [root/bar_manager.py:92]: Stopping WindowsNotificationEventListener...
2026-08-01 11:16:29,424 [INFO] [MainThread] [root/bar_manager.py:92]: Stopping KomorebiEventListener...
2026-08-01 11:16:29,431 [DEBUG] [MainThread] [systray_widget/systray.py:504]: Saving state to disk
2026-08-01 11:16:29,432 [DEBUG] [MainThread] [systray_widget/systray.py:508]: Saving state to C:\Users\Srinath\AppData\Local\YASB\systray_state_ACERTECHNOLOGIESVG271UM32526057A84212.json
2026-08-01 11:16:29,433 [DEBUG] [MainThread] [systray_widget/utils.py:96]: Destroying window 1246684
2026-08-01 11:16:29,457 [DEBUG] [MainThread] [qasync._windows._EventPoller/_windows.py:220]: Stopping worker thread...
2026-08-01 11:16:29,459 [DEBUG] [Dummy-9] [qasync._windows._EventWorker/_windows.py:204]: Exiting thread
2026-08-01 11:16:29,464 [DEBUG] [MainThread] [qasync._windows._IocpProactor/_windows.py:78]: Closing
2026-08-01 11:16:29,517 [DEBUG] [MainThread] [systray_widget/utils.py:96]: Destroying window 1246684
2026-08-01 11:48:43,845 [INFO] [MainThread] [root/log.py:69]: YASB v1.8.5
2026-08-01 11:48:43,847 [INFO] [Thread-1 (_run_server)] [cli_server/cli_server.py:212]: CLI server started v1.1.4
2026-08-01 11:48:43,847 [INFO] [MainThread] [cli_server/cli_server.py:104]: Log pipe server started
2026-08-01 11:48:45,669 [INFO] [MainThread] [root/service.py:48]: AudioOutputService starting...
2026-08-01 11:48:46,919 [INFO] [MainThread] [root/bar_manager.py:85]: Starting KomorebiEventListener...
2026-08-01 11:48:46,919 [INFO] [MainThread] [root/bar_manager.py:85]: Starting SystemEventListener...
2026-08-01 11:48:46,920 [INFO] [MainThread] [root/bar_manager.py:85]: Starting WindowsNotificationEventListener...
2026-08-01 11:48:46,921 [INFO] [Dummy-4] [root/event_listener.py:51]: Created named pipe yasb-daa379ad-8d70-11f1-9648-b48c9d368940
2026-08-01 11:48:46,923 [INFO] [MainThread] [root/watcher.py:54]: Created file watcher for path C:\Users\Srinath\.config\yasb
2026-08-01 11:48:47,065 [INFO] [MainThread] [root/update_service.py:404]: Background update checker started
2026-08-01 11:48:47,066 [DEBUG] [MainThread] [qasync._windows._EventPoller/_windows.py:215]: Starting (proactor: <_IocpProactor overlapped#=0 result#=0>)...
2026-08-01 11:48:47,067 [DEBUG] [Dummy-9] [qasync._windows._EventWorker/_windows.py:195]: Thread started
2026-08-01 11:48:47,070 [DEBUG] [MainThread] [systray_widget/systray.py:526]: Loading state from C:\Users\Srinath\AppData\Local\YASB\systray_state_ACERTECHNOLOGIESVG271UM32526057A84212.json
2026-08-01 11:48:47,106 [DEBUG] [SystrayMonitor] [systray_widget/systray.py:57]: Systray thread is starting...
2026-08-01 11:48:47,364 [DEBUG] [MainThread] [systray_widget/systray.py:277]: Systray thread started
2026-08-01 11:48:47,567 [DEBUG] [SystrayMonitor] [systray_widget/systray_monitor.py:164]: Adding TaskbandHWND prop to hwnd 67008
2026-08-01 11:48:47,573 [DEBUG] [SystrayMonitor] [systray_widget/systray_monitor.py:242]: Finding real tray hwnd
2026-08-01 11:48:47,576 [DEBUG] [MainThread] [systray_widget/systray_monitor.py:157]: Sending TaskbarCreated message: 49366
2026-08-01 11:48:47,634 [ERROR] [UpdateChecker] [root/update_service.py:271]: GitHub API HTTP error: 403 rate limit exceeded
2026-08-01 11:48:47,634 [WARNING] [UpdateChecker] [root/update_service.py:400]: Background update check failed: HTTP Error 403: rate limit exceeded
2026-08-01 11:49:43,825 [INFO] [Dummy-4] [root/event_listener.py:125]: Komorebi connected to named pipe: yasb-daa379ad-8d70-11f1-9648-b48c9d368940
2026-08-01 13:26:27,575 [INFO] [MainThread] [root/controller.py:35]: Exiting Application...
2026-08-01 13:26:27,686 [INFO] [MainThread] [cli_server/cli_server.py:112]: Log pipe server stopped
2026-08-01 13:26:27,687 [DEBUG] [MainThread] [cli_server/cli_server.py:206]: CLI server stopped
2026-08-01 13:26:27,922 [INFO] [MainThread] [root/bar_manager.py:92]: Stopping KomorebiEventListener...
2026-08-01 13:26:27,922 [INFO] [MainThread] [root/bar_manager.py:92]: Stopping SystemEventListener...
2026-08-01 13:26:27,923 [INFO] [MainThread] [root/bar_manager.py:92]: Stopping WindowsNotificationEventListener...
2026-08-01 13:26:27,928 [INFO] [Dummy-4] [root/event_listener.py:92]: Attempting to reconnect to Komorebi...
2026-08-01 13:26:27,929 [DEBUG] [MainThread] [systray_widget/systray.py:504]: Saving state to disk
2026-08-01 13:26:27,930 [DEBUG] [MainThread] [systray_widget/systray.py:508]: Saving state to C:\Users\Srinath\AppData\Local\YASB\systray_state_ACERTECHNOLOGIESVG271UM32526057A84212.json
2026-08-01 13:26:27,948 [DEBUG] [MainThread] [systray_widget/utils.py:96]: Destroying window 67008
2026-08-01 13:26:28,012 [DEBUG] [MainThread] [qasync._windows._EventPoller/_windows.py:220]: Stopping worker thread...
2026-08-01 13:26:28,015 [DEBUG] [Dummy-9] [qasync._windows._EventWorker/_windows.py:204]: Exiting thread
2026-08-01 13:26:28,029 [DEBUG] [MainThread] [qasync._windows._IocpProactor/_windows.py:78]: Closing
2026-08-01 13:26:28,117 [DEBUG] [MainThread] [systray_widget/utils.py:96]: Destroying window 67008
2026-08-01 14:05:06,270 [INFO] [MainThread] [root/log.py:69]: YASB v1.8.5
2026-08-01 14:05:06,275 [INFO] [Thread-1 (_run_server)] [cli_server/cli_server.py:212]: CLI server started v1.1.4
2026-08-01 14:05:06,277 [INFO] [MainThread] [cli_server/cli_server.py:104]: Log pipe server started
2026-08-01 14:05:11,534 [INFO] [MainThread] [root/service.py:48]: AudioOutputService starting...
2026-08-01 14:05:14,650 [INFO] [MainThread] [root/bar_manager.py:85]: Starting SystemEventListener...
2026-08-01 14:05:14,652 [INFO] [MainThread] [root/bar_manager.py:85]: Starting WindowsNotificationEventListener...
2026-08-01 14:05:14,654 [INFO] [MainThread] [root/bar_manager.py:85]: Starting KomorebiEventListener...
2026-08-01 14:05:14,655 [INFO] [MainThread] [root/watcher.py:54]: Created file watcher for path C:\Users\Srinath\.config\yasb
2026-08-01 14:05:14,657 [INFO] [Dummy-6] [root/event_listener.py:51]: Created named pipe yasb-eae8b6cb-8d83-11f1-866c-b48c9d368940
2026-08-01 14:05:15,015 [INFO] [MainThread] [root/update_service.py:404]: Background update checker started
2026-08-01 14:05:15,016 [DEBUG] [MainThread] [qasync._windows._EventPoller/_windows.py:215]: Starting (proactor: <_IocpProactor overlapped#=0 result#=0>)...
2026-08-01 14:05:15,019 [DEBUG] [Dummy-9] [qasync._windows._EventWorker/_windows.py:195]: Thread started
2026-08-01 14:05:15,033 [DEBUG] [MainThread] [systray_widget/systray.py:526]: Loading state from C:\Users\Srinath\AppData\Local\YASB\systray_state_ACERTECHNOLOGIESVG271UM32526057A84212.json
2026-08-01 14:05:15,096 [DEBUG] [SystrayMonitor] [systray_widget/systray.py:57]: Systray thread is starting...
2026-08-01 14:05:15,756 [DEBUG] [SystrayMonitor] [systray_widget/systray_monitor.py:242]: Finding real tray hwnd
2026-08-01 14:05:16,040 [ERROR] [UpdateChecker] [root/update_service.py:271]: GitHub API HTTP error: 403 rate limit exceeded
2026-08-01 14:05:16,040 [WARNING] [UpdateChecker] [root/update_service.py:400]: Background update check failed: HTTP Error 403: rate limit exceeded
2026-08-01 14:05:17,208 [DEBUG] [MainThread] [systray_widget/systray.py:277]: Systray thread started
2026-08-01 14:05:17,412 [DEBUG] [SystrayMonitor] [systray_widget/systray_monitor.py:164]: Adding TaskbandHWND prop to hwnd 67050
2026-08-01 14:05:17,433 [DEBUG] [MainThread] [systray_widget/systray_monitor.py:157]: Sending TaskbarCreated message: 49367
2026-08-01 15:20:28,809 [INFO] [MainThread] [root/controller.py:35]: Exiting Application...
2026-08-01 15:20:28,921 [INFO] [MainThread] [cli_server/cli_server.py:112]: Log pipe server stopped
2026-08-01 15:20:28,922 [DEBUG] [MainThread] [cli_server/cli_server.py:206]: CLI server stopped
2026-08-01 15:20:29,021 [INFO] [MainThread] [root/bar_manager.py:92]: Stopping SystemEventListener...
2026-08-01 15:20:29,022 [INFO] [MainThread] [root/bar_manager.py:92]: Stopping WindowsNotificationEventListener...
2026-08-01 15:20:29,022 [INFO] [MainThread] [root/bar_manager.py:92]: Stopping KomorebiEventListener...
2026-08-01 15:20:29,028 [DEBUG] [MainThread] [systray_widget/systray.py:504]: Saving state to disk
2026-08-01 15:20:29,029 [DEBUG] [MainThread] [systray_widget/systray.py:508]: Saving state to C:\Users\Srinath\AppData\Local\YASB\systray_state_ACERTECHNOLOGIESVG271UM32526057A84212.json
2026-08-01 15:20:29,044 [DEBUG] [MainThread] [systray_widget/utils.py:96]: Destroying window 67050
2026-08-01 15:20:29,092 [DEBUG] [MainThread] [qasync._windows._EventPoller/_windows.py:220]: Stopping worker thread...
2026-08-01 15:20:29,094 [DEBUG] [Dummy-9] [qasync._windows._EventWorker/_windows.py:204]: Exiting thread
2026-08-01 15:20:29,102 [DEBUG] [MainThread] [qasync._windows._IocpProactor/_windows.py:78]: Closing
2026-08-01 15:20:29,148 [DEBUG] [MainThread] [systray_widget/utils.py:96]: Destroying window 67050
2026-08-01 17:15:38,417 [INFO] [MainThread] [root/log.py:69]: YASB v1.8.5
2026-08-01 17:15:38,418 [INFO] [Thread-1 (_run_server)] [cli_server/cli_server.py:212]: CLI server started v1.1.4
2026-08-01 17:15:38,419 [INFO] [MainThread] [cli_server/cli_server.py:104]: Log pipe server started
2026-08-01 17:15:39,915 [INFO] [MainThread] [root/service.py:48]: AudioOutputService starting...
2026-08-01 17:15:40,808 [INFO] [MainThread] [root/bar_manager.py:85]: Starting KomorebiEventListener...
2026-08-01 17:15:40,809 [INFO] [MainThread] [root/bar_manager.py:85]: Starting WindowsNotificationEventListener...
2026-08-01 17:15:40,810 [INFO] [Dummy-4] [root/event_listener.py:51]: Created named pipe yasb-856d8882-8d9e-11f1-bb17-b48c9d368940
2026-08-01 17:15:40,810 [INFO] [MainThread] [root/bar_manager.py:85]: Starting SystemEventListener...
2026-08-01 17:15:40,811 [INFO] [MainThread] [root/watcher.py:54]: Created file watcher for path C:\Users\Srinath\.config\yasb
2026-08-01 17:15:40,967 [INFO] [MainThread] [root/update_service.py:404]: Background update checker started
2026-08-01 17:15:40,967 [DEBUG] [MainThread] [qasync._windows._EventPoller/_windows.py:215]: Starting (proactor: <_IocpProactor overlapped#=0 result#=0>)...
2026-08-01 17:15:40,998 [DEBUG] [Dummy-9] [qasync._windows._EventWorker/_windows.py:195]: Thread started
2026-08-01 17:15:41,009 [DEBUG] [MainThread] [systray_widget/systray.py:526]: Loading state from C:\Users\Srinath\AppData\Local\YASB\systray_state_ACERTECHNOLOGIESVG271UM32526057A84212.json
2026-08-01 17:15:41,022 [DEBUG] [SystrayMonitor] [systray_widget/systray.py:57]: Systray thread is starting...
2026-08-01 17:15:41,279 [DEBUG] [MainThread] [systray_widget/systray.py:277]: Systray thread started
2026-08-01 17:15:41,481 [DEBUG] [SystrayMonitor] [systray_widget/systray_monitor.py:164]: Adding TaskbandHWND prop to hwnd 67190
2026-08-01 17:15:41,489 [DEBUG] [SystrayMonitor] [systray_widget/systray_monitor.py:242]: Finding real tray hwnd
2026-08-01 17:15:41,492 [DEBUG] [MainThread] [systray_widget/systray_monitor.py:157]: Sending TaskbarCreated message: 49367
2026-08-01 17:15:41,588 [ERROR] [UpdateChecker] [root/update_service.py:271]: GitHub API HTTP error: 403 rate limit exceeded
2026-08-01 17:15:41,588 [WARNING] [UpdateChecker] [root/update_service.py:400]: Background update check failed: HTTP Error 403: rate limit exceeded
2026-08-02 09:02:40,569 [INFO] [MainThread] [root/bar.py:154]: Screen geometry changed. Updating position for bar status-bar on screen VG271U M3
2026-08-02 09:02:40,570 [INFO] [MainThread] [root/bar.py:154]: Screen geometry changed. Updating position for bar status-bar on screen VG271U M3
2026-08-02 09:07:22,728 [INFO] [MainThread] [root/controller.py:15]: Reloading Bar from context menu...
2026-08-02 09:07:22,839 [INFO] [MainThread] [cli_server/cli_server.py:112]: Log pipe server stopped
2026-08-02 09:07:22,839 [DEBUG] [MainThread] [cli_server/cli_server.py:206]: CLI server stopped
2026-08-02 09:07:23,091 [INFO] [MainThread] [root/bar_manager.py:92]: Stopping KomorebiEventListener...
2026-08-02 09:07:23,091 [INFO] [MainThread] [root/bar_manager.py:92]: Stopping WindowsNotificationEventListener...
2026-08-02 09:07:23,092 [INFO] [MainThread] [root/bar_manager.py:92]: Stopping SystemEventListener...
2026-08-02 09:07:23,100 [DEBUG] [MainThread] [systray_widget/systray.py:504]: Saving state to disk
2026-08-02 09:07:23,101 [DEBUG] [MainThread] [systray_widget/systray.py:508]: Saving state to C:\Users\Srinath\AppData\Local\YASB\systray_state_ACERTECHNOLOGIESVG271UM32526057A84212.json
2026-08-02 09:07:23,117 [DEBUG] [MainThread] [systray_widget/utils.py:96]: Destroying window 67190
2026-08-02 09:07:23,137 [DEBUG] [MainThread] [qasync._windows._EventPoller/_windows.py:220]: Stopping worker thread...
2026-08-02 09:07:23,151 [DEBUG] [Dummy-9] [qasync._windows._EventWorker/_windows.py:204]: Exiting thread
2026-08-02 09:07:23,154 [DEBUG] [MainThread] [qasync._windows._IocpProactor/_windows.py:78]: Closing
2026-08-02 09:07:23,174 [DEBUG] [MainThread] [systray_widget/utils.py:96]: Destroying window 67190
2026-08-02 09:07:24,505 [INFO] [MainThread] [root/log.py:69]: YASB v1.8.5
2026-08-02 09:07:24,506 [INFO] [Thread-1 (_run_server)] [cli_server/cli_server.py:212]: CLI server started v1.1.4
2026-08-02 09:07:24,506 [INFO] [MainThread] [cli_server/cli_server.py:104]: Log pipe server started
2026-08-02 09:07:26,516 [INFO] [MainThread] [root/service.py:48]: AudioOutputService starting...
2026-08-02 09:07:28,195 [INFO] [MainThread] [root/bar_manager.py:85]: Starting KomorebiEventListener...
2026-08-02 09:07:28,196 [INFO] [MainThread] [root/bar_manager.py:85]: Starting SystemEventListener...
2026-08-02 09:07:28,197 [INFO] [MainThread] [root/bar_manager.py:85]: Starting WindowsNotificationEventListener...
2026-08-02 09:07:28,198 [INFO] [Dummy-4] [root/event_listener.py:51]: Created named pipe yasb-7c154593-8e23-11f1-beb2-b48c9d368940
2026-08-02 09:07:28,199 [INFO] [MainThread] [root/watcher.py:54]: Created file watcher for path C:\Users\Srinath\.config\yasb
2026-08-02 09:07:28,321 [INFO] [Dummy-4] [root/event_listener.py:125]: Komorebi connected to named pipe: yasb-7c154593-8e23-11f1-beb2-b48c9d368940
2026-08-02 09:07:28,369 [INFO] [MainThread] [root/update_service.py:404]: Background update checker started
2026-08-02 09:07:28,370 [DEBUG] [MainThread] [qasync._windows._EventPoller/_windows.py:215]: Starting (proactor: <_IocpProactor overlapped#=0 result#=0>)...
2026-08-02 09:07:28,401 [DEBUG] [Dummy-11] [qasync._windows._EventWorker/_windows.py:195]: Thread started
2026-08-02 09:07:28,417 [DEBUG] [MainThread] [systray_widget/systray.py:526]: Loading state from C:\Users\Srinath\AppData\Local\YASB\systray_state_ACERTECHNOLOGIESVG271UM32526057A84212.json
2026-08-02 09:07:28,422 [DEBUG] [SystrayMonitor] [systray_widget/systray.py:57]: Systray thread is starting...
2026-08-02 09:07:28,741 [DEBUG] [MainThread] [systray_widget/systray.py:277]: Systray thread started
2026-08-02 09:07:28,945 [DEBUG] [SystrayMonitor] [systray_widget/systray_monitor.py:164]: Adding TaskbandHWND prop to hwnd 263816
2026-08-02 09:07:28,950 [DEBUG] [SystrayMonitor] [systray_widget/systray_monitor.py:242]: Finding real tray hwnd
2026-08-02 09:07:28,953 [DEBUG] [MainThread] [systray_widget/systray_monitor.py:157]: Sending TaskbarCreated message: 49367
2026-08-02 10:06:18,557 [INFO] [MainThread] [root/controller.py:35]: Exiting Application...
2026-08-02 10:06:18,662 [INFO] [MainThread] [cli_server/cli_server.py:112]: Log pipe server stopped
2026-08-02 10:06:18,662 [DEBUG] [MainThread] [cli_server/cli_server.py:206]: CLI server stopped
2026-08-02 10:06:18,911 [INFO] [MainThread] [root/bar_manager.py:92]: Stopping KomorebiEventListener...
2026-08-02 10:06:18,911 [INFO] [MainThread] [root/bar_manager.py:92]: Stopping SystemEventListener...
2026-08-02 10:06:18,911 [INFO] [MainThread] [root/bar_manager.py:92]: Stopping WindowsNotificationEventListener...
2026-08-02 10:06:18,924 [DEBUG] [MainThread] [systray_widget/systray.py:504]: Saving state to disk
2026-08-02 10:06:18,925 [DEBUG] [MainThread] [systray_widget/systray.py:508]: Saving state to C:\Users\Srinath\AppData\Local\YASB\systray_state_ACERTECHNOLOGIESVG271UM32526057A84212.json
2026-08-02 10:06:18,941 [INFO] [Dummy-4] [root/event_listener.py:92]: Attempting to reconnect to Komorebi...
2026-08-02 10:06:18,948 [DEBUG] [MainThread] [systray_widget/utils.py:96]: Destroying window 263816
2026-08-02 10:06:18,988 [DEBUG] [MainThread] [qasync._windows._EventPoller/_windows.py:220]: Stopping worker thread...
2026-08-02 10:06:19,003 [DEBUG] [Dummy-11] [qasync._windows._EventWorker/_windows.py:204]: Exiting thread
2026-08-02 10:06:19,008 [DEBUG] [MainThread] [qasync._windows._IocpProactor/_windows.py:78]: Closing
2026-08-02 10:06:19,069 [DEBUG] [MainThread] [systray_widget/utils.py:96]: Destroying window 263816
2026-08-03 07:33:09,544 [INFO] [MainThread] [root/log.py:69]: YASB v1.8.5
2026-08-03 07:33:09,546 [INFO] [Thread-1 (_run_server)] [cli_server/cli_server.py:212]: CLI server started v1.1.4
2026-08-03 07:33:09,546 [INFO] [MainThread] [cli_server/cli_server.py:104]: Log pipe server started
2026-08-03 07:33:11,235 [INFO] [MainThread] [root/service.py:48]: AudioOutputService starting...
2026-08-03 07:33:12,496 [INFO] [MainThread] [root/bar_manager.py:85]: Starting SystemEventListener...
2026-08-03 07:33:12,496 [INFO] [MainThread] [root/bar_manager.py:85]: Starting WindowsNotificationEventListener...
2026-08-03 07:33:12,498 [INFO] [MainThread] [root/bar_manager.py:85]: Starting KomorebiEventListener...
2026-08-03 07:33:12,498 [INFO] [MainThread] [root/watcher.py:54]: Created file watcher for path C:\Users\Srinath\.config\yasb
2026-08-03 07:33:12,499 [INFO] [Dummy-6] [root/event_listener.py:51]: Created named pipe yasb-7b6ff6f7-8edf-11f1-b5bd-b48c9d368940
2026-08-03 07:33:12,646 [INFO] [MainThread] [root/update_service.py:404]: Background update checker started
2026-08-03 07:33:12,646 [DEBUG] [MainThread] [qasync._windows._EventPoller/_windows.py:215]: Starting (proactor: <_IocpProactor overlapped#=0 result#=0>)...
2026-08-03 07:33:12,648 [DEBUG] [Dummy-9] [qasync._windows._EventWorker/_windows.py:195]: Thread started
2026-08-03 07:33:12,650 [DEBUG] [MainThread] [systray_widget/systray.py:526]: Loading state from C:\Users\Srinath\AppData\Local\YASB\systray_state_ACERTECHNOLOGIESVG271UM32526057A84212.json
2026-08-03 07:33:12,684 [DEBUG] [SystrayMonitor] [systray_widget/systray.py:57]: Systray thread is starting...
2026-08-03 07:33:12,924 [DEBUG] [MainThread] [systray_widget/systray.py:277]: Systray thread started
2026-08-03 07:33:13,191 [DEBUG] [SystrayMonitor] [systray_widget/systray_monitor.py:164]: Adding TaskbandHWND prop to hwnd 66990
2026-08-03 07:33:13,197 [DEBUG] [SystrayMonitor] [systray_widget/systray_monitor.py:242]: Finding real tray hwnd
2026-08-03 07:33:13,215 [DEBUG] [MainThread] [systray_widget/systray_monitor.py:157]: Sending TaskbarCreated message: 49366
2026-08-03 08:38:49,220 [INFO] [MainThread] [root/controller.py:35]: Exiting Application...
2026-08-03 08:38:49,324 [INFO] [MainThread] [cli_server/cli_server.py:112]: Log pipe server stopped
2026-08-03 08:38:49,324 [DEBUG] [MainThread] [cli_server/cli_server.py:206]: CLI server stopped
2026-08-03 08:38:49,400 [INFO] [MainThread] [root/bar_manager.py:92]: Stopping SystemEventListener...
2026-08-03 08:38:49,400 [INFO] [MainThread] [root/bar_manager.py:92]: Stopping WindowsNotificationEventListener...
2026-08-03 08:38:49,400 [INFO] [MainThread] [root/bar_manager.py:92]: Stopping KomorebiEventListener...
2026-08-03 08:38:49,406 [DEBUG] [MainThread] [systray_widget/systray.py:504]: Saving state to disk
2026-08-03 08:38:49,407 [DEBUG] [MainThread] [systray_widget/systray.py:508]: Saving state to C:\Users\Srinath\AppData\Local\YASB\systray_state_ACERTECHNOLOGIESVG271UM32526057A84212.json
2026-08-03 08:38:49,442 [DEBUG] [MainThread] [systray_widget/utils.py:96]: Destroying window 66990
2026-08-03 08:38:49,467 [DEBUG] [MainThread] [qasync._windows._EventPoller/_windows.py:220]: Stopping worker thread...
2026-08-03 08:38:49,482 [DEBUG] [Dummy-9] [qasync._windows._EventWorker/_windows.py:204]: Exiting thread
2026-08-03 08:38:49,492 [DEBUG] [MainThread] [qasync._windows._IocpProactor/_windows.py:78]: Closing
2026-08-03 08:38:49,563 [DEBUG] [MainThread] [systray_widget/utils.py:96]: Destroying window 66990
2026-08-03 08:41:51,209 [INFO] [MainThread] [root/log.py:69]: YASB v1.8.5
2026-08-03 08:41:51,211 [INFO] [Thread-1 (_run_server)] [cli_server/cli_server.py:212]: CLI server started v1.1.4
2026-08-03 08:41:51,211 [INFO] [MainThread] [cli_server/cli_server.py:104]: Log pipe server started
2026-08-03 08:41:52,863 [INFO] [MainThread] [root/service.py:48]: AudioOutputService starting...
2026-08-03 08:41:54,158 [INFO] [MainThread] [root/bar_manager.py:85]: Starting SystemEventListener...
2026-08-03 08:41:54,158 [INFO] [MainThread] [root/bar_manager.py:85]: Starting KomorebiEventListener...
2026-08-03 08:41:54,158 [INFO] [MainThread] [root/bar_manager.py:85]: Starting WindowsNotificationEventListener...
2026-08-03 08:41:54,159 [INFO] [Dummy-4] [root/event_listener.py:51]: Created named pipe yasb-14237446-8ee9-11f1-bc2a-b48c9d368940
2026-08-03 08:41:54,161 [INFO] [MainThread] [root/watcher.py:54]: Created file watcher for path C:\Users\Srinath\.config\yasb
2026-08-03 08:41:54,305 [INFO] [MainThread] [root/update_service.py:404]: Background update checker started
2026-08-03 08:41:54,305 [DEBUG] [MainThread] [qasync._windows._EventPoller/_windows.py:215]: Starting (proactor: <_IocpProactor overlapped#=0 result#=0>)...
2026-08-03 08:41:54,306 [DEBUG] [Dummy-9] [qasync._windows._EventWorker/_windows.py:195]: Thread started
2026-08-03 08:41:54,309 [DEBUG] [MainThread] [systray_widget/systray.py:526]: Loading state from C:\Users\Srinath\AppData\Local\YASB\systray_state_ACERTECHNOLOGIESVG271UM32526057A84212.json
2026-08-03 08:41:54,347 [DEBUG] [SystrayMonitor] [systray_widget/systray.py:57]: Systray thread is starting...
2026-08-03 08:41:54,589 [DEBUG] [MainThread] [systray_widget/systray.py:277]: Systray thread started
2026-08-03 08:41:54,797 [DEBUG] [SystrayMonitor] [systray_widget/systray_monitor.py:164]: Adding TaskbandHWND prop to hwnd 66808
2026-08-03 08:41:54,804 [DEBUG] [SystrayMonitor] [systray_widget/systray_monitor.py:242]: Finding real tray hwnd
2026-08-03 08:41:54,809 [DEBUG] [MainThread] [systray_widget/systray_monitor.py:157]: Sending TaskbarCreated message: 49366
2026-08-03 08:42:41,180 [INFO] [Dummy-4] [root/event_listener.py:125]: Komorebi connected to named pipe: yasb-14237446-8ee9-11f1-bc2a-b48c9d368940
2026-08-03 09:01:56,173 [INFO] [MainThread] [root/controller.py:35]: Exiting Application...
2026-08-03 09:01:56,276 [INFO] [MainThread] [cli_server/cli_server.py:112]: Log pipe server stopped
2026-08-03 09:01:56,277 [DEBUG] [MainThread] [cli_server/cli_server.py:206]: CLI server stopped
2026-08-03 09:01:56,384 [INFO] [MainThread] [root/bar_manager.py:92]: Stopping SystemEventListener...
2026-08-03 09:01:56,384 [INFO] [MainThread] [root/bar_manager.py:92]: Stopping KomorebiEventListener...
2026-08-03 09:01:56,384 [INFO] [MainThread] [root/bar_manager.py:92]: Stopping WindowsNotificationEventListener...
2026-08-03 09:01:56,389 [DEBUG] [MainThread] [systray_widget/systray.py:504]: Saving state to disk
2026-08-03 09:01:56,390 [DEBUG] [MainThread] [systray_widget/systray.py:508]: Saving state to C:\Users\Srinath\AppData\Local\YASB\systray_state_ACERTECHNOLOGIESVG271UM32526057A84212.json
2026-08-03 09:01:56,401 [DEBUG] [MainThread] [systray_widget/utils.py:96]: Destroying window 66808
2026-08-03 09:01:56,409 [INFO] [Dummy-4] [root/event_listener.py:92]: Attempting to reconnect to Komorebi...
2026-08-03 09:01:56,418 [DEBUG] [MainThread] [qasync._windows._EventPoller/_windows.py:220]: Stopping worker thread...
2026-08-03 09:01:56,433 [DEBUG] [Dummy-9] [qasync._windows._EventWorker/_windows.py:204]: Exiting thread
2026-08-03 09:01:56,451 [DEBUG] [MainThread] [qasync._windows._IocpProactor/_windows.py:78]: Closing
2026-08-03 09:01:56,571 [DEBUG] [MainThread] [systray_widget/utils.py:96]: Destroying window 66808
2026-08-03 09:02:01,427 [ERROR] [Dummy-1233] [comtypes._vtbl/_vtbl.py:217]: Exception in IMMNotificationClient.OnDeviceStateChanged implementation:
Traceback (most recent call last):
  File "D:\a\yasb\yasb\venv\Lib\site-packages\comtypes\_vtbl.py", line 176, in call_without_this
  File "D:\a\yasb\yasb\venv\Lib\site-packages\pycaw\callbacks.py", line 332, in OnDeviceStateChanged
  File "D:\a\yasb\yasb\src\core\utils\widgets\volume\service.py", line 317, in on_device_state_changed
RuntimeError: wrapped C/C++ object of type AudioOutputService has been deleted
2026-08-03 09:02:01,478 [ERROR] [Dummy-1233] [comtypes._vtbl/_vtbl.py:217]: Exception in IMMNotificationClient.OnDeviceStateChanged implementation:
Traceback (most recent call last):
  File "D:\a\yasb\yasb\venv\Lib\site-packages\comtypes\_vtbl.py", line 176, in call_without_this
  File "D:\a\yasb\yasb\venv\Lib\site-packages\pycaw\callbacks.py", line 332, in OnDeviceStateChanged
  File "D:\a\yasb\yasb\src\core\utils\widgets\volume\service.py", line 317, in on_device_state_changed
RuntimeError: wrapped C/C++ object of type AudioOutputService has been deleted
2026-08-03 09:02:01,492 [ERROR] [Dummy-1233] [comtypes._vtbl/_vtbl.py:217]: Exception in IMMNotificationClient.OnDefaultDeviceChanged implementation:
Traceback (most recent call last):
  File "D:\a\yasb\yasb\venv\Lib\site-packages\comtypes\_vtbl.py", line 176, in call_without_this
  File "D:\a\yasb\yasb\venv\Lib\site-packages\pycaw\callbacks.py", line 322, in OnDefaultDeviceChanged
  File "D:\a\yasb\yasb\src\core\utils\widgets\volume\service.py", line 307, in on_default_device_changed
RuntimeError: wrapped C/C++ object of type AudioOutputService has been deleted
2026-08-03 09:08:04,057 [INFO] [MainThread] [root/log.py:69]: YASB v1.8.5
2026-08-03 09:08:04,059 [INFO] [Thread-1 (_run_server)] [cli_server/cli_server.py:212]: CLI server started v1.1.4
2026-08-03 09:08:04,059 [INFO] [MainThread] [cli_server/cli_server.py:104]: Log pipe server started
2026-08-03 09:08:06,011 [INFO] [MainThread] [root/service.py:48]: AudioOutputService starting...
2026-08-03 09:08:07,370 [INFO] [MainThread] [root/bar_manager.py:85]: Starting KomorebiEventListener...
2026-08-03 09:08:07,371 [INFO] [MainThread] [root/bar_manager.py:85]: Starting WindowsNotificationEventListener...
2026-08-03 09:08:07,371 [INFO] [Dummy-4] [root/event_listener.py:51]: Created named pipe yasb-bdd893d8-8eec-11f1-ac7e-b48c9d368940
2026-08-03 09:08:07,373 [INFO] [MainThread] [root/bar_manager.py:85]: Starting SystemEventListener...
2026-08-03 09:08:07,373 [INFO] [MainThread] [root/watcher.py:54]: Created file watcher for path C:\Users\Srinath\.config\yasb
2026-08-03 09:08:07,538 [INFO] [MainThread] [root/update_service.py:404]: Background update checker started
2026-08-03 09:08:07,538 [DEBUG] [MainThread] [qasync._windows._EventPoller/_windows.py:215]: Starting (proactor: <_IocpProactor overlapped#=0 result#=0>)...
2026-08-03 09:08:07,540 [DEBUG] [Dummy-9] [qasync._windows._EventWorker/_windows.py:195]: Thread started
2026-08-03 09:08:07,545 [DEBUG] [MainThread] [systray_widget/systray.py:526]: Loading state from C:\Users\Srinath\AppData\Local\YASB\systray_state_ACERTECHNOLOGIESVG271UM32526057A84212.json
2026-08-03 09:08:07,572 [DEBUG] [SystrayMonitor] [systray_widget/systray.py:57]: Systray thread is starting...
2026-08-03 09:08:08,006 [DEBUG] [MainThread] [systray_widget/systray.py:277]: Systray thread started
2026-08-03 09:08:08,209 [DEBUG] [SystrayMonitor] [systray_widget/systray_monitor.py:164]: Adding TaskbandHWND prop to hwnd 66850
2026-08-03 09:08:08,219 [DEBUG] [SystrayMonitor] [systray_widget/systray_monitor.py:242]: Finding real tray hwnd
2026-08-03 09:08:08,224 [DEBUG] [MainThread] [systray_widget/systray_monitor.py:157]: Sending TaskbarCreated message: 49366
2026-08-03 09:11:47,041 [INFO] [Dummy-4] [root/event_listener.py:125]: Komorebi connected to named pipe: yasb-bdd893d8-8eec-11f1-ac7e-b48c9d368940
2026-08-03 09:12:20,985 [WARNING] [Dummy-4] [root/event_listener.py:82]: Pipe has been ended: (109, 'PeekNamedPipe', 'The pipe has been ended.')
2026-08-03 09:12:20,986 [INFO] [Dummy-4] [root/event_listener.py:92]: Attempting to reconnect to Komorebi...
2026-08-03 09:12:23,986 [INFO] [Dummy-4] [root/event_listener.py:51]: Created named pipe yasb-bdd893d8-8eec-11f1-ac7e-b48c9d368940
2026-08-03 09:18:34,606 [INFO] [Dummy-4] [root/event_listener.py:125]: Komorebi connected to named pipe: yasb-bdd893d8-8eec-11f1-ac7e-b48c9d368940
2026-08-03 09:19:01,291 [ERROR] [Thread-3 (process_audio)] [root/cava.py:630]: Error reading cava data: wrapped C/C++ object of type CavaWidget has been deleted
2026-08-03 09:19:06,251 [INFO] [MainThread] [root/log.py:69]: YASB v1.8.5
2026-08-03 09:19:06,252 [INFO] [Thread-1 (_run_server)] [cli_server/cli_server.py:212]: CLI server started v1.1.4
2026-08-03 09:19:06,252 [INFO] [MainThread] [cli_server/cli_server.py:104]: Log pipe server started
2026-08-03 09:19:06,253 [ERROR] [MainThread] [root/main.py:74]: Another instance of the YASB is already running.
2026-08-03 09:19:45,676 [INFO] [MainThread] [root/log.py:69]: YASB v1.8.5
2026-08-03 09:19:45,677 [INFO] [Thread-1 (_run_server)] [cli_server/cli_server.py:212]: CLI server started v1.1.4
2026-08-03 09:19:45,677 [INFO] [MainThread] [cli_server/cli_server.py:104]: Log pipe server started
2026-08-03 09:19:45,678 [ERROR] [MainThread] [root/main.py:74]: Another instance of the YASB is already running.
2026-08-03 09:24:14,338 [INFO] [MainThread] [root/log.py:69]: YASB v1.8.5
2026-08-03 09:24:14,340 [INFO] [Thread-1 (_run_server)] [cli_server/cli_server.py:212]: CLI server started v1.1.4
2026-08-03 09:24:14,340 [INFO] [MainThread] [cli_server/cli_server.py:104]: Log pipe server started
2026-08-03 09:24:14,341 [ERROR] [MainThread] [root/main.py:74]: Another instance of the YASB is already running.
2026-08-03 09:24:21,152 [INFO] [MainThread] [root/bar_manager.py:92]: Stopping KomorebiEventListener...
2026-08-03 09:24:21,153 [INFO] [MainThread] [root/bar_manager.py:92]: Stopping WindowsNotificationEventListener...
2026-08-03 09:24:21,154 [INFO] [MainThread] [root/bar_manager.py:92]: Stopping SystemEventListener...
2026-08-03 09:24:21,158 [DEBUG] [MainThread] [systray_widget/utils.py:96]: Destroying window 66850
2026-08-03 09:24:21,163 [INFO] [Dummy-4] [root/event_listener.py:92]: Attempting to reconnect to Komorebi...
2026-08-03 09:24:21,192 [DEBUG] [MainThread] [qasync._windows._EventPoller/_windows.py:220]: Stopping worker thread...
2026-08-03 13:16:48,276 [INFO] [MainThread] [root/log.py:69]: YASB v1.8.5
2026-08-03 13:16:48,278 [INFO] [Thread-1 (_run_server)] [cli_server/cli_server.py:212]: CLI server started v1.1.4
2026-08-03 13:16:48,279 [INFO] [MainThread] [cli_server/cli_server.py:104]: Log pipe server started
2026-08-03 13:16:50,010 [INFO] [MainThread] [root/service.py:48]: AudioOutputService starting...
2026-08-03 13:16:51,395 [INFO] [MainThread] [root/bar_manager.py:85]: Starting WindowsNotificationEventListener...
2026-08-03 13:16:51,396 [INFO] [MainThread] [root/bar_manager.py:85]: Starting KomorebiEventListener...
2026-08-03 13:16:51,396 [INFO] [MainThread] [root/bar_manager.py:85]: Starting SystemEventListener...
2026-08-03 13:16:51,397 [INFO] [MainThread] [root/watcher.py:54]: Created file watcher for path C:\Users\Srinath\.config\yasb
2026-08-03 13:16:51,399 [INFO] [Dummy-6] [root/event_listener.py:51]: Created named pipe yasb-7d4235d4-8f0f-11f1-a4ef-b48c9d368940
2026-08-03 13:16:51,572 [INFO] [MainThread] [root/update_service.py:404]: Background update checker started
2026-08-03 13:16:51,572 [DEBUG] [MainThread] [qasync._windows._EventPoller/_windows.py:215]: Starting (proactor: <_IocpProactor overlapped#=0 result#=0>)...
2026-08-03 13:16:51,616 [DEBUG] [Dummy-9] [qasync._windows._EventWorker/_windows.py:195]: Thread started
2026-08-03 13:16:51,627 [DEBUG] [MainThread] [systray_widget/systray.py:526]: Loading state from C:\Users\Srinath\AppData\Local\YASB\systray_state_ACERTECHNOLOGIESVG271UM32526057A84212.json
2026-08-03 13:16:51,645 [DEBUG] [SystrayMonitor] [systray_widget/systray.py:57]: Systray thread is starting...
2026-08-03 13:16:52,077 [DEBUG] [MainThread] [systray_widget/systray.py:277]: Systray thread started
2026-08-03 13:16:52,167 [DEBUG] [SystrayMonitor] [systray_widget/systray_monitor.py:242]: Finding real tray hwnd
2026-08-03 13:16:52,279 [DEBUG] [SystrayMonitor] [systray_widget/systray_monitor.py:164]: Adding TaskbandHWND prop to hwnd 66888
2026-08-03 13:16:52,289 [DEBUG] [MainThread] [systray_widget/systray_monitor.py:157]: Sending TaskbarCreated message: 49367
2026-08-03 13:25:35,277 [INFO] [Dummy-6] [root/event_listener.py:125]: Komorebi connected to named pipe: yasb-7d4235d4-8f0f-11f1-a4ef-b48c9d368940
2026-08-03 13:34:33,917 [ERROR] [SystrayMonitor] [root/app_icons.py:282]: GetIconInfo failed: 0
2026-08-04 07:24:04,679 [INFO] [MainThread] [root/controller.py:35]: Exiting Application...
2026-08-04 07:24:04,786 [INFO] [MainThread] [cli_server/cli_server.py:112]: Log pipe server stopped
2026-08-04 07:24:04,786 [DEBUG] [MainThread] [cli_server/cli_server.py:206]: CLI server stopped
2026-08-04 07:24:04,998 [INFO] [MainThread] [root/bar_manager.py:92]: Stopping WindowsNotificationEventListener...
2026-08-04 07:24:04,998 [INFO] [MainThread] [root/bar_manager.py:92]: Stopping KomorebiEventListener...
2026-08-04 07:24:04,999 [INFO] [MainThread] [root/bar_manager.py:92]: Stopping SystemEventListener...
2026-08-04 07:24:05,013 [DEBUG] [MainThread] [systray_widget/systray.py:504]: Saving state to disk
2026-08-04 07:24:05,013 [DEBUG] [MainThread] [systray_widget/systray.py:508]: Saving state to C:\Users\Srinath\AppData\Local\YASB\systray_state_ACERTECHNOLOGIESVG271UM32526057A84212.json
2026-08-04 07:24:05,031 [INFO] [Dummy-6] [root/event_listener.py:92]: Attempting to reconnect to Komorebi...
2026-08-04 07:24:05,036 [DEBUG] [MainThread] [systray_widget/utils.py:96]: Destroying window 66888
2026-08-04 07:24:05,136 [DEBUG] [MainThread] [qasync._windows._EventPoller/_windows.py:220]: Stopping worker thread...
2026-08-04 07:24:05,145 [DEBUG] [Dummy-9] [qasync._windows._EventWorker/_windows.py:204]: Exiting thread
2026-08-04 07:24:05,166 [DEBUG] [MainThread] [qasync._windows._IocpProactor/_windows.py:78]: Closing
2026-08-04 07:24:05,355 [DEBUG] [MainThread] [systray_widget/utils.py:96]: Destroying window 66888
2026-08-04 08:13:14,700 [INFO] [MainThread] [root/log.py:69]: YASB v1.8.5
2026-08-04 08:13:14,702 [INFO] [Thread-1 (_run_server)] [cli_server/cli_server.py:212]: CLI server started v1.1.4
2026-08-04 08:13:14,702 [INFO] [MainThread] [cli_server/cli_server.py:104]: Log pipe server started
2026-08-04 08:13:16,615 [INFO] [MainThread] [root/service.py:48]: AudioOutputService starting...
2026-08-04 08:13:18,003 [INFO] [MainThread] [root/bar_manager.py:85]: Starting KomorebiEventListener...
2026-08-04 08:13:18,004 [INFO] [MainThread] [root/bar_manager.py:85]: Starting WindowsNotificationEventListener...
2026-08-04 08:13:18,004 [INFO] [Dummy-4] [root/event_listener.py:51]: Created named pipe yasb-3fa4c192-8fae-11f1-9f8a-b48c9d368940
2026-08-04 08:13:18,005 [INFO] [MainThread] [root/bar_manager.py:85]: Starting SystemEventListener...
2026-08-04 08:13:18,006 [INFO] [MainThread] [root/watcher.py:54]: Created file watcher for path C:\Users\Srinath\.config\yasb
2026-08-04 08:13:18,153 [INFO] [MainThread] [root/update_service.py:404]: Background update checker started
2026-08-04 08:13:18,153 [DEBUG] [MainThread] [qasync._windows._EventPoller/_windows.py:215]: Starting (proactor: <_IocpProactor overlapped#=0 result#=0>)...
2026-08-04 08:13:18,155 [DEBUG] [Dummy-9] [qasync._windows._EventWorker/_windows.py:195]: Thread started
2026-08-04 08:13:18,158 [DEBUG] [MainThread] [systray_widget/systray.py:526]: Loading state from C:\Users\Srinath\AppData\Local\YASB\systray_state_ACERTECHNOLOGIESVG271UM32526057A84212.json
2026-08-04 08:13:18,204 [DEBUG] [SystrayMonitor] [systray_widget/systray.py:57]: Systray thread is starting...
2026-08-04 08:13:18,623 [DEBUG] [MainThread] [systray_widget/systray.py:277]: Systray thread started
2026-08-04 08:13:18,825 [DEBUG] [SystrayMonitor] [systray_widget/systray_monitor.py:164]: Adding TaskbandHWND prop to hwnd 66864
2026-08-04 08:13:18,831 [DEBUG] [MainThread] [systray_widget/systray_monitor.py:157]: Sending TaskbarCreated message: 49366
2026-08-04 08:15:54,589 [DEBUG] [SystrayMonitor] [systray_widget/systray_monitor.py:242]: Finding real tray hwnd
2026-08-04 08:16:07,982 [INFO] [MainThread] [root/controller.py:35]: Exiting Application from context menu...
2026-08-04 08:16:08,084 [INFO] [MainThread] [cli_server/cli_server.py:112]: Log pipe server stopped
2026-08-04 08:16:08,084 [DEBUG] [MainThread] [cli_server/cli_server.py:206]: CLI server stopped
2026-08-04 08:16:08,197 [INFO] [MainThread] [root/bar_manager.py:92]: Stopping KomorebiEventListener...
2026-08-04 08:16:08,197 [INFO] [MainThread] [root/bar_manager.py:92]: Stopping WindowsNotificationEventListener...
2026-08-04 08:16:08,197 [INFO] [MainThread] [root/bar_manager.py:92]: Stopping SystemEventListener...
2026-08-04 08:16:08,203 [DEBUG] [MainThread] [systray_widget/systray.py:504]: Saving state to disk
2026-08-04 08:16:08,204 [DEBUG] [MainThread] [systray_widget/systray.py:508]: Saving state to C:\Users\Srinath\AppData\Local\YASB\systray_state_ACERTECHNOLOGIESVG271UM32526057A84212.json
2026-08-04 08:16:08,205 [DEBUG] [MainThread] [systray_widget/utils.py:96]: Destroying window 66864
2026-08-04 08:16:08,222 [DEBUG] [MainThread] [qasync._windows._EventPoller/_windows.py:220]: Stopping worker thread...
2026-08-04 08:16:08,224 [DEBUG] [Dummy-9] [qasync._windows._EventWorker/_windows.py:204]: Exiting thread
2026-08-04 08:16:08,226 [DEBUG] [MainThread] [qasync._windows._IocpProactor/_windows.py:78]: Closing
2026-08-04 08:16:08,356 [DEBUG] [MainThread] [systray_widget/utils.py:96]: Destroying window 66864
2026-08-04 13:11:16,574 [INFO] [MainThread] [root/log.py:69]: YASB v1.8.5
2026-08-04 13:11:16,575 [INFO] [Thread-1 (_run_server)] [cli_server/cli_server.py:212]: CLI server started v1.1.4
2026-08-04 13:11:16,575 [INFO] [MainThread] [cli_server/cli_server.py:104]: Log pipe server started
2026-08-04 13:11:17,925 [INFO] [MainThread] [root/service.py:48]: AudioOutputService starting...
2026-08-04 13:11:19,376 [INFO] [MainThread] [root/bar_manager.py:85]: Starting WindowsNotificationEventListener...
2026-08-04 13:11:19,377 [INFO] [MainThread] [root/bar_manager.py:85]: Starting KomorebiEventListener...
2026-08-04 13:11:19,377 [INFO] [MainThread] [root/bar_manager.py:85]: Starting SystemEventListener...
2026-08-04 13:11:19,378 [INFO] [MainThread] [root/watcher.py:54]: Created file watcher for path C:\Users\Srinath\.config\yasb
2026-08-04 13:11:19,385 [INFO] [Dummy-6] [root/event_listener.py:51]: Created named pipe yasb-e1c5d30d-8fd7-11f1-a60f-b48c9d368940
2026-08-04 13:11:19,505 [INFO] [Dummy-6] [root/event_listener.py:125]: Komorebi connected to named pipe: yasb-e1c5d30d-8fd7-11f1-a60f-b48c9d368940
2026-08-04 13:11:19,507 [INFO] [MainThread] [root/update_service.py:404]: Background update checker started
2026-08-04 13:11:19,508 [DEBUG] [MainThread] [qasync._windows._EventPoller/_windows.py:215]: Starting (proactor: <_IocpProactor overlapped#=0 result#=0>)...
2026-08-04 13:11:19,510 [DEBUG] [Dummy-9] [qasync._windows._EventWorker/_windows.py:195]: Thread started
2026-08-04 13:11:19,533 [DEBUG] [MainThread] [systray_widget/systray.py:526]: Loading state from C:\Users\Srinath\AppData\Local\YASB\systray_state_ACERTECHNOLOGIESVG271UM32526057A84212.json
2026-08-04 13:11:19,558 [DEBUG] [SystrayMonitor] [systray_widget/systray.py:57]: Systray thread is starting...
2026-08-04 13:11:19,927 [DEBUG] [MainThread] [systray_widget/systray.py:277]: Systray thread started
2026-08-04 13:11:20,129 [DEBUG] [SystrayMonitor] [systray_widget/systray_monitor.py:164]: Adding TaskbandHWND prop to hwnd 132924
2026-08-04 13:11:20,130 [DEBUG] [SystrayMonitor] [systray_widget/systray_monitor.py:242]: Finding real tray hwnd
2026-08-04 13:11:20,139 [DEBUG] [MainThread] [systray_widget/systray_monitor.py:157]: Sending TaskbarCreated message: 49366
2026-08-04 14:03:36,528 [INFO] [MainThread] [root/controller.py:35]: Exiting Application from context menu...
2026-08-04 14:03:36,631 [INFO] [MainThread] [cli_server/cli_server.py:112]: Log pipe server stopped
2026-08-04 14:03:36,631 [DEBUG] [MainThread] [cli_server/cli_server.py:206]: CLI server stopped
2026-08-04 14:03:36,886 [INFO] [MainThread] [root/bar_manager.py:92]: Stopping WindowsNotificationEventListener...
2026-08-04 14:03:36,886 [INFO] [MainThread] [root/bar_manager.py:92]: Stopping KomorebiEventListener...
2026-08-04 14:03:36,886 [INFO] [MainThread] [root/bar_manager.py:92]: Stopping SystemEventListener...
2026-08-04 14:03:36,897 [INFO] [Dummy-6] [root/event_listener.py:92]: Attempting to reconnect to Komorebi...
2026-08-04 14:03:36,898 [DEBUG] [MainThread] [systray_widget/systray.py:504]: Saving state to disk
2026-08-04 14:03:36,899 [DEBUG] [MainThread] [systray_widget/systray.py:508]: Saving state to C:\Users\Srinath\AppData\Local\YASB\systray_state_ACERTECHNOLOGIESVG271UM32526057A84212.json
2026-08-04 14:03:36,901 [DEBUG] [MainThread] [systray_widget/utils.py:96]: Destroying window 132924
2026-08-04 14:03:36,922 [DEBUG] [MainThread] [qasync._windows._EventPoller/_windows.py:220]: Stopping worker thread...
2026-08-04 14:03:36,928 [DEBUG] [Dummy-9] [qasync._windows._EventWorker/_windows.py:204]: Exiting thread
2026-08-04 14:03:36,933 [DEBUG] [MainThread] [qasync._windows._IocpProactor/_windows.py:78]: Closing
2026-08-04 14:03:37,005 [DEBUG] [MainThread] [systray_widget/utils.py:96]: Destroying window 132924
2026-08-04 16:43:01,026 [INFO] [MainThread] [root/log.py:69]: YASB v1.8.5
2026-08-04 16:43:01,027 [INFO] [Thread-1 (_run_server)] [cli_server/cli_server.py:212]: CLI server started v1.1.4
2026-08-04 16:43:01,027 [INFO] [MainThread] [cli_server/cli_server.py:104]: Log pipe server started
2026-08-04 16:43:01,879 [INFO] [MainThread] [root/service.py:48]: AudioOutputService starting...
2026-08-04 16:43:02,485 [INFO] [MainThread] [root/bar_manager.py:85]: Starting WindowsNotificationEventListener...
2026-08-04 16:43:02,486 [INFO] [MainThread] [root/bar_manager.py:85]: Starting KomorebiEventListener...
2026-08-04 16:43:02,487 [INFO] [MainThread] [root/bar_manager.py:85]: Starting SystemEventListener...
2026-08-04 16:43:02,487 [INFO] [MainThread] [root/watcher.py:54]: Created file watcher for path C:\Users\Srinath\.config\yasb
2026-08-04 16:43:02,488 [INFO] [Dummy-6] [root/event_listener.py:51]: Created named pipe yasb-756a86b9-8ff5-11f1-8bed-b48c9d368940
2026-08-04 16:43:02,543 [INFO] [MainThread] [root/update_service.py:404]: Background update checker started
2026-08-04 16:43:02,543 [DEBUG] [MainThread] [qasync._windows._EventPoller/_windows.py:215]: Starting (proactor: <_IocpProactor overlapped#=0 result#=0>)...
2026-08-04 16:43:02,544 [DEBUG] [Dummy-7] [qasync._windows._EventWorker/_windows.py:195]: Thread started
2026-08-04 16:43:02,553 [DEBUG] [MainThread] [systray_widget/systray.py:526]: Loading state from C:\Users\Srinath\AppData\Local\YASB\systray_state_ACERTECHNOLOGIESVG271UM32526057A84212.json
2026-08-04 16:43:02,559 [DEBUG] [SystrayMonitor] [systray_widget/systray.py:57]: Systray thread is starting...
2026-08-04 16:43:02,643 [INFO] [Dummy-6] [root/event_listener.py:125]: Komorebi connected to named pipe: yasb-756a86b9-8ff5-11f1-8bed-b48c9d368940
2026-08-04 16:43:02,806 [DEBUG] [MainThread] [systray_widget/systray.py:277]: Systray thread started
2026-08-04 16:43:03,008 [DEBUG] [SystrayMonitor] [systray_widget/systray_monitor.py:164]: Adding TaskbandHWND prop to hwnd 1312844
2026-08-04 16:43:03,009 [DEBUG] [SystrayMonitor] [systray_widget/systray_monitor.py:242]: Finding real tray hwnd
2026-08-04 16:43:03,019 [DEBUG] [MainThread] [systray_widget/systray_monitor.py:157]: Sending TaskbarCreated message: 49366
2026-08-04 16:44:27,604 [WARNING] [Dummy-6] [root/event_listener.py:82]: Pipe has been ended: (109, 'PeekNamedPipe', 'The pipe has been ended.')
2026-08-04 16:44:27,604 [INFO] [Dummy-6] [root/event_listener.py:92]: Attempting to reconnect to Komorebi...
2026-08-04 16:44:30,605 [INFO] [Dummy-6] [root/event_listener.py:51]: Created named pipe yasb-756a86b9-8ff5-11f1-8bed-b48c9d368940
2026-08-04 17:01:23,794 [ERROR] [MainThread] [root/gpu.py:170]: Error updating shared GPU data: Command '['C:\\WINDOWS\\system32\\nvidia-smi.EXE', '--query-gpu=index,utilization.gpu,memory.total,memory.used,memory.free,temperature.gpu,fan.speed', '--format=csv,noheader,nounits']' timed out after 2 seconds
2026-08-04 17:01:29,026 [INFO] [MainThread] [root/controller.py:35]: Exiting Application from context menu...
2026-08-04 17:01:29,129 [INFO] [MainThread] [cli_server/cli_server.py:112]: Log pipe server stopped
2026-08-04 17:01:29,130 [DEBUG] [MainThread] [cli_server/cli_server.py:206]: CLI server stopped
2026-08-04 17:01:29,226 [INFO] [MainThread] [root/bar_manager.py:92]: Stopping WindowsNotificationEventListener...
2026-08-04 17:01:29,227 [INFO] [MainThread] [root/bar_manager.py:92]: Stopping KomorebiEventListener...
2026-08-04 17:01:29,227 [INFO] [MainThread] [root/bar_manager.py:92]: Stopping SystemEventListener...
2026-08-04 17:01:29,232 [DEBUG] [MainThread] [systray_widget/systray.py:504]: Saving state to disk
2026-08-04 17:01:29,233 [DEBUG] [MainThread] [systray_widget/systray.py:508]: Saving state to C:\Users\Srinath\AppData\Local\YASB\systray_state_ACERTECHNOLOGIESVG271UM32526057A84212.json
2026-08-04 17:01:29,234 [DEBUG] [MainThread] [systray_widget/utils.py:96]: Destroying window 1312844
2026-08-04 17:01:29,239 [DEBUG] [MainThread] [qasync._windows._EventPoller/_windows.py:220]: Stopping worker thread...
2026-08-04 17:01:29,241 [DEBUG] [Dummy-7] [qasync._windows._EventWorker/_windows.py:204]: Exiting thread
2026-08-04 17:01:29,244 [DEBUG] [MainThread] [qasync._windows._IocpProactor/_windows.py:78]: Closing
2026-08-04 17:01:29,260 [DEBUG] [MainThread] [systray_widget/utils.py:96]: Destroying window 1312844
2026-08-05 06:31:34,865 [INFO] [MainThread] [root/log.py:69]: YASB v1.8.5
2026-08-05 06:31:34,867 [INFO] [Thread-1 (_run_server)] [cli_server/cli_server.py:212]: CLI server started v1.1.4
2026-08-05 06:31:34,867 [INFO] [MainThread] [cli_server/cli_server.py:104]: Log pipe server started
2026-08-05 06:31:37,022 [INFO] [MainThread] [root/service.py:48]: AudioOutputService starting...
2026-08-05 06:31:38,524 [INFO] [MainThread] [root/bar_manager.py:85]: Starting WindowsNotificationEventListener...
2026-08-05 06:31:38,525 [INFO] [MainThread] [root/bar_manager.py:85]: Starting KomorebiEventListener...
2026-08-05 06:31:38,525 [INFO] [MainThread] [root/bar_manager.py:85]: Starting SystemEventListener...
2026-08-05 06:31:38,526 [INFO] [MainThread] [root/watcher.py:54]: Created file watcher for path C:\Users\Srinath\.config\yasb
2026-08-05 06:31:38,535 [INFO] [Dummy-6] [root/event_listener.py:51]: Created named pipe yasb-367bf701-9069-11f1-804f-b48c9d368940
2026-08-05 06:31:38,686 [INFO] [MainThread] [root/update_service.py:404]: Background update checker started
2026-08-05 06:31:38,687 [DEBUG] [MainThread] [qasync._windows._EventPoller/_windows.py:215]: Starting (proactor: <_IocpProactor overlapped#=0 result#=0>)...
2026-08-05 06:31:38,719 [DEBUG] [Dummy-9] [qasync._windows._EventWorker/_windows.py:195]: Thread started
2026-08-05 06:31:38,728 [DEBUG] [MainThread] [systray_widget/systray.py:526]: Loading state from C:\Users\Srinath\AppData\Local\YASB\systray_state_MLTDDISPLAY1.json
2026-08-05 06:31:38,746 [DEBUG] [SystrayMonitor] [systray_widget/systray.py:57]: Systray thread is starting...
2026-08-05 06:31:39,118 [DEBUG] [MainThread] [systray_widget/systray.py:277]: Systray thread started
2026-08-05 06:31:39,321 [DEBUG] [SystrayMonitor] [systray_widget/systray_monitor.py:164]: Adding TaskbandHWND prop to hwnd 723104
2026-08-05 06:31:39,322 [DEBUG] [SystrayMonitor] [systray_widget/systray_monitor.py:242]: Finding real tray hwnd
2026-08-05 06:31:39,336 [DEBUG] [MainThread] [systray_widget/systray_monitor.py:157]: Sending TaskbarCreated message: 49366
2026-08-05 07:51:03,111 [INFO] [MainThread] [root/bar.py:154]: Screen geometry changed. Updating position for bar status-bar on screen \\.\DISPLAY1
2026-08-05 08:50:36,957 [ERROR] [MainThread] [root/gpu.py:170]: Error updating shared GPU data: Command '['C:\\WINDOWS\\system32\\nvidia-smi.EXE', '--query-gpu=index,utilization.gpu,memory.total,memory.used,memory.free,temperature.gpu,fan.speed', '--format=csv,noheader,nounits']' timed out after 2 seconds
2026-08-05 08:54:41,700 [ERROR] [MainThread] [wifi_widget/wifi.py:193]: Error in wifi widget update: [Errno 11004] getaddrinfo failed
2026-08-05 09:44:53,780 [INFO] [MainThread] [root/bar.py:154]: Screen geometry changed. Updating position for bar status-bar on screen \\.\DISPLAY1
2026-08-05 09:44:53,814 [INFO] [MainThread] [root/bar.py:154]: Screen geometry changed. Updating position for bar status-bar on screen \\.\DISPLAY1
2026-08-05 09:47:33,809 [INFO] [MainThread] [root/controller.py:35]: Exiting Application from context menu...
2026-08-05 09:47:33,923 [INFO] [MainThread] [cli_server/cli_server.py:112]: Log pipe server stopped
2026-08-05 09:47:33,923 [DEBUG] [MainThread] [cli_server/cli_server.py:206]: CLI server stopped
2026-08-05 09:47:34,255 [INFO] [MainThread] [root/bar_manager.py:92]: Stopping WindowsNotificationEventListener...
2026-08-05 09:47:34,256 [INFO] [MainThread] [root/bar_manager.py:92]: Stopping KomorebiEventListener...
2026-08-05 09:47:34,256 [INFO] [MainThread] [root/bar_manager.py:92]: Stopping SystemEventListener...
2026-08-05 09:47:34,266 [DEBUG] [MainThread] [systray_widget/systray.py:504]: Saving state to disk
2026-08-05 09:47:34,267 [DEBUG] [MainThread] [systray_widget/systray.py:508]: Saving state to C:\Users\Srinath\AppData\Local\YASB\systray_state_MLTDDISPLAY1.json
2026-08-05 09:47:34,269 [DEBUG] [MainThread] [systray_widget/utils.py:96]: Destroying window 723104
2026-08-05 09:47:34,292 [DEBUG] [MainThread] [qasync._windows._EventPoller/_windows.py:220]: Stopping worker thread...
2026-08-05 09:47:34,297 [DEBUG] [Dummy-9] [qasync._windows._EventWorker/_windows.py:204]: Exiting thread
2026-08-05 09:47:34,303 [DEBUG] [MainThread] [qasync._windows._IocpProactor/_windows.py:78]: Closing
2026-08-05 09:47:34,356 [DEBUG] [MainThread] [systray_widget/utils.py:96]: Destroying window 723104
2026-08-05 19:05:55,610 [INFO] [MainThread] [root/log.py:69]: YASB v1.8.5
2026-08-05 19:05:55,611 [INFO] [Thread-1 (_run_server)] [cli_server/cli_server.py:212]: CLI server started v1.1.4
2026-08-05 19:05:55,612 [INFO] [MainThread] [cli_server/cli_server.py:104]: Log pipe server started
2026-08-05 19:05:57,559 [INFO] [MainThread] [root/service.py:48]: AudioOutputService starting...
2026-08-05 19:05:59,527 [INFO] [MainThread] [root/bar_manager.py:85]: Starting WindowsNotificationEventListener...
2026-08-05 19:05:59,528 [INFO] [MainThread] [root/bar_manager.py:85]: Starting KomorebiEventListener...
2026-08-05 19:05:59,528 [INFO] [MainThread] [root/bar_manager.py:85]: Starting SystemEventListener...
2026-08-05 19:05:59,529 [INFO] [MainThread] [root/watcher.py:54]: Created file watcher for path C:\Users\Srinath\.config\yasb
2026-08-05 19:05:59,530 [INFO] [Dummy-6] [root/event_listener.py:51]: Created named pipe yasb-9824eca5-90d2-11f1-b86b-b48c9d368940
2026-08-05 19:05:59,693 [INFO] [MainThread] [root/update_service.py:404]: Background update checker started
2026-08-05 19:05:59,693 [DEBUG] [MainThread] [qasync._windows._EventPoller/_windows.py:215]: Starting (proactor: <_IocpProactor overlapped#=0 result#=0>)...
2026-08-05 19:05:59,695 [DEBUG] [Dummy-9] [qasync._windows._EventWorker/_windows.py:195]: Thread started
2026-08-05 19:05:59,700 [DEBUG] [MainThread] [systray_widget/systray.py:526]: Loading state from C:\Users\Srinath\AppData\Local\YASB\systray_state_MLTDDISPLAY1.json
2026-08-05 19:05:59,737 [DEBUG] [SystrayMonitor] [systray_widget/systray.py:57]: Systray thread is starting...
2026-08-05 19:06:00,097 [DEBUG] [MainThread] [systray_widget/systray.py:277]: Systray thread started
2026-08-05 19:06:00,299 [DEBUG] [SystrayMonitor] [systray_widget/systray_monitor.py:164]: Adding TaskbandHWND prop to hwnd 66994
2026-08-05 19:06:00,306 [DEBUG] [SystrayMonitor] [systray_widget/systray_monitor.py:242]: Finding real tray hwnd
2026-08-05 19:06:00,310 [DEBUG] [MainThread] [systray_widget/systray_monitor.py:157]: Sending TaskbarCreated message: 49366
2026-08-05 19:06:00,368 [ERROR] [UpdateChecker] [root/update_service.py:271]: GitHub API HTTP error: 403 rate limit exceeded
2026-08-05 19:06:00,368 [WARNING] [UpdateChecker] [root/update_service.py:400]: Background update check failed: HTTP Error 403: rate limit exceeded
2026-08-05 19:06:31,103 [INFO] [Dummy-6] [root/event_listener.py:125]: Komorebi connected to named pipe: yasb-9824eca5-90d2-11f1-b86b-b48c9d368940
2026-08-05 19:06:50,316 [ERROR] [SystrayMonitor] [root/app_icons.py:282]: GetIconInfo failed: 0
2026-08-05 21:27:08,615 [INFO] [MainThread] [root/controller.py:35]: Exiting Application...
2026-08-05 21:27:08,717 [INFO] [MainThread] [cli_server/cli_server.py:112]: Log pipe server stopped
2026-08-05 21:27:08,718 [DEBUG] [MainThread] [cli_server/cli_server.py:206]: CLI server stopped
2026-08-05 21:27:08,847 [INFO] [MainThread] [root/bar_manager.py:92]: Stopping WindowsNotificationEventListener...
2026-08-05 21:27:08,847 [INFO] [MainThread] [root/bar_manager.py:92]: Stopping KomorebiEventListener...
2026-08-05 21:27:08,847 [INFO] [MainThread] [root/bar_manager.py:92]: Stopping SystemEventListener...
2026-08-05 21:27:08,853 [DEBUG] [MainThread] [systray_widget/systray.py:504]: Saving state to disk
2026-08-05 21:27:08,853 [DEBUG] [MainThread] [systray_widget/systray.py:508]: Saving state to C:\Users\Srinath\AppData\Local\YASB\systray_state_MLTDDISPLAY1.json
2026-08-05 21:27:08,855 [DEBUG] [MainThread] [systray_widget/utils.py:96]: Destroying window 66994
2026-08-05 21:27:08,895 [INFO] [Dummy-6] [root/event_listener.py:92]: Attempting to reconnect to Komorebi...
2026-08-05 21:27:08,910 [DEBUG] [MainThread] [qasync._windows._EventPoller/_windows.py:220]: Stopping worker thread...
2026-08-05 21:27:08,923 [DEBUG] [Dummy-9] [qasync._windows._EventWorker/_windows.py:204]: Exiting thread
2026-08-05 21:27:08,931 [DEBUG] [MainThread] [qasync._windows._IocpProactor/_windows.py:78]: Closing
2026-08-05 21:27:09,011 [DEBUG] [MainThread] [systray_widget/utils.py:96]: Destroying window 66994
2026-08-05 22:32:07,286 [INFO] [MainThread] [root/log.py:69]: YASB v1.8.5
2026-08-05 22:32:07,288 [INFO] [Thread-1 (_run_server)] [cli_server/cli_server.py:212]: CLI server started v1.1.4
2026-08-05 22:32:07,288 [INFO] [MainThread] [cli_server/cli_server.py:104]: Log pipe server started
2026-08-05 22:32:09,230 [INFO] [MainThread] [root/service.py:48]: AudioOutputService starting...
2026-08-05 22:32:10,719 [INFO] [MainThread] [root/bar_manager.py:85]: Starting WindowsNotificationEventListener...
2026-08-05 22:32:10,721 [INFO] [MainThread] [root/bar_manager.py:85]: Starting SystemEventListener...
2026-08-05 22:32:10,721 [INFO] [MainThread] [root/bar_manager.py:85]: Starting KomorebiEventListener...
2026-08-05 22:32:10,724 [INFO] [Dummy-4] [root/event_listener.py:51]: Created named pipe yasb-65f34af4-90ef-11f1-8d09-b48c9d368940
2026-08-05 22:32:10,725 [INFO] [MainThread] [root/watcher.py:54]: Created file watcher for path C:\Users\Srinath\.config\yasb
2026-08-05 22:32:10,897 [INFO] [MainThread] [root/update_service.py:404]: Background update checker started
2026-08-05 22:32:10,897 [DEBUG] [MainThread] [qasync._windows._EventPoller/_windows.py:215]: Starting (proactor: <_IocpProactor overlapped#=0 result#=0>)...
2026-08-05 22:32:10,931 [DEBUG] [Dummy-9] [qasync._windows._EventWorker/_windows.py:195]: Thread started
2026-08-05 22:32:10,943 [DEBUG] [MainThread] [systray_widget/systray.py:526]: Loading state from C:\Users\Srinath\AppData\Local\YASB\systray_state_ACERTECHNOLOGIESVG271UM32526057A84212.json
2026-08-05 22:32:10,955 [DEBUG] [SystrayMonitor] [systray_widget/systray.py:57]: Systray thread is starting...
2026-08-05 22:32:11,351 [DEBUG] [SystrayMonitor] [systray_widget/systray_monitor.py:242]: Finding real tray hwnd
2026-08-05 22:32:11,402 [DEBUG] [MainThread] [systray_widget/systray.py:277]: Systray thread started
2026-08-05 22:32:11,604 [DEBUG] [SystrayMonitor] [systray_widget/systray_monitor.py:164]: Adding TaskbandHWND prop to hwnd 66972
2026-08-05 22:32:11,612 [DEBUG] [MainThread] [systray_widget/systray_monitor.py:157]: Sending TaskbarCreated message: 49367
2026-08-05 23:10:25,014 [ERROR] [MainThread] [root/gpu.py:170]: Error updating shared GPU data: Command '['C:\\WINDOWS\\system32\\nvidia-smi.EXE', '--query-gpu=index,utilization.gpu,memory.total,memory.used,memory.free,temperature.gpu,fan.speed', '--format=csv,noheader,nounits']' timed out after 2 seconds
2026-08-05 23:13:33,580 [INFO] [MainThread] [root/controller.py:35]: Exiting Application from context menu...
2026-08-05 23:13:33,689 [INFO] [MainThread] [cli_server/cli_server.py:112]: Log pipe server stopped
2026-08-05 23:13:33,690 [DEBUG] [MainThread] [cli_server/cli_server.py:206]: CLI server stopped
2026-08-05 23:13:33,994 [INFO] [MainThread] [root/bar_manager.py:92]: Stopping WindowsNotificationEventListener...
2026-08-05 23:13:33,995 [INFO] [MainThread] [root/bar_manager.py:92]: Stopping SystemEventListener...
2026-08-05 23:13:33,995 [INFO] [MainThread] [root/bar_manager.py:92]: Stopping KomorebiEventListener...
2026-08-05 23:13:34,004 [DEBUG] [MainThread] [systray_widget/systray.py:504]: Saving state to disk
2026-08-05 23:13:34,005 [DEBUG] [MainThread] [systray_widget/systray.py:508]: Saving state to C:\Users\Srinath\AppData\Local\YASB\systray_state_ACERTECHNOLOGIESVG271UM32526057A84212.json
2026-08-05 23:13:34,023 [DEBUG] [MainThread] [systray_widget/utils.py:96]: Destroying window 66972
2026-08-05 23:13:34,039 [DEBUG] [MainThread] [qasync._windows._EventPoller/_windows.py:220]: Stopping worker thread...
2026-08-05 23:13:34,049 [DEBUG] [Dummy-9] [qasync._windows._EventWorker/_windows.py:204]: Exiting thread
2026-08-05 23:13:34,052 [DEBUG] [MainThread] [qasync._windows._IocpProactor/_windows.py:78]: Closing
2026-08-05 23:13:34,075 [DEBUG] [MainThread] [systray_widget/utils.py:96]: Destroying window 66972
2026-08-06 09:04:47,122 [INFO] [MainThread] [root/log.py:69]: YASB v1.8.5
2026-08-06 09:04:47,124 [INFO] [Thread-1 (_run_server)] [cli_server/cli_server.py:212]: CLI server started v1.1.4
2026-08-06 09:04:47,125 [INFO] [MainThread] [cli_server/cli_server.py:104]: Log pipe server started
2026-08-06 09:04:49,107 [INFO] [MainThread] [root/service.py:48]: AudioOutputService starting...
2026-08-06 09:04:50,227 [INFO] [MainThread] [root/bar_manager.py:85]: Starting WindowsNotificationEventListener...
2026-08-06 09:04:50,228 [INFO] [MainThread] [root/bar_manager.py:85]: Starting KomorebiEventListener...
2026-08-06 09:04:50,228 [INFO] [MainThread] [root/bar_manager.py:85]: Starting SystemEventListener...
2026-08-06 09:04:50,229 [INFO] [MainThread] [root/watcher.py:54]: Created file watcher for path C:\Users\Srinath\.config\yasb
2026-08-06 09:04:50,230 [INFO] [Dummy-6] [root/event_listener.py:51]: Created named pipe yasb-c79447b0-9147-11f1-a3a5-b48c9d368940
2026-08-06 09:04:50,369 [INFO] [MainThread] [root/update_service.py:404]: Background update checker started
2026-08-06 09:04:50,369 [DEBUG] [MainThread] [qasync._windows._EventPoller/_windows.py:215]: Starting (proactor: <_IocpProactor overlapped#=0 result#=0>)...
2026-08-06 09:04:50,371 [DEBUG] [Dummy-9] [qasync._windows._EventWorker/_windows.py:195]: Thread started
2026-08-06 09:04:50,373 [DEBUG] [MainThread] [systray_widget/systray.py:526]: Loading state from C:\Users\Srinath\AppData\Local\YASB\systray_state_ACERTECHNOLOGIESVG271UM32526057A84212.json
2026-08-06 09:04:50,411 [DEBUG] [SystrayMonitor] [systray_widget/systray.py:57]: Systray thread is starting...
2026-08-06 09:04:50,676 [DEBUG] [MainThread] [systray_widget/systray.py:277]: Systray thread started
2026-08-06 09:04:51,008 [DEBUG] [SystrayMonitor] [systray_widget/systray_monitor.py:164]: Adding TaskbandHWND prop to hwnd 66886
2026-08-06 09:04:51,014 [DEBUG] [SystrayMonitor] [systray_widget/systray_monitor.py:242]: Finding real tray hwnd
2026-08-06 09:04:51,019 [DEBUG] [MainThread] [systray_widget/systray_monitor.py:157]: Sending TaskbarCreated message: 49366
2026-08-06 09:44:08,894 [ERROR] [MainThread] [root/gpu.py:170]: Error updating shared GPU data: Command '['C:\\WINDOWS\\system32\\nvidia-smi.EXE', '--query-gpu=index,utilization.gpu,memory.total,memory.used,memory.free,temperature.gpu,fan.speed', '--format=csv,noheader,nounits']' timed out after 2 seconds
2026-08-06 10:02:29,164 [INFO] [MainThread] [root/controller.py:35]: Exiting Application from context menu...
2026-08-06 10:02:29,269 [INFO] [MainThread] [cli_server/cli_server.py:112]: Log pipe server stopped
2026-08-06 10:02:29,270 [DEBUG] [MainThread] [cli_server/cli_server.py:206]: CLI server stopped
2026-08-06 10:02:29,367 [INFO] [MainThread] [root/bar_manager.py:92]: Stopping WindowsNotificationEventListener...
2026-08-06 10:02:29,368 [INFO] [MainThread] [root/bar_manager.py:92]: Stopping KomorebiEventListener...
2026-08-06 10:02:29,369 [INFO] [MainThread] [root/bar_manager.py:92]: Stopping SystemEventListener...
2026-08-06 10:02:29,376 [DEBUG] [MainThread] [systray_widget/systray.py:504]: Saving state to disk
2026-08-06 10:02:29,376 [DEBUG] [MainThread] [systray_widget/systray.py:508]: Saving state to C:\Users\Srinath\AppData\Local\YASB\systray_state_ACERTECHNOLOGIESVG271UM32526057A84212.json
2026-08-06 10:02:29,390 [DEBUG] [MainThread] [systray_widget/utils.py:96]: Destroying window 66886
2026-08-06 10:02:29,405 [DEBUG] [MainThread] [qasync._windows._EventPoller/_windows.py:220]: Stopping worker thread...
2026-08-06 10:02:29,411 [DEBUG] [Dummy-9] [qasync._windows._EventWorker/_windows.py:204]: Exiting thread
2026-08-06 10:02:29,441 [DEBUG] [MainThread] [qasync._windows._IocpProactor/_windows.py:78]: Closing
2026-08-06 10:02:29,597 [DEBUG] [MainThread] [systray_widget/utils.py:96]: Destroying window 66886
2026-08-06 11:02:14,836 [INFO] [MainThread] [root/log.py:69]: YASB v1.8.5
2026-08-06 11:02:14,837 [INFO] [Thread-1 (_run_server)] [cli_server/cli_server.py:212]: CLI server started v1.1.4
2026-08-06 11:02:14,837 [INFO] [MainThread] [cli_server/cli_server.py:104]: Log pipe server started
2026-08-06 11:02:16,304 [INFO] [MainThread] [root/service.py:48]: AudioOutputService starting...
2026-08-06 11:02:17,898 [INFO] [MainThread] [root/bar_manager.py:85]: Starting SystemEventListener...
2026-08-06 11:02:17,898 [INFO] [MainThread] [root/bar_manager.py:85]: Starting KomorebiEventListener...
2026-08-06 11:02:17,899 [INFO] [MainThread] [root/bar_manager.py:85]: Starting WindowsNotificationEventListener...
2026-08-06 11:02:17,899 [INFO] [Dummy-4] [root/event_listener.py:51]: Created named pipe yasb-30517424-9158-11f1-9f2a-b48c9d368940
2026-08-06 11:02:17,901 [INFO] [MainThread] [root/watcher.py:54]: Created file watcher for path C:\Users\Srinath\.config\yasb
2026-08-06 11:02:18,065 [INFO] [MainThread] [root/update_service.py:404]: Background update checker started
2026-08-06 11:02:18,065 [DEBUG] [MainThread] [qasync._windows._EventPoller/_windows.py:215]: Starting (proactor: <_IocpProactor overlapped#=0 result#=0>)...
2026-08-06 11:02:18,094 [DEBUG] [Dummy-9] [qasync._windows._EventWorker/_windows.py:195]: Thread started
2026-08-06 11:02:18,100 [DEBUG] [MainThread] [systray_widget/systray.py:526]: Loading state from C:\Users\Srinath\AppData\Local\YASB\systray_state_ACERTECHNOLOGIESVG271UM32526057A84212.json
2026-08-06 11:02:18,105 [DEBUG] [SystrayMonitor] [systray_widget/systray.py:57]: Systray thread is starting...
2026-08-06 11:02:18,426 [DEBUG] [MainThread] [systray_widget/systray.py:277]: Systray thread started
2026-08-06 11:02:18,628 [DEBUG] [SystrayMonitor] [systray_widget/systray_monitor.py:164]: Adding TaskbandHWND prop to hwnd 197988
2026-08-06 11:02:18,629 [DEBUG] [SystrayMonitor] [systray_widget/systray_monitor.py:242]: Finding real tray hwnd
2026-08-06 11:02:18,636 [DEBUG] [MainThread] [systray_widget/systray_monitor.py:157]: Sending TaskbarCreated message: 49366
2026-08-06 11:02:38,580 [INFO] [Dummy-4] [root/event_listener.py:125]: Komorebi connected to named pipe: yasb-30517424-9158-11f1-9f2a-b48c9d368940
2026-08-06 11:22:54,384 [INFO] [MainThread] [root/controller.py:35]: Exiting Application...
2026-08-06 11:22:54,487 [INFO] [MainThread] [cli_server/cli_server.py:112]: Log pipe server stopped
2026-08-06 11:22:54,487 [DEBUG] [MainThread] [cli_server/cli_server.py:206]: CLI server stopped
2026-08-06 11:22:54,624 [INFO] [MainThread] [root/bar_manager.py:92]: Stopping SystemEventListener...
2026-08-06 11:22:54,624 [INFO] [MainThread] [root/bar_manager.py:92]: Stopping KomorebiEventListener...
2026-08-06 11:22:54,625 [INFO] [MainThread] [root/bar_manager.py:92]: Stopping WindowsNotificationEventListener...
2026-08-06 11:22:54,632 [DEBUG] [MainThread] [systray_widget/systray.py:504]: Saving state to disk
2026-08-06 11:22:54,632 [DEBUG] [MainThread] [systray_widget/systray.py:508]: Saving state to C:\Users\Srinath\AppData\Local\YASB\systray_state_ACERTECHNOLOGIESVG271UM32526057A84212.json
2026-08-06 11:22:54,635 [DEBUG] [MainThread] [systray_widget/utils.py:96]: Destroying window 197988
2026-08-06 11:22:54,640 [INFO] [Dummy-4] [root/event_listener.py:92]: Attempting to reconnect to Komorebi...
2026-08-06 11:22:54,705 [DEBUG] [MainThread] [qasync._windows._EventPoller/_windows.py:220]: Stopping worker thread...
2026-08-06 11:22:54,706 [DEBUG] [Dummy-9] [qasync._windows._EventWorker/_windows.py:204]: Exiting thread
2026-08-06 11:22:54,718 [DEBUG] [MainThread] [qasync._windows._IocpProactor/_windows.py:78]: Closing
2026-08-06 11:22:54,810 [DEBUG] [MainThread] [systray_widget/utils.py:96]: Destroying window 197988
2026-08-06 11:45:50,657 [INFO] [MainThread] [root/log.py:69]: YASB v1.8.5
2026-08-06 11:45:50,659 [INFO] [Thread-1 (_run_server)] [cli_server/cli_server.py:212]: CLI server started v1.1.4
2026-08-06 11:45:50,659 [INFO] [MainThread] [cli_server/cli_server.py:104]: Log pipe server started
2026-08-06 11:45:52,399 [INFO] [MainThread] [root/service.py:48]: AudioOutputService starting...
2026-08-06 11:45:53,692 [INFO] [MainThread] [root/bar_manager.py:85]: Starting KomorebiEventListener...
2026-08-06 11:45:53,693 [INFO] [MainThread] [root/bar_manager.py:85]: Starting WindowsNotificationEventListener...
2026-08-06 11:45:53,694 [INFO] [Dummy-4] [root/event_listener.py:51]: Created named pipe yasb-4773f7b4-915e-11f1-9044-b48c9d368940
2026-08-06 11:45:53,695 [INFO] [MainThread] [root/bar_manager.py:85]: Starting SystemEventListener...
2026-08-06 11:45:53,696 [INFO] [MainThread] [root/watcher.py:54]: Created file watcher for path C:\Users\Srinath\.config\yasb
2026-08-06 11:45:53,985 [INFO] [MainThread] [root/update_service.py:404]: Background update checker started
2026-08-06 11:45:53,985 [DEBUG] [MainThread] [qasync._windows._EventPoller/_windows.py:215]: Starting (proactor: <_IocpProactor overlapped#=0 result#=0>)...
2026-08-06 11:45:54,015 [DEBUG] [Dummy-9] [qasync._windows._EventWorker/_windows.py:195]: Thread started
2026-08-06 11:45:54,017 [DEBUG] [MainThread] [systray_widget/systray.py:526]: Loading state from C:\Users\Srinath\AppData\Local\YASB\systray_state_ACERTECHNOLOGIESVG271UM32526057A84212.json
2026-08-06 11:45:54,032 [DEBUG] [SystrayMonitor] [systray_widget/systray.py:57]: Systray thread is starting...
2026-08-06 11:45:54,419 [DEBUG] [MainThread] [systray_widget/systray.py:277]: Systray thread started
2026-08-06 11:45:54,620 [DEBUG] [SystrayMonitor] [systray_widget/systray_monitor.py:164]: Adding TaskbandHWND prop to hwnd 66862
2026-08-06 11:45:54,627 [DEBUG] [SystrayMonitor] [systray_widget/systray_monitor.py:242]: Finding real tray hwnd
2026-08-06 11:45:54,651 [DEBUG] [MainThread] [systray_widget/systray_monitor.py:157]: Sending TaskbarCreated message: 49366
2026-08-06 11:46:26,067 [INFO] [Dummy-4] [root/event_listener.py:125]: Komorebi connected to named pipe: yasb-4773f7b4-915e-11f1-9044-b48c9d368940
2026-08-06 11:46:28,544 [WARNING] [Dummy-4] [root/event_listener.py:82]: Pipe has been ended: (109, 'PeekNamedPipe', 'The pipe has been ended.')
2026-08-06 11:46:28,544 [INFO] [Dummy-4] [root/event_listener.py:92]: Attempting to reconnect to Komorebi...
2026-08-06 11:46:31,545 [INFO] [Dummy-4] [root/event_listener.py:51]: Created named pipe yasb-4773f7b4-915e-11f1-9044-b48c9d368940
2026-08-06 11:46:41,809 [INFO] [Dummy-4] [root/event_listener.py:125]: Komorebi connected to named pipe: yasb-4773f7b4-915e-11f1-9044-b48c9d368940
2026-08-06 11:57:25,789 [ERROR] [SystrayMonitor] [root/app_icons.py:282]: GetIconInfo failed: 0
2026-08-06 14:37:01,478 [ERROR] [MainThread] [wifi_widget/wifi.py:193]: Error in wifi widget update: [Errno 11004] getaddrinfo failed
2026-08-06 15:09:42,950 [ERROR] [MainThread] [root/gpu.py:170]: Error updating shared GPU data: Command '['C:\\WINDOWS\\system32\\nvidia-smi.EXE', '--query-gpu=index,utilization.gpu,memory.total,memory.used,memory.free,temperature.gpu,fan.speed', '--format=csv,noheader,nounits']' timed out after 2 seconds
2026-08-06 15:09:49,970 [INFO] [MainThread] [root/bar.py:154]: Screen geometry changed. Updating position for bar status-bar on screen VG271U M3
2026-08-06 15:09:49,971 [INFO] [MainThread] [root/bar.py:154]: Screen geometry changed. Updating position for bar status-bar on screen VG271U M3
2026-08-06 15:46:20,241 [INFO] [MainThread] [root/controller.py:35]: Exiting Application...
2026-08-06 15:46:20,344 [INFO] [MainThread] [cli_server/cli_server.py:112]: Log pipe server stopped
2026-08-06 15:46:20,344 [DEBUG] [MainThread] [cli_server/cli_server.py:206]: CLI server stopped
2026-08-06 15:46:20,572 [INFO] [MainThread] [root/bar_manager.py:92]: Stopping KomorebiEventListener...
2026-08-06 15:46:20,572 [INFO] [MainThread] [root/bar_manager.py:92]: Stopping WindowsNotificationEventListener...
2026-08-06 15:46:20,572 [INFO] [MainThread] [root/bar_manager.py:92]: Stopping SystemEventListener...
2026-08-06 15:46:20,589 [DEBUG] [MainThread] [systray_widget/systray.py:504]: Saving state to disk
2026-08-06 15:46:20,590 [DEBUG] [MainThread] [systray_widget/systray.py:508]: Saving state to C:\Users\Srinath\AppData\Local\YASB\systray_state_ACERTECHNOLOGIESVG271UM32526057A84212.json
2026-08-06 15:46:20,593 [INFO] [Dummy-4] [root/event_listener.py:92]: Attempting to reconnect to Komorebi...
2026-08-06 15:46:20,606 [DEBUG] [MainThread] [systray_widget/utils.py:96]: Destroying window 66862
2026-08-06 15:46:20,639 [DEBUG] [MainThread] [qasync._windows._EventPoller/_windows.py:220]: Stopping worker thread...
2026-08-06 15:46:20,653 [DEBUG] [Dummy-9] [qasync._windows._EventWorker/_windows.py:204]: Exiting thread
2026-08-06 15:46:20,659 [DEBUG] [MainThread] [qasync._windows._IocpProactor/_windows.py:78]: Closing
2026-08-06 15:46:20,776 [DEBUG] [MainThread] [systray_widget/utils.py:96]: Destroying window 66862
2026-08-06 17:13:32,747 [INFO] [MainThread] [root/log.py:69]: YASB v1.8.5
2026-08-06 17:13:32,749 [INFO] [Thread-1 (_run_server)] [cli_server/cli_server.py:212]: CLI server started v1.1.4
2026-08-06 17:13:32,749 [INFO] [MainThread] [cli_server/cli_server.py:104]: Log pipe server started
2026-08-06 17:13:34,547 [INFO] [MainThread] [root/service.py:48]: AudioOutputService starting...
2026-08-06 17:13:36,036 [INFO] [MainThread] [root/bar_manager.py:85]: Starting KomorebiEventListener...
2026-08-06 17:13:36,036 [INFO] [MainThread] [root/bar_manager.py:85]: Starting SystemEventListener...
2026-08-06 17:13:36,036 [INFO] [MainThread] [root/bar_manager.py:85]: Starting WindowsNotificationEventListener...
2026-08-06 17:13:36,037 [INFO] [Dummy-4] [root/event_listener.py:51]: Created named pipe yasb-0f1f7209-918c-11f1-95d9-b48c9d368940
2026-08-06 17:13:36,039 [INFO] [MainThread] [root/watcher.py:54]: Created file watcher for path C:\Users\Srinath\.config\yasb
2026-08-06 17:13:36,242 [INFO] [MainThread] [root/update_service.py:404]: Background update checker started
2026-08-06 17:13:36,243 [DEBUG] [MainThread] [qasync._windows._EventPoller/_windows.py:215]: Starting (proactor: <_IocpProactor overlapped#=0 result#=0>)...
2026-08-06 17:13:36,285 [DEBUG] [Dummy-9] [qasync._windows._EventWorker/_windows.py:195]: Thread started
2026-08-06 17:13:36,301 [DEBUG] [MainThread] [systray_widget/systray.py:526]: Loading state from C:\Users\Srinath\AppData\Local\YASB\systray_state_ACERTECHNOLOGIESVG271UM32526057A84212.json
2026-08-06 17:13:36,318 [DEBUG] [SystrayMonitor] [systray_widget/systray.py:57]: Systray thread is starting...
2026-08-06 17:13:36,726 [WARNING] [UpdateChecker] [root/update_service.py:274]: Network error checking for updates: [Errno 11001] getaddrinfo failed
2026-08-06 17:13:36,726 [WARNING] [UpdateChecker] [root/update_service.py:400]: Background update check failed: <urlopen error [Errno 11001] getaddrinfo failed>
2026-08-06 17:13:36,741 [DEBUG] [MainThread] [systray_widget/systray.py:277]: Systray thread started
2026-08-06 17:13:36,943 [DEBUG] [SystrayMonitor] [systray_widget/systray_monitor.py:164]: Adding TaskbandHWND prop to hwnd 66986
2026-08-06 17:13:36,949 [DEBUG] [SystrayMonitor] [systray_widget/systray_monitor.py:242]: Finding real tray hwnd
2026-08-06 17:13:36,954 [DEBUG] [MainThread] [systray_widget/systray_monitor.py:157]: Sending TaskbarCreated message: 49367
2026-08-06 17:22:55,246 [INFO] [Dummy-4] [root/event_listener.py:125]: Komorebi connected to named pipe: yasb-0f1f7209-918c-11f1-95d9-b48c9d368940
2026-08-06 17:23:07,833 [WARNING] [Dummy-4] [root/event_listener.py:82]: Pipe has been ended: (109, 'PeekNamedPipe', 'The pipe has been ended.')
2026-08-06 17:23:07,833 [INFO] [Dummy-4] [root/event_listener.py:92]: Attempting to reconnect to Komorebi...
2026-08-06 17:23:10,835 [INFO] [Dummy-4] [root/event_listener.py:51]: Created named pipe yasb-0f1f7209-918c-11f1-95d9-b48c9d368940
2026-08-06 17:23:10,903 [INFO] [Dummy-4] [root/event_listener.py:125]: Komorebi connected to named pipe: yasb-0f1f7209-918c-11f1-95d9-b48c9d368940
2026-08-07 01:09:42,985 [ERROR] [MainThread] [wifi_widget/wifi.py:193]: Error in wifi widget update: [Errno 11004] getaddrinfo failed
2026-08-07 01:38:40,177 [ERROR] [MainThread] [root/gpu.py:170]: Error updating shared GPU data: Command '['C:\\WINDOWS\\system32\\nvidia-smi.EXE', '--query-gpu=index,utilization.gpu,memory.total,memory.used,memory.free,temperature.gpu,fan.speed', '--format=csv,noheader,nounits']' timed out after 2 seconds
2026-08-07 07:55:25,352 [INFO] [MainThread] [root/bar.py:154]: Screen geometry changed. Updating position for bar status-bar on screen VG271U M3
2026-08-07 07:55:25,355 [INFO] [MainThread] [root/bar.py:154]: Screen geometry changed. Updating position for bar status-bar on screen VG271U M3
2026-08-07 08:10:40,945 [ERROR] [SystrayMonitor] [root/app_icons.py:282]: GetIconInfo failed: 0
2026-08-07 10:16:28,152 [WARNING] [Dummy-4] [root/event_listener.py:82]: Pipe has been ended: (109, 'PeekNamedPipe', 'The pipe has been ended.')
2026-08-07 10:16:28,153 [INFO] [Dummy-4] [root/event_listener.py:92]: Attempting to reconnect to Komorebi...
2026-08-07 10:16:31,160 [INFO] [Dummy-4] [root/event_listener.py:51]: Created named pipe yasb-0f1f7209-918c-11f1-95d9-b48c9d368940
2026-08-07 11:16:01,151 [INFO] [MainThread] [root/controller.py:35]: Exiting Application from context menu...
2026-08-07 11:16:01,267 [INFO] [MainThread] [cli_server/cli_server.py:112]: Log pipe server stopped
2026-08-07 11:16:01,267 [DEBUG] [MainThread] [cli_server/cli_server.py:206]: CLI server stopped
2026-08-07 11:16:01,678 [INFO] [MainThread] [root/bar_manager.py:92]: Stopping KomorebiEventListener...
2026-08-07 11:16:01,678 [INFO] [MainThread] [root/bar_manager.py:92]: Stopping SystemEventListener...
2026-08-07 11:16:01,678 [INFO] [MainThread] [root/bar_manager.py:92]: Stopping WindowsNotificationEventListener...
2026-08-07 11:16:01,687 [DEBUG] [MainThread] [systray_widget/systray.py:504]: Saving state to disk
2026-08-07 11:16:01,687 [DEBUG] [MainThread] [systray_widget/systray.py:508]: Saving state to C:\Users\Srinath\AppData\Local\YASB\systray_state_ACERTECHNOLOGIESVG271UM32526057A84212.json
2026-08-07 11:16:01,704 [DEBUG] [MainThread] [systray_widget/utils.py:96]: Destroying window 66986
2026-08-07 11:16:01,720 [DEBUG] [MainThread] [qasync._windows._EventPoller/_windows.py:220]: Stopping worker thread...
2026-08-07 11:16:01,733 [DEBUG] [Dummy-9] [qasync._windows._EventWorker/_windows.py:204]: Exiting thread
2026-08-07 11:16:01,739 [DEBUG] [MainThread] [qasync._windows._IocpProactor/_windows.py:78]: Closing
2026-08-07 11:16:01,784 [DEBUG] [MainThread] [systray_widget/utils.py:96]: Destroying window 66986
2026-08-07 12:30:49,738 [INFO] [MainThread] [root/log.py:69]: YASB v1.8.5
2026-08-07 12:30:49,740 [INFO] [Thread-1 (_run_server)] [cli_server/cli_server.py:212]: CLI server started v1.1.4
2026-08-07 12:30:49,740 [INFO] [MainThread] [cli_server/cli_server.py:104]: Log pipe server started
2026-08-07 12:30:52,064 [INFO] [MainThread] [root/service.py:48]: AudioOutputService starting...
2026-08-07 12:30:54,297 [INFO] [MainThread] [root/bar_manager.py:85]: Starting KomorebiEventListener...
2026-08-07 12:30:54,297 [INFO] [MainThread] [root/bar_manager.py:85]: Starting SystemEventListener...
2026-08-07 12:30:54,297 [INFO] [MainThread] [root/bar_manager.py:85]: Starting WindowsNotificationEventListener...
2026-08-07 12:30:54,298 [INFO] [Dummy-4] [root/event_listener.py:51]: Created named pipe yasb-bb8d3b96-922d-11f1-9e61-b48c9d368940
2026-08-07 12:30:54,300 [INFO] [MainThread] [root/watcher.py:54]: Created file watcher for path C:\Users\Srinath\.config\yasb
2026-08-07 12:30:54,448 [INFO] [MainThread] [root/update_service.py:404]: Background update checker started
2026-08-07 12:30:54,448 [DEBUG] [MainThread] [qasync._windows._EventPoller/_windows.py:215]: Starting (proactor: <_IocpProactor overlapped#=0 result#=0>)...
2026-08-07 12:30:54,449 [DEBUG] [Dummy-9] [qasync._windows._EventWorker/_windows.py:195]: Thread started
2026-08-07 12:30:54,457 [DEBUG] [MainThread] [systray_widget/systray.py:526]: Loading state from C:\Users\Srinath\AppData\Local\YASB\systray_state_ACERTECHNOLOGIESVG271UM32526057A84212.json
2026-08-07 12:30:54,479 [DEBUG] [SystrayMonitor] [systray_widget/systray.py:57]: Systray thread is starting...
2026-08-07 12:30:54,828 [DEBUG] [MainThread] [systray_widget/systray.py:277]: Systray thread started
2026-08-07 12:30:55,029 [DEBUG] [SystrayMonitor] [systray_widget/systray_monitor.py:164]: Adding TaskbandHWND prop to hwnd 9437434
2026-08-07 12:30:55,030 [DEBUG] [SystrayMonitor] [systray_widget/systray_monitor.py:242]: Finding real tray hwnd
2026-08-07 12:30:55,043 [DEBUG] [MainThread] [systray_widget/systray_monitor.py:157]: Sending TaskbarCreated message: 49367
2026-08-07 13:30:59,838 [INFO] [MainThread] [root/controller.py:35]: Exiting Application...
2026-08-07 13:30:59,944 [INFO] [MainThread] [cli_server/cli_server.py:112]: Log pipe server stopped
2026-08-07 13:30:59,945 [DEBUG] [MainThread] [cli_server/cli_server.py:206]: CLI server stopped
2026-08-07 13:31:00,454 [INFO] [MainThread] [root/bar_manager.py:92]: Stopping KomorebiEventListener...
2026-08-07 13:31:00,454 [INFO] [MainThread] [root/bar_manager.py:92]: Stopping SystemEventListener...
2026-08-07 13:31:00,455 [INFO] [MainThread] [root/bar_manager.py:92]: Stopping WindowsNotificationEventListener...
2026-08-07 13:31:00,466 [DEBUG] [MainThread] [systray_widget/systray.py:504]: Saving state to disk
2026-08-07 13:31:00,466 [DEBUG] [MainThread] [systray_widget/systray.py:508]: Saving state to C:\Users\Srinath\AppData\Local\YASB\systray_state_ACERTECHNOLOGIESVG271UM32526057A84212.json
2026-08-07 13:31:00,469 [DEBUG] [MainThread] [systray_widget/utils.py:96]: Destroying window 9437434
2026-08-07 13:31:00,505 [DEBUG] [MainThread] [qasync._windows._EventPoller/_windows.py:220]: Stopping worker thread...
2026-08-07 13:31:00,506 [DEBUG] [Dummy-9] [qasync._windows._EventWorker/_windows.py:204]: Exiting thread
2026-08-07 13:31:00,512 [DEBUG] [MainThread] [qasync._windows._IocpProactor/_windows.py:78]: Closing
2026-08-07 13:31:00,575 [DEBUG] [MainThread] [systray_widget/utils.py:96]: Destroying window 9437434
2026-08-07 14:12:22,373 [INFO] [MainThread] [root/log.py:69]: YASB v1.8.5
2026-08-07 14:12:22,374 [INFO] [Thread-1 (_run_server)] [cli_server/cli_server.py:212]: CLI server started v1.1.4
2026-08-07 14:12:22,375 [INFO] [MainThread] [cli_server/cli_server.py:104]: Log pipe server started
2026-08-07 14:12:24,133 [INFO] [MainThread] [root/service.py:48]: AudioOutputService starting...
2026-08-07 14:12:24,973 [INFO] [MainThread] [root/bar_manager.py:85]: Starting WindowsNotificationEventListener...
2026-08-07 14:12:24,974 [INFO] [MainThread] [root/bar_manager.py:85]: Starting KomorebiEventListener...
2026-08-07 14:12:24,974 [INFO] [MainThread] [root/bar_manager.py:85]: Starting SystemEventListener...
2026-08-07 14:12:24,975 [INFO] [MainThread] [root/watcher.py:54]: Created file watcher for path C:\Users\Srinath\.config\yasb
2026-08-07 14:12:24,976 [INFO] [Dummy-6] [root/event_listener.py:51]: Created named pipe yasb-e9e0d1db-923b-11f1-968a-b48c9d368940
2026-08-07 14:12:25,124 [INFO] [MainThread] [root/update_service.py:404]: Background update checker started
2026-08-07 14:12:25,124 [DEBUG] [MainThread] [qasync._windows._EventPoller/_windows.py:215]: Starting (proactor: <_IocpProactor overlapped#=0 result#=0>)...
2026-08-07 14:12:25,126 [DEBUG] [Dummy-9] [qasync._windows._EventWorker/_windows.py:195]: Thread started
2026-08-07 14:12:25,129 [DEBUG] [MainThread] [systray_widget/systray.py:526]: Loading state from C:\Users\Srinath\AppData\Local\YASB\systray_state_ACERTECHNOLOGIESVG271UM32526057A84212.json
2026-08-07 14:12:25,170 [DEBUG] [SystrayMonitor] [systray_widget/systray.py:57]: Systray thread is starting...
2026-08-07 14:12:25,456 [DEBUG] [MainThread] [systray_widget/systray.py:277]: Systray thread started
2026-08-07 14:12:25,658 [DEBUG] [SystrayMonitor] [systray_widget/systray_monitor.py:164]: Adding TaskbandHWND prop to hwnd 132444
2026-08-07 14:12:25,669 [DEBUG] [SystrayMonitor] [systray_widget/systray_monitor.py:242]: Finding real tray hwnd
2026-08-07 14:12:25,684 [DEBUG] [MainThread] [systray_widget/systray_monitor.py:157]: Sending TaskbarCreated message: 49366
2026-08-07 14:14:53,584 [INFO] [Dummy-6] [root/event_listener.py:125]: Komorebi connected to named pipe: yasb-e9e0d1db-923b-11f1-968a-b48c9d368940
2026-08-07 16:56:07,655 [WARNING] [Dummy-6] [root/event_listener.py:82]: Pipe has been ended: (109, 'PeekNamedPipe', 'The pipe has been ended.')
2026-08-07 16:56:07,656 [INFO] [Dummy-6] [root/event_listener.py:92]: Attempting to reconnect to Komorebi...
2026-08-07 16:56:10,657 [INFO] [Dummy-6] [root/event_listener.py:51]: Created named pipe yasb-e9e0d1db-923b-11f1-968a-b48c9d368940
2026-08-07 18:36:19,776 [INFO] [MainThread] [root/bar_manager.py:80]: Screens updated. Re-initialising all bars.
2026-08-07 18:36:19,776 [INFO] [MainThread] [root/controller.py:15]: Reloading Application because of screen update.
2026-08-07 18:36:19,878 [INFO] [MainThread] [cli_server/cli_server.py:112]: Log pipe server stopped
2026-08-07 18:36:19,878 [DEBUG] [MainThread] [cli_server/cli_server.py:206]: CLI server stopped
2026-08-07 18:36:22,222 [INFO] [MainThread] [root/bar_manager.py:80]: Screens updated. Re-initialising all bars.
2026-08-07 18:36:22,222 [INFO] [MainThread] [root/controller.py:15]: Reloading Application because of screen update.
2026-08-07 18:36:22,333 [INFO] [MainThread] [cli_server/cli_server.py:112]: Log pipe server stopped
2026-08-07 18:36:22,333 [DEBUG] [MainThread] [cli_server/cli_server.py:206]: CLI server stopped
2026-08-07 18:36:22,334 [INFO] [MainThread] [root/bar_manager.py:92]: Stopping WindowsNotificationEventListener...
2026-08-07 18:36:22,334 [INFO] [MainThread] [root/bar_manager.py:92]: Stopping KomorebiEventListener...
2026-08-07 18:36:22,334 [INFO] [MainThread] [root/bar_manager.py:92]: Stopping SystemEventListener...
2026-08-07 18:36:22,340 [DEBUG] [MainThread] [systray_widget/systray.py:504]: Saving state to disk
2026-08-07 18:36:22,341 [DEBUG] [MainThread] [systray_widget/systray.py:508]: Saving state to C:\Users\Srinath\AppData\Local\YASB\systray_state_ACERTECHNOLOGIESVG271UM31322131231233.json
2026-08-07 18:36:22,354 [DEBUG] [MainThread] [systray_widget/utils.py:96]: Destroying window 132444
2026-08-07 18:36:22,357 [DEBUG] [MainThread] [qasync._windows._EventPoller/_windows.py:220]: Stopping worker thread...
2026-08-07 18:36:22,364 [DEBUG] [Dummy-9] [qasync._windows._EventWorker/_windows.py:204]: Exiting thread
2026-08-07 18:36:22,366 [DEBUG] [MainThread] [qasync._windows._IocpProactor/_windows.py:78]: Closing
2026-08-07 18:36:22,409 [DEBUG] [MainThread] [systray_widget/utils.py:96]: Destroying window 132444
2026-08-07 18:36:22,668 [INFO] [MainThread] [root/log.py:69]: YASB v1.8.5
2026-08-07 18:36:22,669 [INFO] [Thread-1 (_run_server)] [cli_server/cli_server.py:212]: CLI server started v1.1.4
2026-08-07 18:36:22,670 [INFO] [MainThread] [cli_server/cli_server.py:104]: Log pipe server started
2026-08-07 18:36:22,799 [INFO] [MainThread] [root/log.py:69]: YASB v1.8.5
2026-08-07 18:36:22,800 [INFO] [Thread-1 (_run_server)] [cli_server/cli_server.py:212]: CLI server started v1.1.4
2026-08-07 18:36:22,801 [INFO] [MainThread] [cli_server/cli_server.py:104]: Log pipe server started
2026-08-07 18:36:22,801 [INFO] [MainThread] [root/main.py:45]: Waiting for previous YASB instance to exit...
2026-08-07 18:36:23,582 [INFO] [MainThread] [root/service.py:48]: AudioOutputService starting...
2026-08-07 18:36:24,265 [INFO] [MainThread] [root/bar_manager.py:85]: Starting SystemEventListener...
2026-08-07 18:36:24,266 [INFO] [MainThread] [root/bar_manager.py:85]: Starting KomorebiEventListener...
2026-08-07 18:36:24,266 [INFO] [MainThread] [root/bar_manager.py:85]: Starting WindowsNotificationEventListener...
2026-08-07 18:36:24,267 [INFO] [Dummy-4] [root/event_listener.py:51]: Created named pipe yasb-cad4f1ff-9260-11f1-a39d-b48c9d368940
2026-08-07 18:36:24,268 [INFO] [MainThread] [root/watcher.py:54]: Created file watcher for path C:\Users\Srinath\.config\yasb
2026-08-07 18:36:24,323 [INFO] [MainThread] [root/update_service.py:404]: Background update checker started
2026-08-07 18:36:24,323 [DEBUG] [MainThread] [qasync._windows._EventPoller/_windows.py:215]: Starting (proactor: <_IocpProactor overlapped#=0 result#=0>)...
2026-08-07 18:36:24,324 [DEBUG] [Dummy-9] [qasync._windows._EventWorker/_windows.py:195]: Thread started
2026-08-07 18:36:24,328 [DEBUG] [MainThread] [systray_widget/systray.py:526]: Loading state from C:\Users\Srinath\AppData\Local\YASB\systray_state_ACERTECHNOLOGIESVG271UM31322131231233.json
2026-08-07 18:36:24,335 [DEBUG] [SystrayMonitor] [systray_widget/systray.py:57]: Systray thread is starting...
2026-08-07 18:36:24,544 [DEBUG] [MainThread] [systray_widget/systray.py:277]: Systray thread started
2026-08-07 18:36:24,641 [WARNING] [UpdateChecker] [root/update_service.py:274]: Network error checking for updates: [Errno 11001] getaddrinfo failed
2026-08-07 18:36:24,641 [WARNING] [UpdateChecker] [root/update_service.py:400]: Background update check failed: <urlopen error [Errno 11001] getaddrinfo failed>
2026-08-07 18:36:24,745 [DEBUG] [SystrayMonitor] [systray_widget/systray_monitor.py:164]: Adding TaskbandHWND prop to hwnd 198016
2026-08-07 18:36:24,751 [DEBUG] [SystrayMonitor] [systray_widget/systray_monitor.py:242]: Finding real tray hwnd
2026-08-07 18:36:24,756 [DEBUG] [MainThread] [systray_widget/systray_monitor.py:157]: Sending TaskbarCreated message: 49366
2026-08-07 18:36:32,818 [ERROR] [MainThread] [root/main.py:68]: Timeout waiting for previous instance. Aborting start.
2026-08-07 18:38:54,965 [INFO] [MainThread] [root/controller.py:35]: Exiting Application...
2026-08-07 18:38:55,078 [INFO] [MainThread] [cli_server/cli_server.py:112]: Log pipe server stopped
2026-08-07 18:38:55,078 [DEBUG] [MainThread] [cli_server/cli_server.py:206]: CLI server stopped
2026-08-07 18:38:55,167 [INFO] [MainThread] [root/bar_manager.py:92]: Stopping SystemEventListener...
2026-08-07 18:38:55,168 [INFO] [MainThread] [root/bar_manager.py:92]: Stopping KomorebiEventListener...
2026-08-07 18:38:55,168 [INFO] [MainThread] [root/bar_manager.py:92]: Stopping WindowsNotificationEventListener...
2026-08-07 18:38:55,172 [DEBUG] [MainThread] [systray_widget/systray.py:504]: Saving state to disk
2026-08-07 18:38:55,173 [DEBUG] [MainThread] [systray_widget/systray.py:508]: Saving state to C:\Users\Srinath\AppData\Local\YASB\systray_state_ACERTECHNOLOGIESVG271UM31322131231233.json
2026-08-07 18:38:55,174 [DEBUG] [MainThread] [systray_widget/utils.py:96]: Destroying window 198016
2026-08-07 18:38:55,185 [DEBUG] [MainThread] [qasync._windows._EventPoller/_windows.py:220]: Stopping worker thread...
2026-08-07 18:38:55,186 [DEBUG] [Dummy-9] [qasync._windows._EventWorker/_windows.py:204]: Exiting thread
2026-08-07 18:38:55,188 [DEBUG] [MainThread] [qasync._windows._IocpProactor/_windows.py:78]: Closing
2026-08-07 18:38:55,280 [DEBUG] [MainThread] [systray_widget/utils.py:96]: Destroying window 198016
2026-08-07 18:41:06,906 [INFO] [MainThread] [root/log.py:69]: YASB v1.8.5
2026-08-07 18:41:06,908 [INFO] [Thread-1 (_run_server)] [cli_server/cli_server.py:212]: CLI server started v1.1.4
2026-08-07 18:41:06,908 [INFO] [MainThread] [cli_server/cli_server.py:104]: Log pipe server started
2026-08-07 18:41:09,985 [INFO] [MainThread] [root/service.py:48]: AudioOutputService starting...
2026-08-07 18:41:11,505 [INFO] [MainThread] [root/bar_manager.py:85]: Starting KomorebiEventListener...
2026-08-07 18:41:11,506 [INFO] [MainThread] [root/bar_manager.py:85]: Starting SystemEventListener...
2026-08-07 18:41:11,506 [INFO] [MainThread] [root/bar_manager.py:85]: Starting WindowsNotificationEventListener...
2026-08-07 18:41:11,508 [INFO] [Dummy-4] [root/event_listener.py:51]: Created named pipe yasb-760a36ba-9261-11f1-bcca-b48c9d368940
2026-08-07 18:41:11,510 [INFO] [MainThread] [root/watcher.py:54]: Created file watcher for path C:\Users\Srinath\.config\yasb
2026-08-07 18:41:11,668 [INFO] [MainThread] [root/update_service.py:404]: Background update checker started
2026-08-07 18:41:11,668 [DEBUG] [MainThread] [qasync._windows._EventPoller/_windows.py:215]: Starting (proactor: <_IocpProactor overlapped#=0 result#=0>)...
2026-08-07 18:41:11,700 [DEBUG] [Dummy-9] [qasync._windows._EventWorker/_windows.py:195]: Thread started
2026-08-07 18:41:11,712 [DEBUG] [MainThread] [systray_widget/systray.py:526]: Loading state from C:\Users\Srinath\AppData\Local\YASB\systray_state_ACERTECHNOLOGIESVG271UM31322131231233.json
2026-08-07 18:41:11,723 [DEBUG] [SystrayMonitor] [systray_widget/systray.py:57]: Systray thread is starting...
2026-08-07 18:41:12,116 [WARNING] [UpdateChecker] [root/update_service.py:274]: Network error checking for updates: [Errno 11001] getaddrinfo failed
2026-08-07 18:41:12,116 [WARNING] [UpdateChecker] [root/update_service.py:400]: Background update check failed: <urlopen error [Errno 11001] getaddrinfo failed>
2026-08-07 18:41:12,124 [DEBUG] [MainThread] [systray_widget/systray.py:277]: Systray thread started
2026-08-07 18:41:12,327 [DEBUG] [SystrayMonitor] [systray_widget/systray_monitor.py:164]: Adding TaskbandHWND prop to hwnd 66990
2026-08-07 18:41:12,337 [DEBUG] [SystrayMonitor] [systray_widget/systray_monitor.py:242]: Finding real tray hwnd
2026-08-07 18:41:12,355 [DEBUG] [MainThread] [systray_widget/systray_monitor.py:157]: Sending TaskbarCreated message: 49367
2026-08-07 18:41:21,614 [ERROR] [SystrayMonitor] [root/app_icons.py:282]: GetIconInfo failed: 0
2026-08-07 18:45:51,911 [INFO] [MainThread] [root/controller.py:35]: Exiting Application from context menu...
2026-08-07 18:45:52,013 [INFO] [MainThread] [cli_server/cli_server.py:112]: Log pipe server stopped
2026-08-07 18:45:52,013 [DEBUG] [MainThread] [cli_server/cli_server.py:206]: CLI server stopped
2026-08-07 18:45:52,432 [INFO] [MainThread] [root/bar_manager.py:92]: Stopping KomorebiEventListener...
2026-08-07 18:45:52,433 [INFO] [MainThread] [root/bar_manager.py:92]: Stopping SystemEventListener...
2026-08-07 18:45:52,433 [INFO] [MainThread] [root/bar_manager.py:92]: Stopping WindowsNotificationEventListener...
2026-08-07 18:45:52,439 [DEBUG] [MainThread] [systray_widget/systray.py:504]: Saving state to disk
2026-08-07 18:45:52,439 [DEBUG] [MainThread] [systray_widget/systray.py:508]: Saving state to C:\Users\Srinath\AppData\Local\YASB\systray_state_ACERTECHNOLOGIESVG271UM31322131231233.json
2026-08-07 18:45:52,441 [DEBUG] [MainThread] [systray_widget/utils.py:96]: Destroying window 66990
2026-08-07 18:45:52,448 [DEBUG] [MainThread] [qasync._windows._EventPoller/_windows.py:220]: Stopping worker thread...
2026-08-07 18:45:52,463 [DEBUG] [Dummy-9] [qasync._windows._EventWorker/_windows.py:204]: Exiting thread
2026-08-07 18:45:52,465 [DEBUG] [MainThread] [qasync._windows._IocpProactor/_windows.py:78]: Closing
2026-08-07 18:45:52,475 [DEBUG] [MainThread] [systray_widget/utils.py:96]: Destroying window 66990
2026-08-07 18:59:04,699 [INFO] [MainThread] [root/log.py:69]: YASB v1.8.5
2026-08-07 18:59:04,699 [INFO] [Thread-1 (_run_server)] [cli_server/cli_server.py:212]: CLI server started v1.1.4
2026-08-07 18:59:04,700 [INFO] [MainThread] [cli_server/cli_server.py:104]: Log pipe server started
2026-08-07 18:59:05,445 [INFO] [MainThread] [root/service.py:48]: AudioOutputService starting...
2026-08-07 18:59:06,208 [INFO] [MainThread] [root/bar_manager.py:85]: Starting KomorebiEventListener...
2026-08-07 18:59:06,208 [INFO] [MainThread] [root/bar_manager.py:85]: Starting WindowsNotificationEventListener...
2026-08-07 18:59:06,209 [INFO] [MainThread] [root/bar_manager.py:85]: Starting SystemEventListener...
2026-08-07 18:59:06,209 [INFO] [Dummy-4] [root/event_listener.py:51]: Created named pipe yasb-f69cc88c-9263-11f1-a4f2-b48c9d368940
2026-08-07 18:59:06,210 [INFO] [MainThread] [root/watcher.py:54]: Created file watcher for path C:\Users\Srinath\.config\yasb
2026-08-07 18:59:06,266 [INFO] [MainThread] [root/update_service.py:404]: Background update checker started
2026-08-07 18:59:06,266 [DEBUG] [MainThread] [qasync._windows._EventPoller/_windows.py:215]: Starting (proactor: <_IocpProactor overlapped#=0 result#=0>)...
2026-08-07 18:59:06,268 [DEBUG] [Dummy-9] [qasync._windows._EventWorker/_windows.py:195]: Thread started
2026-08-07 18:59:06,272 [DEBUG] [MainThread] [systray_widget/systray.py:526]: Loading state from C:\Users\Srinath\AppData\Local\YASB\systray_state_ACERTECHNOLOGIESVG271UM31322131231233.json
2026-08-07 18:59:06,294 [DEBUG] [SystrayMonitor] [systray_widget/systray.py:57]: Systray thread is starting...
2026-08-07 18:59:06,522 [DEBUG] [MainThread] [systray_widget/systray.py:277]: Systray thread started
2026-08-07 18:59:06,585 [WARNING] [UpdateChecker] [root/update_service.py:274]: Network error checking for updates: [Errno 11001] getaddrinfo failed
2026-08-07 18:59:06,585 [WARNING] [UpdateChecker] [root/update_service.py:400]: Background update check failed: <urlopen error [Errno 11001] getaddrinfo failed>
2026-08-07 18:59:06,724 [DEBUG] [SystrayMonitor] [systray_widget/systray_monitor.py:164]: Adding TaskbandHWND prop to hwnd 133036
2026-08-07 18:59:06,725 [DEBUG] [SystrayMonitor] [systray_widget/systray_monitor.py:242]: Finding real tray hwnd
2026-08-07 18:59:06,733 [DEBUG] [MainThread] [systray_widget/systray_monitor.py:157]: Sending TaskbarCreated message: 49367
2026-08-07 20:11:53,092 [INFO] [MainThread] [root/log.py:69]: YASB v1.8.5
2026-08-07 20:11:53,093 [INFO] [Thread-1 (_run_server)] [cli_server/cli_server.py:212]: CLI server started v1.1.4
2026-08-07 20:11:53,094 [INFO] [MainThread] [cli_server/cli_server.py:104]: Log pipe server started
2026-08-07 20:11:53,094 [ERROR] [MainThread] [root/main.py:74]: Another instance of the YASB is already running.
2026-08-07 20:43:07,725 [INFO] [MainThread] [root/controller.py:35]: Exiting Application from context menu...
2026-08-07 20:43:07,831 [INFO] [MainThread] [cli_server/cli_server.py:112]: Log pipe server stopped
2026-08-07 20:43:07,831 [DEBUG] [MainThread] [cli_server/cli_server.py:206]: CLI server stopped
2026-08-07 20:43:08,110 [INFO] [MainThread] [root/bar_manager.py:92]: Stopping KomorebiEventListener...
2026-08-07 20:43:08,110 [INFO] [MainThread] [root/bar_manager.py:92]: Stopping WindowsNotificationEventListener...
2026-08-07 20:43:08,110 [INFO] [MainThread] [root/bar_manager.py:92]: Stopping SystemEventListener...
2026-08-07 20:43:08,134 [DEBUG] [MainThread] [systray_widget/systray.py:504]: Saving state to disk
2026-08-07 20:43:08,135 [DEBUG] [MainThread] [systray_widget/systray.py:508]: Saving state to C:\Users\Srinath\AppData\Local\YASB\systray_state_ACERTECHNOLOGIESVG271UM31322131231233.json
2026-08-07 20:43:08,137 [DEBUG] [MainThread] [systray_widget/utils.py:96]: Destroying window 133036
2026-08-07 20:43:08,156 [DEBUG] [MainThread] [qasync._windows._EventPoller/_windows.py:220]: Stopping worker thread...
2026-08-07 20:43:08,172 [DEBUG] [Dummy-9] [qasync._windows._EventWorker/_windows.py:204]: Exiting thread
2026-08-07 20:43:08,179 [DEBUG] [MainThread] [qasync._windows._IocpProactor/_windows.py:78]: Closing
2026-08-07 20:43:15,200 [DEBUG] [MainThread] [systray_widget/utils.py:96]: Destroying window 133036
2026-08-07 21:21:39,845 [INFO] [MainThread] [root/log.py:69]: YASB v1.8.5
2026-08-07 21:21:39,846 [INFO] [Thread-1 (_run_server)] [cli_server/cli_server.py:212]: CLI server started v1.1.4
2026-08-07 21:21:39,846 [INFO] [MainThread] [cli_server/cli_server.py:104]: Log pipe server started
2026-08-07 21:21:40,845 [INFO] [MainThread] [root/service.py:48]: AudioOutputService starting...
2026-08-07 21:21:41,685 [INFO] [MainThread] [root/bar_manager.py:85]: Starting WindowsNotificationEventListener...
2026-08-07 21:21:41,686 [INFO] [MainThread] [root/bar_manager.py:85]: Starting KomorebiEventListener...
2026-08-07 21:21:41,686 [INFO] [MainThread] [root/bar_manager.py:85]: Starting SystemEventListener...
2026-08-07 21:21:41,686 [INFO] [MainThread] [root/watcher.py:54]: Created file watcher for path C:\Users\Srinath\.config\yasb
2026-08-07 21:21:41,688 [INFO] [Dummy-6] [root/event_listener.py:51]: Created named pipe yasb-e2131e2f-9277-11f1-8ce4-b48c9d368940
2026-08-07 21:21:41,756 [INFO] [MainThread] [root/update_service.py:404]: Background update checker started
2026-08-07 21:21:41,757 [DEBUG] [MainThread] [qasync._windows._EventPoller/_windows.py:215]: Starting (proactor: <_IocpProactor overlapped#=0 result#=0>)...
2026-08-07 21:21:41,758 [DEBUG] [Dummy-9] [qasync._windows._EventWorker/_windows.py:195]: Thread started
2026-08-07 21:21:41,770 [DEBUG] [MainThread] [systray_widget/systray.py:526]: Loading state from C:\Users\Srinath\AppData\Local\YASB\systray_state_ACERTECHNOLOGIESVG271UM31322131231233.json
2026-08-07 21:21:41,790 [DEBUG] [SystrayMonitor] [systray_widget/systray.py:57]: Systray thread is starting...
2026-08-07 21:21:42,042 [DEBUG] [MainThread] [systray_widget/systray.py:277]: Systray thread started
2026-08-07 21:21:42,244 [DEBUG] [SystrayMonitor] [systray_widget/systray_monitor.py:164]: Adding TaskbandHWND prop to hwnd 526246
2026-08-07 21:21:42,245 [DEBUG] [SystrayMonitor] [systray_widget/systray_monitor.py:242]: Finding real tray hwnd
2026-08-07 21:21:42,252 [DEBUG] [MainThread] [systray_widget/systray_monitor.py:157]: Sending TaskbarCreated message: 49367
2026-08-07 22:58:46,699 [ERROR] [MainThread] [root/gpu.py:170]: Error updating shared GPU data: Command '['C:\\WINDOWS\\system32\\nvidia-smi.EXE', '--query-gpu=index,utilization.gpu,memory.total,memory.used,memory.free,temperature.gpu,fan.speed', '--format=csv,noheader,nounits']' timed out after 2 seconds
2026-08-08 15:32:19,185 [INFO] [MainThread] [root/controller.py:35]: Exiting Application...
2026-08-08 15:32:19,288 [INFO] [MainThread] [cli_server/cli_server.py:112]: Log pipe server stopped
2026-08-08 15:32:19,289 [DEBUG] [MainThread] [cli_server/cli_server.py:206]: CLI server stopped
2026-08-08 15:32:19,706 [INFO] [MainThread] [root/bar_manager.py:92]: Stopping WindowsNotificationEventListener...
2026-08-08 15:32:19,706 [INFO] [MainThread] [root/bar_manager.py:92]: Stopping KomorebiEventListener...
2026-08-08 15:32:19,707 [INFO] [MainThread] [root/bar_manager.py:92]: Stopping SystemEventListener...
2026-08-08 15:32:19,716 [DEBUG] [MainThread] [systray_widget/systray.py:504]: Saving state to disk
2026-08-08 15:32:19,717 [DEBUG] [MainThread] [systray_widget/systray.py:508]: Saving state to C:\Users\Srinath\AppData\Local\YASB\systray_state_ACERTECHNOLOGIESVG271UM31322131231233.json
2026-08-08 15:32:19,734 [DEBUG] [MainThread] [systray_widget/utils.py:96]: Destroying window 526246
2026-08-08 15:32:19,776 [DEBUG] [MainThread] [qasync._windows._EventPoller/_windows.py:220]: Stopping worker thread...
2026-08-08 15:32:19,784 [DEBUG] [Dummy-9] [qasync._windows._EventWorker/_windows.py:204]: Exiting thread
2026-08-08 15:32:19,796 [DEBUG] [MainThread] [qasync._windows._IocpProactor/_windows.py:78]: Closing
2026-08-08 15:32:26,880 [DEBUG] [MainThread] [systray_widget/utils.py:96]: Destroying window 526246
2026-08-08 17:33:14,751 [INFO] [MainThread] [root/log.py:69]: YASB v1.8.5
2026-08-08 17:33:14,753 [INFO] [Thread-1 (_run_server)] [cli_server/cli_server.py:212]: CLI server started v1.1.4
2026-08-08 17:33:14,754 [INFO] [MainThread] [cli_server/cli_server.py:104]: Log pipe server started
2026-08-08 17:33:16,644 [INFO] [MainThread] [root/service.py:48]: AudioOutputService starting...
2026-08-08 17:33:18,031 [INFO] [MainThread] [root/bar_manager.py:85]: Starting SystemEventListener...
2026-08-08 17:33:18,032 [INFO] [MainThread] [root/bar_manager.py:85]: Starting WindowsNotificationEventListener...
2026-08-08 17:33:18,034 [INFO] [MainThread] [root/bar_manager.py:85]: Starting KomorebiEventListener...
2026-08-08 17:33:18,034 [INFO] [MainThread] [root/watcher.py:54]: Created file watcher for path C:\Users\Srinath\.config\yasb
2026-08-08 17:33:18,035 [INFO] [Dummy-6] [root/event_listener.py:51]: Created named pipe yasb-2479834f-9321-11f1-97a1-b48c9d368940
2026-08-08 17:33:18,184 [INFO] [MainThread] [root/update_service.py:404]: Background update checker started
2026-08-08 17:33:18,185 [DEBUG] [MainThread] [qasync._windows._EventPoller/_windows.py:215]: Starting (proactor: <_IocpProactor overlapped#=0 result#=0>)...
2026-08-08 17:33:18,187 [DEBUG] [Dummy-9] [qasync._windows._EventWorker/_windows.py:195]: Thread started
2026-08-08 17:33:18,190 [DEBUG] [MainThread] [systray_widget/systray.py:526]: Loading state from C:\Users\Srinath\AppData\Local\YASB\systray_state_ACERTECHNOLOGIESVG271UM31322131231233.json
2026-08-08 17:33:18,230 [DEBUG] [SystrayMonitor] [systray_widget/systray.py:57]: Systray thread is starting...
2026-08-08 17:33:18,387 [DEBUG] [SystrayMonitor] [systray_widget/systray_monitor.py:242]: Finding real tray hwnd
2026-08-08 17:33:18,727 [DEBUG] [MainThread] [systray_widget/systray.py:277]: Systray thread started
2026-08-08 17:33:18,928 [DEBUG] [SystrayMonitor] [systray_widget/systray_monitor.py:164]: Adding TaskbandHWND prop to hwnd 66892
2026-08-08 17:33:18,935 [DEBUG] [MainThread] [systray_widget/systray_monitor.py:157]: Sending TaskbarCreated message: 49366
2026-08-08 17:35:23,221 [ERROR] [SystrayMonitor] [root/app_icons.py:282]: GetIconInfo failed: 0
2026-08-08 21:26:34,521 [ERROR] [MainThread] [root/gpu.py:170]: Error updating shared GPU data: Command '['C:\\WINDOWS\\system32\\nvidia-smi.EXE', '--query-gpu=index,utilization.gpu,memory.total,memory.used,memory.free,temperature.gpu,fan.speed', '--format=csv,noheader,nounits']' timed out after 2 seconds
2026-08-09 10:37:49,918 [INFO] [MainThread] [root/controller.py:35]: Exiting Application...
2026-08-09 10:37:50,029 [INFO] [MainThread] [cli_server/cli_server.py:112]: Log pipe server stopped
2026-08-09 10:37:50,029 [DEBUG] [MainThread] [cli_server/cli_server.py:206]: CLI server stopped
2026-08-09 10:37:50,338 [INFO] [MainThread] [root/bar_manager.py:92]: Stopping SystemEventListener...
2026-08-09 10:37:50,338 [INFO] [MainThread] [root/bar_manager.py:92]: Stopping WindowsNotificationEventListener...
2026-08-09 10:37:50,339 [INFO] [MainThread] [root/bar_manager.py:92]: Stopping KomorebiEventListener...
2026-08-09 10:37:50,348 [DEBUG] [MainThread] [systray_widget/systray.py:504]: Saving state to disk
2026-08-09 10:37:50,349 [DEBUG] [MainThread] [systray_widget/systray.py:508]: Saving state to C:\Users\Srinath\AppData\Local\YASB\systray_state_ACERTECHNOLOGIESVG271UM31322131231233.json
2026-08-09 10:37:50,365 [DEBUG] [MainThread] [systray_widget/utils.py:96]: Destroying window 66892
2026-08-09 10:37:50,398 [DEBUG] [MainThread] [qasync._windows._EventPoller/_windows.py:220]: Stopping worker thread...
2026-08-09 10:37:50,400 [DEBUG] [Dummy-9] [qasync._windows._EventWorker/_windows.py:204]: Exiting thread
2026-08-09 10:37:50,409 [DEBUG] [MainThread] [qasync._windows._IocpProactor/_windows.py:78]: Closing
2026-08-09 10:48:51,342 [INFO] [MainThread] [root/log.py:69]: YASB v1.8.5
2026-08-09 10:48:51,379 [INFO] [Thread-1 (_run_server)] [cli_server/cli_server.py:212]: CLI server started v1.1.4
2026-08-09 10:48:51,380 [INFO] [MainThread] [cli_server/cli_server.py:104]: Log pipe server started
2026-08-09 10:48:53,693 [INFO] [MainThread] [root/service.py:48]: AudioOutputService starting...
2026-08-09 10:48:55,108 [INFO] [MainThread] [root/bar_manager.py:85]: Starting KomorebiEventListener...
2026-08-09 10:48:55,108 [INFO] [MainThread] [root/bar_manager.py:85]: Starting WindowsNotificationEventListener...
2026-08-09 10:48:55,109 [INFO] [Dummy-4] [root/event_listener.py:51]: Created named pipe yasb-d10e9cf4-93b1-11f1-8b02-b48c9d368940
2026-08-09 10:48:55,110 [INFO] [MainThread] [root/bar_manager.py:85]: Starting SystemEventListener...
2026-08-09 10:48:55,111 [INFO] [MainThread] [root/watcher.py:54]: Created file watcher for path C:\Users\Srinath\.config\yasb
2026-08-09 10:48:55,286 [INFO] [MainThread] [root/update_service.py:404]: Background update checker started
2026-08-09 10:48:55,286 [DEBUG] [MainThread] [qasync._windows._EventPoller/_windows.py:215]: Starting (proactor: <_IocpProactor overlapped#=0 result#=0>)...
2026-08-09 10:48:55,289 [DEBUG] [Dummy-9] [qasync._windows._EventWorker/_windows.py:195]: Thread started
2026-08-09 10:48:55,292 [DEBUG] [MainThread] [systray_widget/systray.py:526]: Loading state from C:\Users\Srinath\AppData\Local\YASB\systray_state_ACERTECHNOLOGIESVG271UM31322131231233.json
2026-08-09 10:48:55,331 [DEBUG] [SystrayMonitor] [systray_widget/systray.py:57]: Systray thread is starting...
2026-08-09 10:48:55,825 [DEBUG] [MainThread] [systray_widget/systray.py:277]: Systray thread started
2026-08-09 10:48:56,028 [DEBUG] [SystrayMonitor] [systray_widget/systray_monitor.py:164]: Adding TaskbandHWND prop to hwnd 66978
2026-08-09 10:48:56,035 [DEBUG] [SystrayMonitor] [systray_widget/systray_monitor.py:242]: Finding real tray hwnd
2026-08-09 10:48:56,039 [DEBUG] [MainThread] [systray_widget/systray_monitor.py:157]: Sending TaskbarCreated message: 49367
2026-08-09 11:00:37,917 [ERROR] [SystrayMonitor] [root/app_icons.py:282]: GetIconInfo failed: 0
2026-08-09 14:37:23,265 [INFO] [MainThread] [root/controller.py:35]: Exiting Application from context menu...
2026-08-09 14:37:23,373 [INFO] [MainThread] [cli_server/cli_server.py:112]: Log pipe server stopped
2026-08-09 14:37:23,373 [DEBUG] [MainThread] [cli_server/cli_server.py:206]: CLI server stopped
2026-08-09 14:37:23,674 [INFO] [MainThread] [root/bar_manager.py:92]: Stopping KomorebiEventListener...
2026-08-09 14:37:23,674 [INFO] [MainThread] [root/bar_manager.py:92]: Stopping WindowsNotificationEventListener...
2026-08-09 14:37:23,675 [INFO] [MainThread] [root/bar_manager.py:92]: Stopping SystemEventListener...
2026-08-09 14:37:23,684 [DEBUG] [MainThread] [systray_widget/systray.py:504]: Saving state to disk
2026-08-09 14:37:23,685 [DEBUG] [MainThread] [systray_widget/systray.py:508]: Saving state to C:\Users\Srinath\AppData\Local\YASB\systray_state_ACERTECHNOLOGIESVG271UM31322131231233.json
2026-08-09 14:37:23,706 [DEBUG] [MainThread] [systray_widget/utils.py:96]: Destroying window 66978
2026-08-09 14:37:23,717 [DEBUG] [MainThread] [qasync._windows._EventPoller/_windows.py:220]: Stopping worker thread...
2026-08-09 14:37:23,732 [DEBUG] [Dummy-9] [qasync._windows._EventWorker/_windows.py:204]: Exiting thread
2026-08-09 14:37:23,734 [DEBUG] [MainThread] [qasync._windows._IocpProactor/_windows.py:78]: Closing
2026-08-09 14:37:23,749 [DEBUG] [MainThread] [systray_widget/utils.py:96]: Destroying window 66978
2026-08-09 16:15:24,492 [INFO] [MainThread] [root/log.py:69]: YASB v1.8.5
2026-08-09 16:15:24,493 [INFO] [Thread-1 (_run_server)] [cli_server/cli_server.py:212]: CLI server started v1.1.4
2026-08-09 16:15:24,494 [INFO] [MainThread] [cli_server/cli_server.py:104]: Log pipe server started
2026-08-09 16:15:25,390 [INFO] [MainThread] [root/service.py:48]: AudioOutputService starting...
2026-08-09 16:15:26,297 [INFO] [MainThread] [root/bar_manager.py:85]: Starting WindowsNotificationEventListener...
2026-08-09 16:15:26,298 [INFO] [MainThread] [root/bar_manager.py:85]: Starting SystemEventListener...
2026-08-09 16:15:26,298 [INFO] [MainThread] [root/bar_manager.py:85]: Starting KomorebiEventListener...
2026-08-09 16:15:26,299 [INFO] [MainThread] [root/watcher.py:54]: Created file watcher for path C:\Users\Srinath\.config\yasb
2026-08-09 16:15:26,420 [INFO] [Dummy-6] [root/event_listener.py:51]: Created named pipe yasb-6e510826-93df-11f1-bf1e-b48c9d368940
2026-08-09 16:15:26,619 [INFO] [MainThread] [root/update_service.py:404]: Background update checker started
2026-08-09 16:15:26,619 [DEBUG] [MainThread] [qasync._windows._EventPoller/_windows.py:215]: Starting (proactor: <_IocpProactor overlapped#=0 result#=0>)...
2026-08-09 16:15:26,623 [DEBUG] [Dummy-9] [qasync._windows._EventWorker/_windows.py:195]: Thread started
2026-08-09 16:15:26,638 [DEBUG] [MainThread] [systray_widget/systray.py:526]: Loading state from C:\Users\Srinath\AppData\Local\YASB\systray_state_ACERTECHNOLOGIESVG271UM31322131231233.json
2026-08-09 16:15:26,658 [DEBUG] [SystrayMonitor] [systray_widget/systray.py:57]: Systray thread is starting...
2026-08-09 16:15:27,057 [DEBUG] [MainThread] [systray_widget/systray.py:277]: Systray thread started
2026-08-09 16:15:27,328 [DEBUG] [SystrayMonitor] [systray_widget/systray_monitor.py:164]: Adding TaskbandHWND prop to hwnd 69964
2026-08-09 16:15:27,328 [DEBUG] [SystrayMonitor] [systray_widget/systray_monitor.py:242]: Finding real tray hwnd
2026-08-09 16:15:27,338 [DEBUG] [MainThread] [systray_widget/systray_monitor.py:157]: Sending TaskbarCreated message: 49367
2026-08-10 00:55:41,409 [ERROR] [MainThread] [root/gpu.py:170]: Error updating shared GPU data: Command '['C:\\WINDOWS\\system32\\nvidia-smi.EXE', '--query-gpu=index,utilization.gpu,memory.total,memory.used,memory.free,temperature.gpu,fan.speed', '--format=csv,noheader,nounits']' timed out after 2 seconds
2026-08-10 00:55:45,404 [ERROR] [MainThread] [root/gpu.py:170]: Error updating shared GPU data: Command '['C:\\WINDOWS\\system32\\nvidia-smi.EXE', '--query-gpu=index,utilization.gpu,memory.total,memory.used,memory.free,temperature.gpu,fan.speed', '--format=csv,noheader,nounits']' timed out after 2 seconds
2026-08-10 10:30:11,290 [ERROR] [MainThread] [root/gpu.py:170]: Error updating shared GPU data: Command '['C:\\WINDOWS\\system32\\nvidia-smi.EXE', '--query-gpu=index,utilization.gpu,memory.total,memory.used,memory.free,temperature.gpu,fan.speed', '--format=csv,noheader,nounits']' timed out after 2 seconds
2026-08-10 11:55:54,658 [INFO] [MainThread] [root/controller.py:35]: Exiting Application...
2026-08-10 11:55:54,763 [INFO] [MainThread] [cli_server/cli_server.py:112]: Log pipe server stopped
2026-08-10 11:55:54,763 [DEBUG] [MainThread] [cli_server/cli_server.py:206]: CLI server stopped
2026-08-10 11:55:55,367 [INFO] [MainThread] [root/bar_manager.py:92]: Stopping WindowsNotificationEventListener...
2026-08-10 11:55:55,368 [INFO] [MainThread] [root/bar_manager.py:92]: Stopping SystemEventListener...
2026-08-10 11:55:55,369 [INFO] [MainThread] [root/bar_manager.py:92]: Stopping KomorebiEventListener...
2026-08-10 11:55:55,388 [DEBUG] [MainThread] [systray_widget/systray.py:504]: Saving state to disk
2026-08-10 11:55:55,388 [DEBUG] [MainThread] [systray_widget/systray.py:508]: Saving state to C:\Users\Srinath\AppData\Local\YASB\systray_state_ACERTECHNOLOGIESVG271UM31322131231233.json
2026-08-10 11:55:55,411 [DEBUG] [MainThread] [systray_widget/utils.py:96]: Destroying window 69964
2026-08-10 11:55:55,470 [DEBUG] [MainThread] [qasync._windows._EventPoller/_windows.py:220]: Stopping worker thread...
2026-08-10 11:55:55,479 [DEBUG] [Dummy-9] [qasync._windows._EventWorker/_windows.py:204]: Exiting thread
2026-08-10 11:55:55,487 [DEBUG] [MainThread] [qasync._windows._IocpProactor/_windows.py:78]: Closing
2026-08-10 11:55:55,598 [DEBUG] [MainThread] [systray_widget/utils.py:96]: Destroying window 69964
2026-08-10 11:59:31,209 [INFO] [MainThread] [root/log.py:69]: YASB v1.8.5
2026-08-10 11:59:31,211 [INFO] [Thread-1 (_run_server)] [cli_server/cli_server.py:212]: CLI server started v1.1.4
2026-08-10 11:59:31,212 [INFO] [MainThread] [cli_server/cli_server.py:104]: Log pipe server started
2026-08-10 11:59:33,044 [INFO] [MainThread] [root/service.py:48]: AudioOutputService starting...
2026-08-10 11:59:34,318 [INFO] [MainThread] [root/bar_manager.py:85]: Starting WindowsNotificationEventListener...
2026-08-10 11:59:34,320 [INFO] [MainThread] [root/bar_manager.py:85]: Starting KomorebiEventListener...
2026-08-10 11:59:34,321 [INFO] [MainThread] [root/bar_manager.py:85]: Starting SystemEventListener...
2026-08-10 11:59:34,321 [INFO] [MainThread] [root/watcher.py:54]: Created file watcher for path C:\Users\Srinath\.config\yasb
2026-08-10 11:59:34,323 [INFO] [Dummy-6] [root/event_listener.py:51]: Created named pipe yasb-da3cd613-9484-11f1-8030-b48c9d368940
2026-08-10 11:59:34,498 [INFO] [MainThread] [root/update_service.py:404]: Background update checker started
2026-08-10 11:59:34,499 [DEBUG] [MainThread] [qasync._windows._EventPoller/_windows.py:215]: Starting (proactor: <_IocpProactor overlapped#=0 result#=0>)...
2026-08-10 11:59:34,541 [DEBUG] [Dummy-9] [qasync._windows._EventWorker/_windows.py:195]: Thread started
2026-08-10 11:59:34,552 [DEBUG] [MainThread] [systray_widget/systray.py:526]: Loading state from C:\Users\Srinath\AppData\Local\YASB\systray_state_ACERTECHNOLOGIESVG271UM31322131231233.json
2026-08-10 11:59:34,568 [DEBUG] [SystrayMonitor] [systray_widget/systray.py:57]: Systray thread is starting...
2026-08-10 11:59:35,031 [DEBUG] [MainThread] [systray_widget/systray.py:277]: Systray thread started
2026-08-10 11:59:35,233 [DEBUG] [SystrayMonitor] [systray_widget/systray_monitor.py:164]: Adding TaskbandHWND prop to hwnd 66898
2026-08-10 11:59:35,234 [DEBUG] [SystrayMonitor] [systray_widget/systray_monitor.py:242]: Finding real tray hwnd
2026-08-10 11:59:35,247 [DEBUG] [MainThread] [systray_widget/systray_monitor.py:157]: Sending TaskbarCreated message: 49366
2026-08-10 12:00:22,599 [ERROR] [SystrayMonitor] [root/app_icons.py:282]: GetIconInfo failed: 0
2026-08-10 13:46:28,083 [DEBUG] [SystrayMonitor] [systray_widget/systray_monitor.py:242]: Finding real tray hwnd
2026-08-10 13:46:31,400 [DEBUG] [SystrayMonitor] [systray_widget/systray_monitor.py:164]: Adding TaskbandHWND prop to hwnd 66898
2026-08-10 14:15:37,728 [INFO] [MainThread] [root/controller.py:35]: Exiting Application from context menu...
2026-08-10 14:15:37,832 [INFO] [MainThread] [cli_server/cli_server.py:112]: Log pipe server stopped
2026-08-10 14:15:37,832 [DEBUG] [MainThread] [cli_server/cli_server.py:206]: CLI server stopped
2026-08-10 14:15:37,874 [INFO] [MainThread] [root/bar_manager.py:92]: Stopping WindowsNotificationEventListener...
2026-08-10 14:15:37,874 [INFO] [MainThread] [root/bar_manager.py:92]: Stopping KomorebiEventListener...
2026-08-10 14:15:37,874 [INFO] [MainThread] [root/bar_manager.py:92]: Stopping SystemEventListener...
2026-08-10 16:00:03,832 [INFO] [MainThread] [root/log.py:69]: YASB v1.8.5
2026-08-10 16:00:03,835 [INFO] [Thread-1 (_run_server)] [cli_server/cli_server.py:212]: CLI server started v1.1.4
2026-08-10 16:00:03,835 [INFO] [MainThread] [cli_server/cli_server.py:104]: Log pipe server started
2026-08-10 16:00:06,046 [INFO] [MainThread] [root/service.py:48]: AudioOutputService starting...
2026-08-10 16:00:08,240 [INFO] [MainThread] [root/bar_manager.py:85]: Starting KomorebiEventListener...
2026-08-10 16:00:08,241 [INFO] [MainThread] [root/bar_manager.py:85]: Starting SystemEventListener...
2026-08-10 16:00:08,242 [INFO] [MainThread] [root/bar_manager.py:85]: Starting WindowsNotificationEventListener...
2026-08-10 16:00:08,242 [INFO] [Dummy-4] [root/event_listener.py:51]: Created named pipe yasb-75864bae-94a6-11f1-a7f5-b48c9d368940
2026-08-10 16:00:08,245 [INFO] [MainThread] [root/watcher.py:54]: Created file watcher for path C:\Users\Srinath\.config\yasb
2026-08-10 16:00:08,435 [INFO] [MainThread] [root/update_service.py:404]: Background update checker started
2026-08-10 16:00:08,435 [DEBUG] [MainThread] [qasync._windows._EventPoller/_windows.py:215]: Starting (proactor: <_IocpProactor overlapped#=0 result#=0>)...
2026-08-10 16:00:08,437 [DEBUG] [Dummy-9] [qasync._windows._EventWorker/_windows.py:195]: Thread started
2026-08-10 16:00:08,440 [DEBUG] [MainThread] [systray_widget/systray.py:526]: Loading state from C:\Users\Srinath\AppData\Local\YASB\systray_state_MLTDDISPLAY1.json
2026-08-10 16:00:08,486 [DEBUG] [SystrayMonitor] [systray_widget/systray.py:57]: Systray thread is starting...
2026-08-10 16:00:08,972 [DEBUG] [MainThread] [systray_widget/systray.py:277]: Systray thread started
2026-08-10 16:00:09,174 [DEBUG] [SystrayMonitor] [systray_widget/systray_monitor.py:164]: Adding TaskbandHWND prop to hwnd 66974
2026-08-10 16:00:09,178 [DEBUG] [SystrayMonitor] [systray_widget/systray_monitor.py:242]: Finding real tray hwnd
2026-08-10 16:00:09,194 [ERROR] [UpdateChecker] [root/update_service.py:271]: GitHub API HTTP error: 403 rate limit exceeded
2026-08-10 16:00:09,195 [WARNING] [UpdateChecker] [root/update_service.py:400]: Background update check failed: HTTP Error 403: rate limit exceeded
2026-08-10 16:00:09,204 [DEBUG] [MainThread] [systray_widget/systray_monitor.py:157]: Sending TaskbarCreated message: 49366
2026-08-10 16:29:54,405 [DEBUG] [SystrayMonitor] [systray_widget/systray_monitor.py:242]: Finding real tray hwnd
2026-08-10 16:29:56,397 [DEBUG] [SystrayMonitor] [systray_widget/systray_monitor.py:164]: Adding TaskbandHWND prop to hwnd 66974
2026-08-10 16:32:08,754 [ERROR] [SystrayMonitor] [root/app_icons.py:282]: GetIconInfo failed: 0
2026-08-10 16:42:30,417 [INFO] [MainThread] [root/controller.py:35]: Exiting Application from context menu...
2026-08-10 16:42:30,522 [INFO] [MainThread] [cli_server/cli_server.py:112]: Log pipe server stopped
2026-08-10 16:42:30,522 [DEBUG] [MainThread] [cli_server/cli_server.py:206]: CLI server stopped
2026-08-10 16:42:30,538 [INFO] [MainThread] [root/bar_manager.py:92]: Stopping KomorebiEventListener...
2026-08-10 16:42:30,539 [INFO] [MainThread] [root/bar_manager.py:92]: Stopping SystemEventListener...
2026-08-10 16:42:30,539 [INFO] [MainThread] [root/bar_manager.py:92]: Stopping WindowsNotificationEventListener...
2026-08-10 16:42:30,542 [DEBUG] [MainThread] [systray_widget/systray.py:504]: Saving state to disk
2026-08-10 16:42:30,543 [DEBUG] [MainThread] [systray_widget/systray.py:508]: Saving state to C:\Users\Srinath\AppData\Local\YASB\systray_state_MLTDDISPLAY1.json
2026-08-10 16:42:30,553 [DEBUG] [MainThread] [systray_widget/utils.py:96]: Destroying window 66974
2026-08-10 16:42:30,557 [DEBUG] [MainThread] [qasync._windows._EventPoller/_windows.py:220]: Stopping worker thread...
2026-08-10 16:42:30,568 [DEBUG] [Dummy-9] [qasync._windows._EventWorker/_windows.py:204]: Exiting thread
2026-08-10 16:42:30,569 [DEBUG] [MainThread] [qasync._windows._IocpProactor/_windows.py:78]: Closing
2026-08-10 16:42:30,586 [DEBUG] [MainThread] [systray_widget/utils.py:96]: Destroying window 66974
2026-08-10 17:15:41,535 [INFO] [MainThread] [root/log.py:69]: YASB v1.8.5
2026-08-10 17:15:41,537 [INFO] [Thread-1 (_run_server)] [cli_server/cli_server.py:212]: CLI server started v1.1.4
2026-08-10 17:15:41,537 [INFO] [MainThread] [cli_server/cli_server.py:104]: Log pipe server started
2026-08-10 17:15:43,066 [INFO] [MainThread] [root/service.py:48]: AudioOutputService starting...
2026-08-10 17:15:44,238 [INFO] [MainThread] [root/bar_manager.py:85]: Starting SystemEventListener...
2026-08-10 17:15:44,239 [INFO] [MainThread] [root/bar_manager.py:85]: Starting WindowsNotificationEventListener...
2026-08-10 17:15:44,240 [INFO] [MainThread] [root/bar_manager.py:85]: Starting KomorebiEventListener...
2026-08-10 17:15:44,241 [INFO] [MainThread] [root/watcher.py:54]: Created file watcher for path C:\Users\Srinath\.config\yasb
2026-08-10 17:15:44,242 [INFO] [Dummy-6] [root/event_listener.py:51]: Created named pipe yasb-0530e213-94b1-11f1-8603-b48c9d368940
2026-08-10 17:15:44,384 [INFO] [MainThread] [root/update_service.py:404]: Background update checker started
2026-08-10 17:15:44,384 [DEBUG] [MainThread] [qasync._windows._EventPoller/_windows.py:215]: Starting (proactor: <_IocpProactor overlapped#=0 result#=0>)...
2026-08-10 17:15:44,386 [DEBUG] [Dummy-9] [qasync._windows._EventWorker/_windows.py:195]: Thread started
2026-08-10 17:15:44,390 [DEBUG] [MainThread] [systray_widget/systray.py:526]: Loading state from C:\Users\Srinath\AppData\Local\YASB\systray_state_MLTDDISPLAY1.json
2026-08-10 17:15:44,432 [DEBUG] [SystrayMonitor] [systray_widget/systray.py:57]: Systray thread is starting...
2026-08-10 17:15:44,692 [DEBUG] [MainThread] [systray_widget/systray.py:277]: Systray thread started
2026-08-10 17:15:45,322 [DEBUG] [SystrayMonitor] [systray_widget/systray_monitor.py:164]: Adding TaskbandHWND prop to hwnd 67118
2026-08-10 17:15:45,332 [DEBUG] [SystrayMonitor] [systray_widget/systray_monitor.py:242]: Finding real tray hwnd
2026-08-10 17:15:45,336 [DEBUG] [MainThread] [systray_widget/systray_monitor.py:157]: Sending TaskbarCreated message: 49342
2026-08-10 17:15:45,947 [ERROR] [UpdateChecker] [root/update_service.py:271]: GitHub API HTTP error: 403 rate limit exceeded
2026-08-10 17:15:45,947 [WARNING] [UpdateChecker] [root/update_service.py:400]: Background update check failed: HTTP Error 403: rate limit exceeded
2026-08-10 17:30:17,446 [ERROR] [SystrayMonitor] [root/app_icons.py:282]: GetIconInfo failed: 0
2026-08-10 18:58:07,719 [ERROR] [MainThread] [wifi_widget/wifi.py:193]: Error in wifi widget update: [Errno 11004] getaddrinfo failed
2026-08-10 21:35:36,663 [INFO] [MainThread] [root/bar_manager.py:92]: Stopping SystemEventListener...
2026-08-10 21:35:36,664 [INFO] [MainThread] [root/bar_manager.py:92]: Stopping WindowsNotificationEventListener...
2026-08-10 21:35:36,665 [INFO] [MainThread] [root/bar_manager.py:92]: Stopping KomorebiEventListener...
2026-08-10 21:35:36,668 [DEBUG] [MainThread] [systray_widget/systray.py:504]: Saving state to disk
2026-08-10 21:35:36,669 [DEBUG] [MainThread] [systray_widget/systray.py:508]: Saving state to C:\Users\Srinath\AppData\Local\YASB\systray_state_MLTDDISPLAY1.json
2026-08-10 21:35:36,672 [DEBUG] [MainThread] [systray_widget/utils.py:96]: Destroying window 67118
2026-08-11 01:03:02,580 [INFO] [MainThread] [root/log.py:69]: YASB v1.8.5
2026-08-11 01:03:02,582 [INFO] [Thread-1 (_run_server)] [cli_server/cli_server.py:212]: CLI server started v1.1.4
2026-08-11 01:03:02,582 [INFO] [MainThread] [cli_server/cli_server.py:104]: Log pipe server started
2026-08-11 01:03:05,742 [INFO] [MainThread] [root/service.py:48]: AudioOutputService starting...
2026-08-11 01:03:08,650 [INFO] [MainThread] [root/bar_manager.py:85]: Starting KomorebiEventListener...
2026-08-11 01:03:08,651 [INFO] [MainThread] [root/bar_manager.py:85]: Starting SystemEventListener...
2026-08-11 01:03:08,652 [INFO] [Dummy-4] [root/event_listener.py:51]: Created named pipe yasb-50f6497a-94f2-11f1-a550-b48c9d368940
2026-08-11 01:03:08,653 [INFO] [MainThread] [root/bar_manager.py:85]: Starting WindowsNotificationEventListener...
2026-08-11 01:03:08,656 [INFO] [MainThread] [root/watcher.py:54]: Created file watcher for path C:\Users\Srinath\.config\yasb
2026-08-11 01:03:08,927 [INFO] [MainThread] [root/update_service.py:404]: Background update checker started
2026-08-11 01:03:08,928 [DEBUG] [MainThread] [qasync._windows._EventPoller/_windows.py:215]: Starting (proactor: <_IocpProactor overlapped#=0 result#=0>)...
2026-08-11 01:03:08,935 [DEBUG] [Dummy-9] [qasync._windows._EventWorker/_windows.py:195]: Thread started
2026-08-11 01:03:08,944 [DEBUG] [MainThread] [systray_widget/systray.py:526]: Loading state from C:\Users\Srinath\AppData\Local\YASB\systray_state_MLTDDISPLAY1.json
2026-08-11 01:03:08,996 [DEBUG] [SystrayMonitor] [systray_widget/systray.py:57]: Systray thread is starting...
2026-08-11 01:03:10,013 [DEBUG] [SystrayMonitor] [systray_widget/systray_monitor.py:242]: Finding real tray hwnd
2026-08-11 01:03:11,063 [DEBUG] [MainThread] [systray_widget/systray.py:277]: Systray thread started
2026-08-11 01:03:11,241 [ERROR] [UpdateChecker] [root/update_service.py:271]: GitHub API HTTP error: 403 rate limit exceeded
2026-08-11 01:03:11,241 [WARNING] [UpdateChecker] [root/update_service.py:400]: Background update check failed: HTTP Error 403: rate limit exceeded
2026-08-11 01:03:11,597 [DEBUG] [SystrayMonitor] [systray_widget/systray_monitor.py:164]: Adding TaskbandHWND prop to hwnd 71368
2026-08-11 01:03:11,612 [DEBUG] [MainThread] [systray_widget/systray_monitor.py:157]: Sending TaskbarCreated message: 49359
2026-08-11 01:40:21,729 [INFO] [MainThread] [root/bar_manager.py:80]: Screens updated. Re-initialising all bars.
2026-08-11 01:40:21,729 [INFO] [MainThread] [root/controller.py:15]: Reloading Application because of screen update.
2026-08-11 01:40:21,830 [INFO] [MainThread] [cli_server/cli_server.py:112]: Log pipe server stopped
2026-08-11 01:40:21,831 [DEBUG] [MainThread] [cli_server/cli_server.py:206]: CLI server stopped
2026-08-11 01:40:22,477 [INFO] [MainThread] [root/bar_manager.py:80]: Screens updated. Re-initialising all bars.
2026-08-11 01:40:22,477 [INFO] [MainThread] [root/controller.py:15]: Reloading Application because of screen update.
2026-08-11 01:40:22,587 [INFO] [MainThread] [cli_server/cli_server.py:112]: Log pipe server stopped
2026-08-11 01:40:22,587 [DEBUG] [MainThread] [cli_server/cli_server.py:206]: CLI server stopped
2026-08-11 01:40:24,131 [INFO] [MainThread] [root/bar_manager.py:92]: Stopping KomorebiEventListener...
2026-08-11 01:40:24,131 [INFO] [MainThread] [root/bar_manager.py:92]: Stopping SystemEventListener...
2026-08-11 01:40:24,131 [INFO] [MainThread] [root/bar_manager.py:92]: Stopping WindowsNotificationEventListener...
2026-08-11 01:40:24,137 [DEBUG] [MainThread] [systray_widget/systray.py:504]: Saving state to disk
2026-08-11 01:40:24,138 [DEBUG] [MainThread] [systray_widget/systray.py:508]: Saving state to C:\Users\Srinath\AppData\Local\YASB\systray_state_DISPLAY4.json
2026-08-11 01:40:24,148 [DEBUG] [MainThread] [systray_widget/utils.py:96]: Destroying window 71368
2026-08-11 01:40:24,153 [DEBUG] [MainThread] [qasync._windows._EventPoller/_windows.py:220]: Stopping worker thread...
2026-08-11 01:40:24,165 [DEBUG] [Dummy-9] [qasync._windows._EventWorker/_windows.py:204]: Exiting thread
2026-08-11 01:40:24,168 [DEBUG] [MainThread] [qasync._windows._IocpProactor/_windows.py:78]: Closing
2026-08-11 01:40:24,188 [DEBUG] [MainThread] [systray_widget/utils.py:96]: Destroying window 71368
2026-08-11 01:40:25,291 [INFO] [MainThread] [root/log.py:69]: YASB v1.8.5
2026-08-11 01:40:25,291 [INFO] [MainThread] [root/log.py:69]: YASB v1.8.5
2026-08-11 01:40:25,292 [INFO] [Thread-1 (_run_server)] [cli_server/cli_server.py:212]: CLI server started v1.1.4
2026-08-11 01:40:25,292 [INFO] [Thread-1 (_run_server)] [cli_server/cli_server.py:212]: CLI server started v1.1.4
2026-08-11 01:40:25,292 [INFO] [MainThread] [cli_server/cli_server.py:104]: Log pipe server started
2026-08-11 01:40:25,293 [INFO] [MainThread] [root/main.py:45]: Waiting for previous YASB instance to exit...
2026-08-11 01:40:28,994 [INFO] [MainThread] [root/service.py:48]: AudioOutputService starting...
2026-08-11 01:40:31,005 [INFO] [MainThread] [root/bar_manager.py:85]: Starting KomorebiEventListener...
2026-08-11 01:40:31,005 [INFO] [MainThread] [root/bar_manager.py:85]: Starting WindowsNotificationEventListener...
2026-08-11 01:40:31,006 [INFO] [Dummy-4] [root/event_listener.py:51]: Created named pipe yasb-898270af-94f7-11f1-8cf6-b48c9d368940
2026-08-11 01:40:31,007 [INFO] [MainThread] [root/bar_manager.py:85]: Starting SystemEventListener...
2026-08-11 01:40:31,008 [INFO] [MainThread] [root/watcher.py:54]: Created file watcher for path C:\Users\Srinath\.config\yasb
2026-08-11 01:40:31,144 [INFO] [MainThread] [root/update_service.py:404]: Background update checker started
2026-08-11 01:40:31,145 [DEBUG] [MainThread] [qasync._windows._EventPoller/_windows.py:215]: Starting (proactor: <_IocpProactor overlapped#=0 result#=0>)...
2026-08-11 01:40:31,146 [DEBUG] [Dummy-9] [qasync._windows._EventWorker/_windows.py:195]: Thread started
2026-08-11 01:40:31,150 [DEBUG] [MainThread] [systray_widget/systray.py:526]: Loading state from C:\Users\Srinath\AppData\Local\YASB\systray_state_ACERTECHNOLOGIESVG271UM31322131231233.json
2026-08-11 01:40:31,182 [DEBUG] [SystrayMonitor] [systray_widget/systray.py:57]: Systray thread is starting...
2026-08-11 01:40:31,515 [DEBUG] [SystrayMonitor] [systray_widget/systray_monitor.py:242]: Finding real tray hwnd
2026-08-11 01:40:31,545 [WARNING] [UpdateChecker] [root/update_service.py:274]: Network error checking for updates: [WinError 10013] An attempt was made to access a socket in a way forbidden by its access permissions
2026-08-11 01:40:31,545 [WARNING] [UpdateChecker] [root/update_service.py:400]: Background update check failed: <urlopen error [WinError 10013] An attempt was made to access a socket in a way forbidden by its access permissions>
2026-08-11 01:40:34,096 [INFO] [MainThread] [root/bar_manager.py:80]: Screens updated. Re-initialising all bars.
2026-08-11 01:40:34,097 [INFO] [MainThread] [root/controller.py:15]: Reloading Application because of screen update.
2026-08-11 01:40:34,211 [INFO] [MainThread] [cli_server/cli_server.py:112]: Log pipe server stopped
2026-08-11 01:40:34,213 [DEBUG] [MainThread] [cli_server/cli_server.py:206]: CLI server stopped
2026-08-11 01:40:34,246 [DEBUG] [MainThread] [systray_widget/systray.py:277]: Systray thread started
2026-08-11 01:40:34,531 [INFO] [MainThread] [root/bar_manager.py:80]: Screens updated. Re-initialising all bars.
2026-08-11 01:40:34,531 [INFO] [MainThread] [root/controller.py:15]: Reloading Application because of screen update.
2026-08-11 01:40:34,632 [INFO] [MainThread] [cli_server/cli_server.py:112]: Log pipe server stopped
2026-08-11 01:40:34,633 [DEBUG] [MainThread] [cli_server/cli_server.py:206]: CLI server stopped
2026-08-11 01:40:35,112 [DEBUG] [SystrayMonitor] [systray_widget/systray_monitor.py:164]: Adding TaskbandHWND prop to hwnd 136950
2026-08-11 01:40:35,406 [ERROR] [MainThread] [root/main.py:68]: Timeout waiting for previous instance. Aborting start.
2026-08-11 01:40:35,444 [DEBUG] [MainThread] [systray_widget/systray_monitor.py:157]: Sending TaskbarCreated message: 49359
2026-08-11 01:40:37,821 [INFO] [MainThread] [root/bar_manager.py:92]: Stopping KomorebiEventListener...
2026-08-11 01:40:37,821 [INFO] [MainThread] [root/bar_manager.py:92]: Stopping WindowsNotificationEventListener...
2026-08-11 01:40:37,822 [INFO] [MainThread] [root/bar_manager.py:92]: Stopping SystemEventListener...
2026-08-11 01:40:37,830 [DEBUG] [MainThread] [systray_widget/systray.py:504]: Saving state to disk
2026-08-11 01:40:37,831 [DEBUG] [MainThread] [systray_widget/systray.py:508]: Saving state to C:\Users\Srinath\AppData\Local\YASB\systray_state_MLTDACERTECHNOLOGIESVG271UM31322131231233.json
2026-08-11 01:40:37,832 [DEBUG] [MainThread] [systray_widget/systray.py:516]: State file not found.
2026-08-11 01:40:37,833 [DEBUG] [MainThread] [systray_widget/utils.py:96]: Destroying window 136950
2026-08-11 01:40:37,845 [DEBUG] [MainThread] [qasync._windows._EventPoller/_windows.py:220]: Stopping worker thread...
2026-08-11 01:40:37,847 [DEBUG] [Dummy-9] [qasync._windows._EventWorker/_windows.py:204]: Exiting thread
2026-08-11 01:40:37,853 [DEBUG] [MainThread] [qasync._windows._IocpProactor/_windows.py:78]: Closing
2026-08-11 01:40:37,901 [DEBUG] [MainThread] [systray_widget/utils.py:96]: Destroying window 136950
2026-08-11 01:40:38,134 [INFO] [MainThread] [root/log.py:69]: YASB v1.8.5
2026-08-11 01:40:38,136 [INFO] [MainThread] [root/log.py:69]: YASB v1.8.5
2026-08-11 01:40:38,136 [INFO] [Thread-1 (_run_server)] [cli_server/cli_server.py:212]: CLI server started v1.1.4
2026-08-11 01:40:38,136 [INFO] [MainThread] [cli_server/cli_server.py:104]: Log pipe server started
2026-08-11 01:40:38,137 [INFO] [Thread-1 (_run_server)] [cli_server/cli_server.py:212]: CLI server started v1.1.4
2026-08-11 01:40:38,138 [INFO] [MainThread] [cli_server/cli_server.py:104]: Log pipe server started
2026-08-11 01:40:38,138 [INFO] [MainThread] [root/main.py:45]: Waiting for previous YASB instance to exit...
2026-08-11 01:40:39,245 [INFO] [MainThread] [root/service.py:48]: AudioOutputService starting...
2026-08-11 01:40:39,841 [INFO] [MainThread] [root/bar_manager.py:85]: Starting WindowsNotificationEventListener...
2026-08-11 01:40:39,843 [INFO] [MainThread] [root/bar_manager.py:85]: Starting SystemEventListener...
2026-08-11 01:40:39,843 [INFO] [MainThread] [root/bar_manager.py:85]: Starting KomorebiEventListener...
2026-08-11 01:40:39,844 [INFO] [MainThread] [root/watcher.py:54]: Created file watcher for path C:\Users\Srinath\.config\yasb
2026-08-11 01:40:39,866 [INFO] [Dummy-6] [root/event_listener.py:51]: Created named pipe yasb-8ec7023d-94f7-11f1-836e-b48c9d368940
2026-08-11 01:40:39,910 [INFO] [MainThread] [root/update_service.py:404]: Background update checker started
2026-08-11 01:40:39,910 [DEBUG] [MainThread] [qasync._windows._EventPoller/_windows.py:215]: Starting (proactor: <_IocpProactor overlapped#=0 result#=0>)...
2026-08-11 01:40:39,912 [DEBUG] [Dummy-9] [qasync._windows._EventWorker/_windows.py:195]: Thread started
2026-08-11 01:40:39,917 [DEBUG] [MainThread] [systray_widget/systray.py:526]: Loading state from C:\Users\Srinath\AppData\Local\YASB\systray_state_MLTDACERTECHNOLOGIESVG271UM31322131231233.json
2026-08-11 01:40:39,950 [DEBUG] [SystrayMonitor] [systray_widget/systray.py:57]: Systray thread is starting...
2026-08-11 01:40:40,248 [DEBUG] [MainThread] [systray_widget/systray.py:277]: Systray thread started
2026-08-11 01:40:40,450 [DEBUG] [SystrayMonitor] [systray_widget/systray_monitor.py:164]: Adding TaskbandHWND prop to hwnd 529880
2026-08-11 01:40:40,457 [DEBUG] [SystrayMonitor] [systray_widget/systray_monitor.py:242]: Finding real tray hwnd
2026-08-11 01:40:40,461 [DEBUG] [MainThread] [systray_widget/systray_monitor.py:157]: Sending TaskbarCreated message: 49359
2026-08-11 01:40:48,197 [ERROR] [MainThread] [root/main.py:68]: Timeout waiting for previous instance. Aborting start.
2026-08-11 01:41:01,870 [INFO] [MainThread] [root/bar_manager.py:80]: Screens updated. Re-initialising all bars.
2026-08-11 01:41:01,870 [INFO] [MainThread] [root/controller.py:15]: Reloading Application because of screen update.
2026-08-11 01:41:01,979 [INFO] [MainThread] [cli_server/cli_server.py:112]: Log pipe server stopped
2026-08-11 01:41:01,980 [DEBUG] [MainThread] [cli_server/cli_server.py:206]: CLI server stopped
2026-08-11 01:41:03,613 [INFO] [MainThread] [root/bar_manager.py:80]: Screens updated. Re-initialising all bars.
2026-08-11 01:41:03,613 [INFO] [MainThread] [root/controller.py:15]: Reloading Application because of screen update.
2026-08-11 01:41:03,728 [INFO] [MainThread] [cli_server/cli_server.py:112]: Log pipe server stopped
2026-08-11 01:41:03,728 [DEBUG] [MainThread] [cli_server/cli_server.py:206]: CLI server stopped
2026-08-11 01:41:04,410 [INFO] [MainThread] [root/bar_manager.py:92]: Stopping WindowsNotificationEventListener...
2026-08-11 01:41:04,411 [INFO] [MainThread] [root/bar_manager.py:92]: Stopping SystemEventListener...
2026-08-11 01:41:04,411 [INFO] [MainThread] [root/bar_manager.py:92]: Stopping KomorebiEventListener...
2026-08-11 01:41:04,419 [DEBUG] [MainThread] [systray_widget/systray.py:504]: Saving state to disk
2026-08-11 01:41:04,420 [DEBUG] [MainThread] [systray_widget/systray.py:508]: Saving state to C:\Users\Srinath\AppData\Local\YASB\systray_state_ACERTECHNOLOGIESVG271UM31322131231233.json
2026-08-11 01:41:04,422 [DEBUG] [MainThread] [systray_widget/utils.py:96]: Destroying window 529880
2026-08-11 01:41:04,430 [DEBUG] [MainThread] [qasync._windows._EventPoller/_windows.py:220]: Stopping worker thread...
2026-08-11 01:41:04,444 [DEBUG] [Dummy-9] [qasync._windows._EventWorker/_windows.py:204]: Exiting thread
2026-08-11 01:41:04,448 [DEBUG] [MainThread] [qasync._windows._IocpProactor/_windows.py:78]: Closing
2026-08-11 01:41:04,468 [DEBUG] [MainThread] [systray_widget/utils.py:96]: Destroying window 529880
2026-08-11 01:41:04,788 [INFO] [MainThread] [root/log.py:69]: YASB v1.8.5
2026-08-11 01:41:04,790 [INFO] [Thread-1 (_run_server)] [cli_server/cli_server.py:212]: CLI server started v1.1.4
2026-08-11 01:41:04,790 [INFO] [MainThread] [cli_server/cli_server.py:104]: Log pipe server started
2026-08-11 01:41:04,794 [INFO] [MainThread] [root/log.py:69]: YASB v1.8.5
2026-08-11 01:41:04,796 [INFO] [Thread-1 (_run_server)] [cli_server/cli_server.py:212]: CLI server started v1.1.4
2026-08-11 01:41:04,797 [INFO] [MainThread] [cli_server/cli_server.py:104]: Log pipe server started
2026-08-11 01:41:04,797 [INFO] [MainThread] [root/main.py:45]: Waiting for previous YASB instance to exit...
2026-08-11 01:41:06,018 [INFO] [MainThread] [root/service.py:48]: AudioOutputService starting...
2026-08-11 01:41:06,643 [INFO] [MainThread] [root/bar_manager.py:85]: Starting SystemEventListener...
2026-08-11 01:41:06,643 [INFO] [MainThread] [root/bar_manager.py:85]: Starting KomorebiEventListener...
2026-08-11 01:41:06,644 [INFO] [MainThread] [root/bar_manager.py:85]: Starting WindowsNotificationEventListener...
2026-08-11 01:41:06,645 [INFO] [Dummy-4] [root/event_listener.py:51]: Created named pipe yasb-9ec071ec-94f7-11f1-a14f-b48c9d368940
2026-08-11 01:41:06,646 [INFO] [MainThread] [root/watcher.py:54]: Created file watcher for path C:\Users\Srinath\.config\yasb
2026-08-11 01:41:06,711 [INFO] [MainThread] [root/update_service.py:404]: Background update checker started
2026-08-11 01:41:06,711 [DEBUG] [MainThread] [qasync._windows._EventPoller/_windows.py:215]: Starting (proactor: <_IocpProactor overlapped#=0 result#=0>)...
2026-08-11 01:41:06,714 [DEBUG] [Dummy-9] [qasync._windows._EventWorker/_windows.py:195]: Thread started
2026-08-11 01:41:06,719 [DEBUG] [MainThread] [systray_widget/systray.py:526]: Loading state from C:\Users\Srinath\AppData\Local\YASB\systray_state_ACERTECHNOLOGIESVG271UM31322131231233.json
2026-08-11 01:41:06,720 [DEBUG] [SystrayMonitor] [systray_widget/systray.py:57]: Systray thread is starting...
2026-08-11 01:41:07,033 [DEBUG] [SystrayMonitor] [systray_widget/systray_monitor.py:242]: Finding real tray hwnd
2026-08-11 01:41:07,036 [DEBUG] [MainThread] [systray_widget/systray.py:277]: Systray thread started
2026-08-11 01:41:07,238 [DEBUG] [SystrayMonitor] [systray_widget/systray_monitor.py:164]: Adding TaskbandHWND prop to hwnd 398888
2026-08-11 01:41:07,247 [DEBUG] [MainThread] [systray_widget/systray_monitor.py:157]: Sending TaskbarCreated message: 49359
2026-08-11 01:41:14,813 [ERROR] [MainThread] [root/main.py:68]: Timeout waiting for previous instance. Aborting start.
2026-08-11 01:57:16,330 [ERROR] [SystrayMonitor] [root/app_icons.py:282]: GetIconInfo failed: 0
2026-08-11 11:39:52,606 [ERROR] [Dummy-50017] [core.utils.widgets.media.media/media.py:266]: MediaCallback: Error occurred whilst fetching media properties and thumbnail: [WinError -2147286928] There is insufficient disk space to complete operation.
2026-08-11 19:42:14,283 [INFO] [MainThread] [root/bar_manager.py:92]: Stopping SystemEventListener...
2026-08-11 19:42:14,285 [INFO] [MainThread] [root/bar_manager.py:92]: Stopping KomorebiEventListener...
2026-08-11 19:42:14,286 [INFO] [MainThread] [root/bar_manager.py:92]: Stopping WindowsNotificationEventListener...
2026-08-11 19:42:14,288 [DEBUG] [MainThread] [systray_widget/systray.py:504]: Saving state to disk
2026-08-11 19:42:14,290 [DEBUG] [MainThread] [systray_widget/systray.py:508]: Saving state to C:\Users\Srinath\AppData\Local\YASB\systray_state_ACERTECHNOLOGIESVG271UM31322131231233.json
2026-08-11 19:42:14,322 [DEBUG] [MainThread] [systray_widget/utils.py:96]: Destroying window 398888
2026-08-12 04:32:15,262 [INFO] [MainThread] [root/log.py:69]: YASB v1.8.5
2026-08-12 04:32:15,264 [INFO] [Thread-1 (_run_server)] [cli_server/cli_server.py:212]: CLI server started v1.1.4
2026-08-12 04:32:15,264 [INFO] [MainThread] [cli_server/cli_server.py:104]: Log pipe server started
2026-08-12 04:32:17,342 [INFO] [MainThread] [root/service.py:48]: AudioOutputService starting...
2026-08-12 04:32:18,612 [INFO] [MainThread] [root/bar_manager.py:85]: Starting SystemEventListener...
2026-08-12 04:32:18,612 [INFO] [MainThread] [root/bar_manager.py:85]: Starting KomorebiEventListener...
2026-08-12 04:32:18,613 [INFO] [MainThread] [root/bar_manager.py:85]: Starting WindowsNotificationEventListener...
2026-08-12 04:32:18,613 [INFO] [Dummy-4] [root/event_listener.py:51]: Created named pipe yasb-b3bc3c53-95d8-11f1-b940-b48c9d368940
2026-08-12 04:32:18,615 [INFO] [MainThread] [root/watcher.py:54]: Created file watcher for path C:\Users\Srinath\.config\yasb
2026-08-12 04:32:18,760 [INFO] [MainThread] [root/update_service.py:404]: Background update checker started
2026-08-12 04:32:18,761 [DEBUG] [MainThread] [qasync._windows._EventPoller/_windows.py:215]: Starting (proactor: <_IocpProactor overlapped#=0 result#=0>)...
2026-08-12 04:32:18,762 [DEBUG] [Dummy-9] [qasync._windows._EventWorker/_windows.py:195]: Thread started
2026-08-12 04:32:18,765 [DEBUG] [MainThread] [systray_widget/systray.py:526]: Loading state from C:\Users\Srinath\AppData\Local\YASB\systray_state_ACERTECHNOLOGIESVG271UM31322131231233.json
2026-08-12 04:32:18,799 [DEBUG] [SystrayMonitor] [systray_widget/systray.py:57]: Systray thread is starting...
2026-08-12 04:32:19,053 [DEBUG] [MainThread] [systray_widget/systray.py:277]: Systray thread started
2026-08-12 04:32:19,256 [DEBUG] [SystrayMonitor] [systray_widget/systray_monitor.py:164]: Adding TaskbandHWND prop to hwnd 66876
2026-08-12 04:32:19,264 [DEBUG] [SystrayMonitor] [systray_widget/systray_monitor.py:242]: Finding real tray hwnd
2026-08-12 04:32:19,276 [DEBUG] [MainThread] [systray_widget/systray_monitor.py:157]: Sending TaskbarCreated message: 49366
2026-08-12 06:08:00,780 [INFO] [MainThread] [root/controller.py:35]: Exiting Application...
2026-08-12 06:08:00,891 [INFO] [MainThread] [cli_server/cli_server.py:112]: Log pipe server stopped
2026-08-12 06:08:00,892 [DEBUG] [MainThread] [cli_server/cli_server.py:206]: CLI server stopped
2026-08-12 06:08:01,151 [INFO] [MainThread] [root/bar_manager.py:92]: Stopping SystemEventListener...
2026-08-12 06:08:01,152 [INFO] [MainThread] [root/bar_manager.py:92]: Stopping KomorebiEventListener...
2026-08-12 06:08:01,152 [INFO] [MainThread] [root/bar_manager.py:92]: Stopping WindowsNotificationEventListener...
2026-08-12 06:08:01,160 [DEBUG] [MainThread] [systray_widget/systray.py:504]: Saving state to disk
2026-08-12 06:08:01,161 [DEBUG] [MainThread] [systray_widget/systray.py:508]: Saving state to C:\Users\Srinath\AppData\Local\YASB\systray_state_ACERTECHNOLOGIESVG271UM31322131231233.json
2026-08-12 06:08:01,179 [DEBUG] [MainThread] [systray_widget/utils.py:96]: Destroying window 66876
2026-08-12 06:08:01,204 [DEBUG] [MainThread] [qasync._windows._EventPoller/_windows.py:220]: Stopping worker thread...
2026-08-12 06:08:01,218 [DEBUG] [Dummy-9] [qasync._windows._EventWorker/_windows.py:204]: Exiting thread
2026-08-12 06:08:01,221 [DEBUG] [MainThread] [qasync._windows._IocpProactor/_windows.py:78]: Closing
2026-08-12 06:08:01,256 [DEBUG] [MainThread] [systray_widget/utils.py:96]: Destroying window 66876
2026-08-12 11:37:43,858 [INFO] [MainThread] [root/log.py:69]: YASB v1.8.5
2026-08-12 11:37:43,859 [INFO] [Thread-1 (_run_server)] [cli_server/cli_server.py:212]: CLI server started v1.1.4
2026-08-12 11:37:43,860 [INFO] [MainThread] [cli_server/cli_server.py:104]: Log pipe server started
2026-08-12 11:37:45,294 [INFO] [MainThread] [root/service.py:48]: AudioOutputService starting...
2026-08-12 11:37:46,106 [INFO] [MainThread] [root/bar_manager.py:85]: Starting KomorebiEventListener...
2026-08-12 11:37:46,106 [INFO] [MainThread] [root/bar_manager.py:85]: Starting WindowsNotificationEventListener...
2026-08-12 11:37:46,107 [INFO] [Dummy-4] [root/event_listener.py:51]: Created named pipe yasb-234ea3b4-9614-11f1-904b-b48c9d368940
2026-08-12 11:37:46,108 [INFO] [MainThread] [root/bar_manager.py:85]: Starting SystemEventListener...
2026-08-12 11:37:46,108 [INFO] [MainThread] [root/watcher.py:54]: Created file watcher for path C:\Users\Srinath\.config\yasb
2026-08-12 11:37:46,231 [INFO] [MainThread] [root/update_service.py:404]: Background update checker started
2026-08-12 11:37:46,231 [DEBUG] [MainThread] [qasync._windows._EventPoller/_windows.py:215]: Starting (proactor: <_IocpProactor overlapped#=0 result#=0>)...
2026-08-12 11:37:46,233 [DEBUG] [Dummy-9] [qasync._windows._EventWorker/_windows.py:195]: Thread started
2026-08-12 11:37:46,236 [DEBUG] [MainThread] [systray_widget/systray.py:526]: Loading state from C:\Users\Srinath\AppData\Local\YASB\systray_state_ACERTECHNOLOGIESVG271UM31322131231233.json
2026-08-12 11:37:46,268 [DEBUG] [SystrayMonitor] [systray_widget/systray.py:57]: Systray thread is starting...
2026-08-12 11:37:46,487 [DEBUG] [MainThread] [systray_widget/systray.py:277]: Systray thread started
2026-08-12 11:37:46,689 [DEBUG] [SystrayMonitor] [systray_widget/systray_monitor.py:164]: Adding TaskbandHWND prop to hwnd 66956
2026-08-12 11:37:46,696 [DEBUG] [SystrayMonitor] [systray_widget/systray_monitor.py:242]: Finding real tray hwnd
2026-08-12 11:37:46,699 [DEBUG] [MainThread] [systray_widget/systray_monitor.py:157]: Sending TaskbarCreated message: 49367
2026-08-12 11:39:40,267 [ERROR] [SystrayMonitor] [root/app_icons.py:282]: GetIconInfo failed: 0
2026-08-12 11:53:40,218 [INFO] [MainThread] [root/bar_manager.py:80]: Screens updated. Re-initialising all bars.
2026-08-12 11:53:40,219 [INFO] [MainThread] [root/controller.py:15]: Reloading Application because of screen update.
2026-08-12 11:53:40,327 [INFO] [MainThread] [cli_server/cli_server.py:112]: Log pipe server stopped
2026-08-12 11:53:40,328 [DEBUG] [MainThread] [cli_server/cli_server.py:206]: CLI server stopped
2026-08-12 11:53:43,766 [INFO] [MainThread] [root/bar_manager.py:92]: Stopping KomorebiEventListener...
2026-08-12 11:53:43,767 [INFO] [MainThread] [root/bar_manager.py:92]: Stopping WindowsNotificationEventListener...
2026-08-12 11:53:43,767 [INFO] [MainThread] [root/bar_manager.py:92]: Stopping SystemEventListener...
2026-08-12 11:53:45,348 [INFO] [MainThread] [root/log.py:69]: YASB v1.8.5
2026-08-12 11:53:45,349 [INFO] [Thread-1 (_run_server)] [cli_server/cli_server.py:212]: CLI server started v1.1.4
2026-08-12 11:53:45,350 [INFO] [MainThread] [cli_server/cli_server.py:104]: Log pipe server started
2026-08-12 11:53:45,350 [INFO] [MainThread] [root/main.py:45]: Waiting for previous YASB instance to exit...
2026-08-12 11:53:46,603 [INFO] [MainThread] [root/main.py:71]: Previous instance exited, continuing startup.
2026-08-12 11:53:48,604 [INFO] [MainThread] [root/service.py:48]: AudioOutputService starting...
2026-08-12 11:53:51,312 [INFO] [MainThread] [root/bar_manager.py:85]: Starting KomorebiEventListener...
2026-08-12 11:53:51,313 [INFO] [MainThread] [root/bar_manager.py:85]: Starting WindowsNotificationEventListener...
2026-08-12 11:53:51,315 [INFO] [Dummy-4] [root/event_listener.py:51]: Created named pipe yasb-629d8223-9616-11f1-a8b7-b48c9d368940
2026-08-12 11:53:51,317 [INFO] [MainThread] [root/bar_manager.py:85]: Starting SystemEventListener...
2026-08-12 11:53:51,318 [INFO] [MainThread] [root/watcher.py:54]: Created file watcher for path C:\Users\Srinath\.config\yasb
2026-08-12 11:53:51,494 [INFO] [MainThread] [root/update_service.py:404]: Background update checker started
2026-08-12 11:53:51,495 [DEBUG] [MainThread] [qasync._windows._EventPoller/_windows.py:215]: Starting (proactor: <_IocpProactor overlapped#=0 result#=0>)...
2026-08-12 11:53:51,497 [DEBUG] [Dummy-9] [qasync._windows._EventWorker/_windows.py:195]: Thread started
2026-08-12 11:53:51,502 [DEBUG] [MainThread] [systray_widget/systray.py:526]: Loading state from C:\Users\Srinath\AppData\Local\YASB\systray_state_ACERTECHNOLOGIESVG271UM31322131231233.json
2026-08-12 11:53:51,517 [DEBUG] [SystrayMonitor] [systray_widget/systray.py:57]: Systray thread is starting...
2026-08-12 11:53:52,058 [DEBUG] [SystrayMonitor] [systray_widget/systray_monitor.py:242]: Finding real tray hwnd
2026-08-12 11:53:53,173 [DEBUG] [MainThread] [systray_widget/systray.py:277]: Systray thread started
2026-08-12 11:53:54,041 [DEBUG] [SystrayMonitor] [systray_widget/systray_monitor.py:164]: Adding TaskbandHWND prop to hwnd 132454
2026-08-12 11:53:54,063 [DEBUG] [MainThread] [systray_widget/systray_monitor.py:157]: Sending TaskbarCreated message: 49367
2026-08-12 12:32:52,456 [INFO] [MainThread] [root/controller.py:35]: Exiting Application...
2026-08-12 12:32:52,559 [INFO] [MainThread] [cli_server/cli_server.py:112]: Log pipe server stopped
2026-08-12 12:32:52,559 [DEBUG] [MainThread] [cli_server/cli_server.py:206]: CLI server stopped
2026-08-12 12:32:52,920 [INFO] [MainThread] [root/bar_manager.py:92]: Stopping KomorebiEventListener...
2026-08-12 12:32:52,920 [INFO] [MainThread] [root/bar_manager.py:92]: Stopping WindowsNotificationEventListener...
2026-08-12 12:32:52,921 [INFO] [MainThread] [root/bar_manager.py:92]: Stopping SystemEventListener...
2026-08-12 12:32:52,928 [DEBUG] [MainThread] [systray_widget/systray.py:504]: Saving state to disk
2026-08-12 12:32:52,929 [DEBUG] [MainThread] [systray_widget/systray.py:508]: Saving state to C:\Users\Srinath\AppData\Local\YASB\systray_state_ACERTECHNOLOGIESVG271UM31322131231233.json
2026-08-12 12:32:52,931 [DEBUG] [MainThread] [systray_widget/utils.py:96]: Destroying window 132454
2026-08-12 12:32:52,964 [DEBUG] [MainThread] [qasync._windows._EventPoller/_windows.py:220]: Stopping worker thread...
2026-08-12 12:32:52,965 [DEBUG] [Dummy-9] [qasync._windows._EventWorker/_windows.py:204]: Exiting thread
2026-08-12 12:32:52,968 [DEBUG] [MainThread] [qasync._windows._IocpProactor/_windows.py:78]: Closing
2026-08-12 12:32:53,022 [DEBUG] [MainThread] [systray_widget/utils.py:96]: Destroying window 132454
2026-08-12 14:23:43,089 [INFO] [MainThread] [root/log.py:69]: YASB v1.8.5
2026-08-12 14:23:43,090 [INFO] [Thread-1 (_run_server)] [cli_server/cli_server.py:212]: CLI server started v1.1.4
2026-08-12 14:23:43,091 [INFO] [MainThread] [cli_server/cli_server.py:104]: Log pipe server started
2026-08-12 14:23:44,502 [INFO] [MainThread] [root/service.py:48]: AudioOutputService starting...
2026-08-12 14:23:45,365 [INFO] [MainThread] [root/bar_manager.py:85]: Starting WindowsNotificationEventListener...
2026-08-12 14:23:45,366 [INFO] [MainThread] [root/bar_manager.py:85]: Starting SystemEventListener...
2026-08-12 14:23:45,366 [INFO] [MainThread] [root/bar_manager.py:85]: Starting KomorebiEventListener...
2026-08-12 14:23:45,367 [INFO] [MainThread] [root/watcher.py:54]: Created file watcher for path C:\Users\Srinath\.config\yasb
2026-08-12 14:23:45,369 [INFO] [Dummy-6] [root/event_listener.py:51]: Created named pipe yasb-537d2804-962b-11f1-afb0-b68c9d368921
2026-08-12 14:23:45,512 [INFO] [MainThread] [root/update_service.py:404]: Background update checker started
2026-08-12 14:23:45,512 [DEBUG] [MainThread] [qasync._windows._EventPoller/_windows.py:215]: Starting (proactor: <_IocpProactor overlapped#=0 result#=0>)...
2026-08-12 14:23:45,546 [DEBUG] [Dummy-9] [qasync._windows._EventWorker/_windows.py:195]: Thread started
2026-08-12 14:23:45,561 [DEBUG] [MainThread] [systray_widget/systray.py:526]: Loading state from C:\Users\Srinath\AppData\Local\YASB\systray_state_ACERTECHNOLOGIESVG271UM31322131231233.json
2026-08-12 14:23:45,575 [DEBUG] [SystrayMonitor] [systray_widget/systray.py:57]: Systray thread is starting...
2026-08-12 14:23:45,862 [DEBUG] [MainThread] [systray_widget/systray.py:277]: Systray thread started
2026-08-12 14:23:46,064 [DEBUG] [SystrayMonitor] [systray_widget/systray_monitor.py:164]: Adding TaskbandHWND prop to hwnd 66914
2026-08-12 14:23:46,072 [DEBUG] [SystrayMonitor] [systray_widget/systray_monitor.py:242]: Finding real tray hwnd
2026-08-12 14:23:46,075 [DEBUG] [MainThread] [systray_widget/systray_monitor.py:157]: Sending TaskbarCreated message: 49365
2026-08-12 14:23:49,329 [INFO] [MainThread] [root/bar_manager.py:80]: Screens updated. Re-initialising all bars.
2026-08-12 14:23:49,329 [INFO] [MainThread] [root/controller.py:15]: Reloading Application because of screen update.
2026-08-12 14:23:49,430 [INFO] [MainThread] [cli_server/cli_server.py:112]: Log pipe server stopped
2026-08-12 14:23:49,430 [DEBUG] [MainThread] [cli_server/cli_server.py:206]: CLI server stopped
2026-08-12 14:23:49,733 [INFO] [MainThread] [root/bar_manager.py:80]: Screens updated. Re-initialising all bars.
2026-08-12 14:23:49,734 [INFO] [MainThread] [root/controller.py:15]: Reloading Application because of screen update.
2026-08-12 14:23:49,839 [INFO] [MainThread] [cli_server/cli_server.py:112]: Log pipe server stopped
2026-08-12 14:23:49,840 [DEBUG] [MainThread] [cli_server/cli_server.py:206]: CLI server stopped
2026-08-12 14:23:52,127 [INFO] [MainThread] [root/bar_manager.py:92]: Stopping WindowsNotificationEventListener...
2026-08-12 14:23:52,128 [INFO] [MainThread] [root/bar_manager.py:92]: Stopping SystemEventListener...
2026-08-12 14:23:52,129 [INFO] [MainThread] [root/bar_manager.py:92]: Stopping KomorebiEventListener...
2026-08-12 14:23:52,136 [DEBUG] [MainThread] [systray_widget/systray.py:504]: Saving state to disk
2026-08-12 14:23:52,137 [DEBUG] [MainThread] [systray_widget/systray.py:508]: Saving state to C:\Users\Srinath\AppData\Local\YASB\systray_state_MLTDACERTECHNOLOGIESVG271UM31322131231233.json
2026-08-12 14:23:52,157 [DEBUG] [MainThread] [systray_widget/utils.py:96]: Destroying window 66914
2026-08-12 14:23:52,173 [DEBUG] [MainThread] [qasync._windows._EventPoller/_windows.py:220]: Stopping worker thread...
2026-08-12 14:23:52,186 [DEBUG] [Dummy-9] [qasync._windows._EventWorker/_windows.py:204]: Exiting thread
2026-08-12 14:23:52,191 [DEBUG] [MainThread] [qasync._windows._IocpProactor/_windows.py:78]: Closing
2026-08-12 14:23:52,201 [INFO] [MainThread] [root/log.py:69]: YASB v1.8.5
2026-08-12 14:23:52,202 [INFO] [Thread-1 (_run_server)] [cli_server/cli_server.py:212]: CLI server started v1.1.4
2026-08-12 14:23:52,203 [INFO] [MainThread] [cli_server/cli_server.py:104]: Log pipe server started
2026-08-12 14:23:52,204 [INFO] [MainThread] [root/main.py:45]: Waiting for previous YASB instance to exit...
2026-08-12 14:23:52,205 [INFO] [MainThread] [root/log.py:69]: YASB v1.8.5
2026-08-12 14:23:52,206 [INFO] [Thread-1 (_run_server)] [cli_server/cli_server.py:212]: CLI server started v1.1.4
2026-08-12 14:23:52,207 [INFO] [MainThread] [cli_server/cli_server.py:104]: Log pipe server started
2026-08-12 14:23:52,208 [INFO] [MainThread] [root/main.py:45]: Waiting for previous YASB instance to exit...
2026-08-12 14:24:02,219 [ERROR] [MainThread] [root/main.py:68]: Timeout waiting for previous instance. Aborting start.
2026-08-12 14:24:02,223 [ERROR] [MainThread] [root/main.py:68]: Timeout waiting for previous instance. Aborting start.
2026-08-12 14:24:13,242 [DEBUG] [MainThread] [systray_widget/utils.py:96]: Destroying window 66914
2026-08-12 14:24:29,158 [INFO] [MainThread] [root/log.py:69]: YASB v1.8.5
2026-08-12 14:24:29,159 [INFO] [Thread-1 (_run_server)] [cli_server/cli_server.py:212]: CLI server started v1.1.4
2026-08-12 14:24:29,160 [INFO] [MainThread] [cli_server/cli_server.py:104]: Log pipe server started
2026-08-12 14:24:30,085 [INFO] [MainThread] [root/service.py:48]: AudioOutputService starting...
2026-08-12 14:24:30,631 [INFO] [MainThread] [root/bar_manager.py:85]: Starting SystemEventListener...
2026-08-12 14:24:30,631 [INFO] [MainThread] [root/bar_manager.py:85]: Starting WindowsNotificationEventListener...
2026-08-12 14:24:30,632 [INFO] [MainThread] [root/bar_manager.py:85]: Starting KomorebiEventListener...
2026-08-12 14:24:30,633 [INFO] [MainThread] [root/watcher.py:54]: Created file watcher for path C:\Users\Srinath\.config\yasb
2026-08-12 14:24:30,634 [INFO] [Dummy-6] [root/event_listener.py:51]: Created named pipe yasb-6e783ada-962b-11f1-83be-b68c9d368921
2026-08-12 14:24:30,694 [INFO] [MainThread] [root/update_service.py:404]: Background update checker started
2026-08-12 14:24:30,695 [DEBUG] [MainThread] [qasync._windows._EventPoller/_windows.py:215]: Starting (proactor: <_IocpProactor overlapped#=0 result#=0>)...
2026-08-12 14:24:30,696 [DEBUG] [Dummy-9] [qasync._windows._EventWorker/_windows.py:195]: Thread started
2026-08-12 14:24:30,699 [DEBUG] [MainThread] [systray_widget/systray.py:526]: Loading state from C:\Users\Srinath\AppData\Local\YASB\systray_state_ACERTECHNOLOGIESVG271UM31322131231233.json
2026-08-12 14:24:30,703 [DEBUG] [SystrayMonitor] [systray_widget/systray.py:57]: Systray thread is starting...
2026-08-12 14:24:30,832 [DEBUG] [SystrayMonitor] [systray_widget/systray_monitor.py:242]: Finding real tray hwnd
2026-08-12 14:24:30,915 [DEBUG] [MainThread] [systray_widget/systray.py:277]: Systray thread started
2026-08-12 14:24:31,117 [DEBUG] [SystrayMonitor] [systray_widget/systray_monitor.py:164]: Adding TaskbandHWND prop to hwnd 1572926
2026-08-12 14:24:31,123 [DEBUG] [MainThread] [systray_widget/systray_monitor.py:157]: Sending TaskbarCreated message: 49365
2026-08-12 14:25:53,845 [ERROR] [SystrayMonitor] [root/app_icons.py:282]: GetIconInfo failed: 0
2026-08-12 23:12:37,770 [INFO] [MainThread] [root/controller.py:35]: Exiting Application...
2026-08-12 23:12:37,882 [INFO] [MainThread] [cli_server/cli_server.py:112]: Log pipe server stopped
2026-08-12 23:12:37,883 [DEBUG] [MainThread] [cli_server/cli_server.py:206]: CLI server stopped
2026-08-12 23:12:37,991 [INFO] [MainThread] [root/bar_manager.py:92]: Stopping SystemEventListener...
2026-08-12 23:12:37,991 [INFO] [MainThread] [root/bar_manager.py:92]: Stopping WindowsNotificationEventListener...
2026-08-12 23:12:37,991 [INFO] [MainThread] [root/bar_manager.py:92]: Stopping KomorebiEventListener...
2026-08-12 23:12:37,998 [DEBUG] [MainThread] [systray_widget/systray.py:504]: Saving state to disk
2026-08-12 23:12:37,999 [DEBUG] [MainThread] [systray_widget/systray.py:508]: Saving state to C:\Users\Srinath\AppData\Local\YASB\systray_state_ACERTECHNOLOGIESVG271UM31322131231233.json
2026-08-12 23:12:38,011 [DEBUG] [MainThread] [systray_widget/utils.py:96]: Destroying window 1572926
2026-08-12 23:12:38,062 [DEBUG] [MainThread] [qasync._windows._EventPoller/_windows.py:220]: Stopping worker thread...
2026-08-12 23:12:38,069 [DEBUG] [Dummy-9] [qasync._windows._EventWorker/_windows.py:204]: Exiting thread
2026-08-12 23:12:38,076 [DEBUG] [MainThread] [qasync._windows._IocpProactor/_windows.py:78]: Closing
2026-08-12 23:12:38,148 [DEBUG] [MainThread] [systray_widget/utils.py:96]: Destroying window 1572926
2026-08-13 01:41:19,733 [INFO] [MainThread] [root/log.py:69]: YASB v1.8.5
2026-08-13 01:41:19,734 [INFO] [Thread-1 (_run_server)] [cli_server/cli_server.py:212]: CLI server started v1.1.4
2026-08-13 01:41:19,735 [INFO] [MainThread] [cli_server/cli_server.py:104]: Log pipe server started
2026-08-13 01:41:21,608 [INFO] [MainThread] [root/service.py:48]: AudioOutputService starting...
2026-08-13 01:41:22,812 [INFO] [MainThread] [root/bar_manager.py:85]: Starting KomorebiEventListener...
2026-08-13 01:41:22,812 [INFO] [MainThread] [root/bar_manager.py:85]: Starting WindowsNotificationEventListener...
2026-08-13 01:41:22,813 [INFO] [Dummy-4] [root/event_listener.py:51]: Created named pipe yasb-fd370b9a-9689-11f1-b609-b48c9d368940
2026-08-13 01:41:22,814 [INFO] [MainThread] [root/bar_manager.py:85]: Starting SystemEventListener...
2026-08-13 01:41:22,814 [INFO] [MainThread] [root/watcher.py:54]: Created file watcher for path C:\Users\Srinath\.config\yasb
2026-08-13 01:41:22,955 [INFO] [MainThread] [root/update_service.py:404]: Background update checker started
2026-08-13 01:41:22,955 [DEBUG] [MainThread] [qasync._windows._EventPoller/_windows.py:215]: Starting (proactor: <_IocpProactor overlapped#=0 result#=0>)...
2026-08-13 01:41:22,956 [DEBUG] [Dummy-9] [qasync._windows._EventWorker/_windows.py:195]: Thread started
2026-08-13 01:41:22,959 [DEBUG] [MainThread] [systray_widget/systray.py:526]: Loading state from C:\Users\Srinath\AppData\Local\YASB\systray_state_ACERTECHNOLOGIESVG271UM31322131231233.json
2026-08-13 01:41:23,000 [DEBUG] [SystrayMonitor] [systray_widget/systray.py:57]: Systray thread is starting...
2026-08-13 01:41:23,398 [DEBUG] [MainThread] [systray_widget/systray.py:277]: Systray thread started
2026-08-13 01:41:23,599 [DEBUG] [SystrayMonitor] [systray_widget/systray_monitor.py:164]: Adding TaskbandHWND prop to hwnd 66868
2026-08-13 01:41:23,608 [DEBUG] [SystrayMonitor] [systray_widget/systray_monitor.py:242]: Finding real tray hwnd
2026-08-13 01:41:23,612 [DEBUG] [MainThread] [systray_widget/systray_monitor.py:157]: Sending TaskbarCreated message: 49367
2026-08-13 03:03:41,769 [ERROR] [MainThread] [wifi_widget/wifi.py:193]: Error in wifi widget update: [Errno 11004] getaddrinfo failed
2026-08-13 03:03:45,791 [ERROR] [MainThread] [wifi_widget/wifi.py:193]: Error in wifi widget update: [Errno 11004] getaddrinfo failed
2026-08-13 16:01:21,890 [INFO] [MainThread] [root/bar_manager.py:80]: Screens updated. Re-initialising all bars.
2026-08-13 16:01:21,890 [INFO] [MainThread] [root/controller.py:15]: Reloading Application because of screen update.
2026-08-13 16:01:22,005 [INFO] [MainThread] [cli_server/cli_server.py:112]: Log pipe server stopped
2026-08-13 16:01:22,005 [DEBUG] [MainThread] [cli_server/cli_server.py:206]: CLI server stopped
2026-08-13 16:01:22,461 [INFO] [MainThread] [root/bar_manager.py:80]: Screens updated. Re-initialising all bars.
2026-08-13 16:01:22,461 [INFO] [MainThread] [root/controller.py:15]: Reloading Application because of screen update.
2026-08-13 16:01:22,576 [INFO] [MainThread] [cli_server/cli_server.py:112]: Log pipe server stopped
2026-08-13 16:01:22,577 [DEBUG] [MainThread] [cli_server/cli_server.py:206]: CLI server stopped
2026-08-13 16:01:25,153 [INFO] [MainThread] [root/log.py:69]: YASB v1.8.5
2026-08-13 16:01:25,155 [INFO] [Thread-1 (_run_server)] [cli_server/cli_server.py:212]: CLI server started v1.1.4
2026-08-13 16:01:25,156 [INFO] [MainThread] [cli_server/cli_server.py:104]: Log pipe server started
2026-08-13 16:01:25,157 [INFO] [MainThread] [root/main.py:45]: Waiting for previous YASB instance to exit...
2026-08-13 16:01:25,158 [INFO] [MainThread] [root/log.py:69]: YASB v1.8.5
2026-08-13 16:01:25,159 [INFO] [Thread-1 (_run_server)] [cli_server/cli_server.py:212]: CLI server started v1.1.4
2026-08-13 16:01:25,160 [INFO] [MainThread] [cli_server/cli_server.py:104]: Log pipe server started
2026-08-13 16:01:25,160 [INFO] [MainThread] [root/main.py:45]: Waiting for previous YASB instance to exit...
2026-08-13 16:01:25,396 [INFO] [MainThread] [root/bar_manager.py:92]: Stopping KomorebiEventListener...
2026-08-13 16:01:25,396 [INFO] [MainThread] [root/bar_manager.py:92]: Stopping WindowsNotificationEventListener...
2026-08-13 16:01:25,397 [INFO] [MainThread] [root/bar_manager.py:92]: Stopping SystemEventListener...
2026-08-13 16:01:25,436 [DEBUG] [MainThread] [systray_widget/systray.py:504]: Saving state to disk
2026-08-13 16:01:25,437 [DEBUG] [MainThread] [systray_widget/systray.py:508]: Saving state to C:\Users\Srinath\AppData\Local\YASB\systray_state_MLTDDISPLAY1.json
2026-08-13 16:01:25,464 [DEBUG] [MainThread] [systray_widget/utils.py:96]: Destroying window 66868
2026-08-13 16:01:25,486 [DEBUG] [MainThread] [qasync._windows._EventPoller/_windows.py:220]: Stopping worker thread...
2026-08-13 16:01:25,499 [DEBUG] [Dummy-9] [qasync._windows._EventWorker/_windows.py:204]: Exiting thread
2026-08-13 16:01:25,503 [DEBUG] [MainThread] [qasync._windows._IocpProactor/_windows.py:78]: Closing
2026-08-13 16:01:25,573 [DEBUG] [MainThread] [systray_widget/utils.py:96]: Destroying window 66868
2026-08-13 16:01:25,659 [INFO] [MainThread] [root/main.py:71]: Previous instance exited, continuing startup.
2026-08-13 16:01:27,397 [INFO] [MainThread] [root/service.py:48]: AudioOutputService starting...
2026-08-13 16:01:29,085 [INFO] [MainThread] [root/bar_manager.py:85]: Starting KomorebiEventListener...
2026-08-13 16:01:29,085 [INFO] [MainThread] [root/bar_manager.py:85]: Starting SystemEventListener...
2026-08-13 16:01:29,086 [INFO] [MainThread] [root/bar_manager.py:85]: Starting WindowsNotificationEventListener...
2026-08-13 16:01:29,087 [INFO] [Dummy-4] [root/event_listener.py:51]: Created named pipe yasb-24f3686d-9702-11f1-bf1e-b48c9d368940
2026-08-13 16:01:29,088 [INFO] [MainThread] [root/watcher.py:54]: Created file watcher for path C:\Users\Srinath\.config\yasb
2026-08-13 16:01:29,263 [INFO] [MainThread] [root/update_service.py:404]: Background update checker started
2026-08-13 16:01:29,263 [DEBUG] [MainThread] [qasync._windows._EventPoller/_windows.py:215]: Starting (proactor: <_IocpProactor overlapped#=0 result#=0>)...
2026-08-13 16:01:29,264 [DEBUG] [Dummy-9] [qasync._windows._EventWorker/_windows.py:195]: Thread started
2026-08-13 16:01:29,276 [DEBUG] [MainThread] [systray_widget/systray.py:526]: Loading state from C:\Users\Srinath\AppData\Local\YASB\systray_state_MLTDDISPLAY1.json
2026-08-13 16:01:29,279 [DEBUG] [SystrayMonitor] [systray_widget/systray.py:57]: Systray thread is starting...
2026-08-13 16:01:29,627 [DEBUG] [MainThread] [systray_widget/systray.py:277]: Systray thread started
2026-08-13 16:01:29,659 [DEBUG] [SystrayMonitor] [systray_widget/systray_monitor.py:242]: Finding real tray hwnd
2026-08-13 16:01:29,762 [WARNING] [UpdateChecker] [root/update_service.py:274]: Network error checking for updates: [Errno 11001] getaddrinfo failed
2026-08-13 16:01:29,762 [WARNING] [UpdateChecker] [root/update_service.py:400]: Background update check failed: <urlopen error [Errno 11001] getaddrinfo failed>
2026-08-13 16:01:29,829 [DEBUG] [SystrayMonitor] [systray_widget/systray_monitor.py:164]: Adding TaskbandHWND prop to hwnd 132422
2026-08-13 16:01:29,838 [DEBUG] [MainThread] [systray_widget/systray_monitor.py:157]: Sending TaskbarCreated message: 49367
2026-08-13 16:01:35,198 [ERROR] [MainThread] [root/main.py:68]: Timeout waiting for previous instance. Aborting start.
2026-08-13 16:09:06,283 [ERROR] [SystrayMonitor] [root/app_icons.py:282]: GetIconInfo failed: 0
2026-08-14 10:12:06,336 [INFO] [MainThread] [root/controller.py:35]: Exiting Application...
2026-08-14 10:12:06,439 [INFO] [MainThread] [cli_server/cli_server.py:112]: Log pipe server stopped
2026-08-14 10:12:06,439 [DEBUG] [MainThread] [cli_server/cli_server.py:206]: CLI server stopped
2026-08-14 10:12:06,549 [INFO] [MainThread] [root/bar_manager.py:92]: Stopping KomorebiEventListener...
2026-08-14 10:12:06,549 [INFO] [MainThread] [root/bar_manager.py:92]: Stopping SystemEventListener...
2026-08-14 10:12:06,550 [INFO] [MainThread] [root/bar_manager.py:92]: Stopping WindowsNotificationEventListener...
2026-08-14 10:12:06,568 [DEBUG] [MainThread] [systray_widget/systray.py:504]: Saving state to disk
2026-08-14 10:12:06,569 [DEBUG] [MainThread] [systray_widget/systray.py:508]: Saving state to C:\Users\Srinath\AppData\Local\YASB\systray_state_MLTDDISPLAY1.json
2026-08-14 10:12:06,588 [DEBUG] [MainThread] [systray_widget/utils.py:96]: Destroying window 132422
2026-08-14 10:12:06,663 [DEBUG] [MainThread] [qasync._windows._EventPoller/_windows.py:220]: Stopping worker thread...
2026-08-14 10:12:06,672 [DEBUG] [Dummy-9] [qasync._windows._EventWorker/_windows.py:204]: Exiting thread
2026-08-14 10:12:06,679 [DEBUG] [MainThread] [qasync._windows._IocpProactor/_windows.py:78]: Closing
2026-08-14 10:12:06,788 [DEBUG] [MainThread] [systray_widget/utils.py:96]: Destroying window 132422
2026-08-14 10:29:59,136 [INFO] [MainThread] [root/log.py:69]: YASB v1.8.5
2026-08-14 10:29:59,138 [INFO] [Thread-1 (_run_server)] [cli_server/cli_server.py:212]: CLI server started v1.1.4
2026-08-14 10:29:59,138 [INFO] [MainThread] [cli_server/cli_server.py:104]: Log pipe server started
2026-08-14 10:30:00,760 [INFO] [MainThread] [root/service.py:48]: AudioOutputService starting...
2026-08-14 10:30:02,360 [INFO] [MainThread] [root/bar_manager.py:85]: Starting KomorebiEventListener...
2026-08-14 10:30:02,361 [INFO] [MainThread] [root/bar_manager.py:85]: Starting SystemEventListener...
2026-08-14 10:30:02,361 [INFO] [MainThread] [root/bar_manager.py:85]: Starting WindowsNotificationEventListener...
2026-08-14 10:30:02,362 [INFO] [Dummy-4] [root/event_listener.py:51]: Created named pipe yasb-01f3d457-979d-11f1-9c18-b48c9d368940
2026-08-14 10:30:02,364 [INFO] [MainThread] [root/watcher.py:54]: Created file watcher for path C:\Users\Srinath\.config\yasb
2026-08-14 10:30:02,514 [INFO] [MainThread] [root/update_service.py:404]: Background update checker started
2026-08-14 10:30:02,515 [DEBUG] [MainThread] [qasync._windows._EventPoller/_windows.py:215]: Starting (proactor: <_IocpProactor overlapped#=0 result#=0>)...
2026-08-14 10:30:02,516 [DEBUG] [Dummy-9] [qasync._windows._EventWorker/_windows.py:195]: Thread started
2026-08-14 10:30:02,520 [DEBUG] [MainThread] [systray_widget/systray.py:526]: Loading state from C:\Users\Srinath\AppData\Local\YASB\systray_state_MLTDDISPLAY1.json
2026-08-14 10:30:02,560 [DEBUG] [SystrayMonitor] [systray_widget/systray.py:57]: Systray thread is starting...
2026-08-14 10:30:02,987 [DEBUG] [MainThread] [systray_widget/systray.py:277]: Systray thread started
2026-08-14 10:30:03,128 [ERROR] [UpdateChecker] [root/update_service.py:271]: GitHub API HTTP error: 403 rate limit exceeded
2026-08-14 10:30:03,128 [WARNING] [UpdateChecker] [root/update_service.py:400]: Background update check failed: HTTP Error 403: rate limit exceeded
2026-08-14 10:30:03,188 [DEBUG] [SystrayMonitor] [systray_widget/systray_monitor.py:164]: Adding TaskbandHWND prop to hwnd 71096
2026-08-14 10:30:03,205 [DEBUG] [SystrayMonitor] [systray_widget/systray_monitor.py:242]: Finding real tray hwnd
2026-08-14 10:30:03,209 [DEBUG] [MainThread] [systray_widget/systray_monitor.py:157]: Sending TaskbarCreated message: 49366
2026-08-14 10:42:20,840 [INFO] [MainThread] [root/bar_manager.py:92]: Stopping KomorebiEventListener...
2026-08-14 10:42:20,841 [INFO] [MainThread] [root/bar_manager.py:92]: Stopping SystemEventListener...
2026-08-14 10:42:20,841 [INFO] [MainThread] [root/bar_manager.py:92]: Stopping WindowsNotificationEventListener...
2026-08-14 10:42:20,843 [DEBUG] [MainThread] [systray_widget/systray.py:504]: Saving state to disk
2026-08-14 10:42:20,844 [DEBUG] [MainThread] [systray_widget/systray.py:508]: Saving state to C:\Users\Srinath\AppData\Local\YASB\systray_state_MLTDDISPLAY1.json
2026-08-14 10:42:20,864 [DEBUG] [MainThread] [systray_widget/utils.py:96]: Destroying window 71096
2026-08-14 11:52:22,312 [INFO] [MainThread] [root/log.py:69]: YASB v1.8.5
2026-08-14 11:52:22,314 [INFO] [Thread-1 (_run_server)] [cli_server/cli_server.py:212]: CLI server started v1.1.4
2026-08-14 11:52:22,314 [INFO] [MainThread] [cli_server/cli_server.py:104]: Log pipe server started
2026-08-14 11:52:24,337 [INFO] [MainThread] [root/service.py:48]: AudioOutputService starting...
2026-08-14 11:52:26,182 [INFO] [MainThread] [root/bar_manager.py:85]: Starting KomorebiEventListener...
2026-08-14 11:52:26,182 [INFO] [MainThread] [root/bar_manager.py:85]: Starting WindowsNotificationEventListener...
2026-08-14 11:52:26,183 [INFO] [Dummy-4] [root/event_listener.py:51]: Created named pipe yasb-84b321fd-97a8-11f1-8ac0-b48c9d368940
2026-08-14 11:52:26,184 [INFO] [MainThread] [root/bar_manager.py:85]: Starting SystemEventListener...
2026-08-14 11:52:26,185 [INFO] [MainThread] [root/watcher.py:54]: Created file watcher for path C:\Users\Srinath\.config\yasb
2026-08-14 11:52:26,339 [INFO] [MainThread] [root/update_service.py:404]: Background update checker started
2026-08-14 11:52:26,339 [DEBUG] [MainThread] [qasync._windows._EventPoller/_windows.py:215]: Starting (proactor: <_IocpProactor overlapped#=0 result#=0>)...
2026-08-14 11:52:26,341 [DEBUG] [Dummy-9] [qasync._windows._EventWorker/_windows.py:195]: Thread started
2026-08-14 11:52:26,344 [DEBUG] [MainThread] [systray_widget/systray.py:526]: Loading state from C:\Users\Srinath\AppData\Local\YASB\systray_state_MLTDDISPLAY1.json
2026-08-14 11:52:26,386 [DEBUG] [SystrayMonitor] [systray_widget/systray.py:57]: Systray thread is starting...
2026-08-14 11:52:26,804 [DEBUG] [MainThread] [systray_widget/systray.py:277]: Systray thread started
2026-08-14 11:52:27,005 [DEBUG] [SystrayMonitor] [systray_widget/systray_monitor.py:164]: Adding TaskbandHWND prop to hwnd 67264
2026-08-14 11:52:27,015 [DEBUG] [SystrayMonitor] [systray_widget/systray_monitor.py:242]: Finding real tray hwnd
2026-08-14 11:52:27,022 [DEBUG] [MainThread] [systray_widget/systray_monitor.py:157]: Sending TaskbarCreated message: 49366
2026-08-14 11:52:38,928 [WARNING] [UpdateChecker] [root/update_service.py:274]: Network error checking for updates: [Errno 11001] getaddrinfo failed
2026-08-14 11:52:38,929 [WARNING] [UpdateChecker] [root/update_service.py:400]: Background update check failed: <urlopen error [Errno 11001] getaddrinfo failed>
2026-08-14 12:03:21,029 [INFO] [MainThread] [root/controller.py:35]: Exiting Application...
2026-08-14 12:03:21,143 [INFO] [MainThread] [cli_server/cli_server.py:112]: Log pipe server stopped
2026-08-14 12:03:21,143 [DEBUG] [MainThread] [cli_server/cli_server.py:206]: CLI server stopped
2026-08-14 12:03:21,265 [INFO] [MainThread] [root/bar_manager.py:92]: Stopping KomorebiEventListener...
2026-08-14 12:03:21,265 [INFO] [MainThread] [root/bar_manager.py:92]: Stopping WindowsNotificationEventListener...
2026-08-14 12:03:21,266 [INFO] [MainThread] [root/bar_manager.py:92]: Stopping SystemEventListener...
2026-08-14 12:03:21,270 [DEBUG] [MainThread] [systray_widget/systray.py:504]: Saving state to disk
2026-08-14 12:03:21,271 [DEBUG] [MainThread] [systray_widget/systray.py:508]: Saving state to C:\Users\Srinath\AppData\Local\YASB\systray_state_MLTDDISPLAY1.json
2026-08-14 12:03:21,393 [DEBUG] [MainThread] [systray_widget/utils.py:96]: Destroying window 67264
2026-08-14 12:03:21,404 [DEBUG] [MainThread] [qasync._windows._EventPoller/_windows.py:220]: Stopping worker thread...
2026-08-14 12:03:21,408 [DEBUG] [Dummy-9] [qasync._windows._EventWorker/_windows.py:204]: Exiting thread
2026-08-14 12:03:21,409 [DEBUG] [MainThread] [qasync._windows._IocpProactor/_windows.py:78]: Closing
2026-08-14 12:03:21,435 [DEBUG] [MainThread] [systray_widget/utils.py:96]: Destroying window 67264
2026-08-14 12:40:20,777 [INFO] [MainThread] [root/log.py:69]: YASB v1.8.5
2026-08-14 12:40:20,778 [INFO] [Thread-1 (_run_server)] [cli_server/cli_server.py:212]: CLI server started v1.1.4
2026-08-14 12:40:20,779 [INFO] [MainThread] [cli_server/cli_server.py:104]: Log pipe server started
2026-08-14 12:40:22,600 [INFO] [MainThread] [root/service.py:48]: AudioOutputService starting...
2026-08-14 12:40:25,554 [INFO] [MainThread] [root/bar_manager.py:85]: Starting SystemEventListener...
2026-08-14 12:40:25,555 [INFO] [MainThread] [root/bar_manager.py:85]: Starting KomorebiEventListener...
2026-08-14 12:40:25,556 [INFO] [MainThread] [root/bar_manager.py:85]: Starting WindowsNotificationEventListener...
2026-08-14 12:40:25,557 [INFO] [Dummy-4] [root/event_listener.py:51]: Created named pipe yasb-38f0981e-97af-11f1-823d-b48c9d368940
2026-08-14 12:40:25,558 [INFO] [MainThread] [root/watcher.py:54]: Created file watcher for path C:\Users\Srinath\.config\yasb
2026-08-14 12:40:25,703 [INFO] [MainThread] [root/update_service.py:404]: Background update checker started
2026-08-14 12:40:25,703 [DEBUG] [MainThread] [qasync._windows._EventPoller/_windows.py:215]: Starting (proactor: <_IocpProactor overlapped#=0 result#=0>)...
2026-08-14 12:40:25,705 [DEBUG] [Dummy-9] [qasync._windows._EventWorker/_windows.py:195]: Thread started
2026-08-14 12:40:25,708 [DEBUG] [MainThread] [systray_widget/systray.py:526]: Loading state from C:\Users\Srinath\AppData\Local\YASB\systray_state_MLTDDISPLAY1.json
2026-08-14 12:40:25,747 [DEBUG] [SystrayMonitor] [systray_widget/systray.py:57]: Systray thread is starting...
2026-08-14 12:40:26,286 [DEBUG] [MainThread] [systray_widget/systray.py:277]: Systray thread started
2026-08-14 12:40:26,487 [DEBUG] [SystrayMonitor] [systray_widget/systray_monitor.py:164]: Adding TaskbandHWND prop to hwnd 132852
2026-08-14 12:40:26,498 [DEBUG] [SystrayMonitor] [systray_widget/systray_monitor.py:242]: Finding real tray hwnd
2026-08-14 12:40:26,503 [DEBUG] [MainThread] [systray_widget/systray_monitor.py:157]: Sending TaskbarCreated message: 49366
2026-08-14 12:49:25,749 [INFO] [MainThread] [root/controller.py:35]: Exiting Application...
2026-08-14 12:49:25,852 [INFO] [MainThread] [cli_server/cli_server.py:112]: Log pipe server stopped
2026-08-14 12:49:25,852 [DEBUG] [MainThread] [cli_server/cli_server.py:206]: CLI server stopped
2026-08-14 12:49:26,123 [INFO] [MainThread] [root/bar_manager.py:92]: Stopping SystemEventListener...
2026-08-14 12:49:26,124 [INFO] [MainThread] [root/bar_manager.py:92]: Stopping KomorebiEventListener...
2026-08-14 12:49:26,124 [INFO] [MainThread] [root/bar_manager.py:92]: Stopping WindowsNotificationEventListener...
2026-08-14 12:49:26,130 [DEBUG] [MainThread] [systray_widget/systray.py:504]: Saving state to disk
2026-08-14 12:49:26,131 [DEBUG] [MainThread] [systray_widget/systray.py:508]: Saving state to C:\Users\Srinath\AppData\Local\YASB\systray_state_MLTDDISPLAY1.json
2026-08-14 12:49:26,132 [DEBUG] [MainThread] [systray_widget/utils.py:96]: Destroying window 132852
2026-08-14 12:49:26,151 [DEBUG] [MainThread] [qasync._windows._EventPoller/_windows.py:220]: Stopping worker thread...
2026-08-14 12:49:26,162 [DEBUG] [Dummy-9] [qasync._windows._EventWorker/_windows.py:204]: Exiting thread
2026-08-14 12:49:26,166 [DEBUG] [MainThread] [qasync._windows._IocpProactor/_windows.py:78]: Closing
2026-08-14 12:49:26,201 [DEBUG] [MainThread] [systray_widget/utils.py:96]: Destroying window 132852
2026-08-14 13:39:03,425 [INFO] [MainThread] [root/log.py:69]: YASB v1.8.5
2026-08-14 13:39:03,427 [INFO] [Thread-1 (_run_server)] [cli_server/cli_server.py:212]: CLI server started v1.1.4
2026-08-14 13:39:03,427 [INFO] [MainThread] [cli_server/cli_server.py:104]: Log pipe server started
2026-08-14 13:39:04,961 [INFO] [MainThread] [root/service.py:48]: AudioOutputService starting...
2026-08-14 13:39:06,372 [INFO] [MainThread] [root/bar_manager.py:85]: Starting WindowsNotificationEventListener...
2026-08-14 13:39:06,373 [INFO] [MainThread] [root/bar_manager.py:85]: Starting KomorebiEventListener...
2026-08-14 13:39:06,373 [INFO] [MainThread] [root/bar_manager.py:85]: Starting SystemEventListener...
2026-08-14 13:39:06,374 [INFO] [MainThread] [root/watcher.py:54]: Created file watcher for path C:\Users\Srinath\.config\yasb
2026-08-14 13:39:06,444 [INFO] [Dummy-6] [root/event_listener.py:51]: Created named pipe yasb-6b82c60b-97b7-11f1-a549-b48c9d368940
2026-08-14 13:39:06,494 [INFO] [MainThread] [root/update_service.py:404]: Background update checker started
2026-08-14 13:39:06,494 [DEBUG] [MainThread] [qasync._windows._EventPoller/_windows.py:215]: Starting (proactor: <_IocpProactor overlapped#=0 result#=0>)...
2026-08-14 13:39:06,496 [DEBUG] [Dummy-9] [qasync._windows._EventWorker/_windows.py:195]: Thread started
2026-08-14 13:39:06,498 [DEBUG] [MainThread] [systray_widget/systray.py:526]: Loading state from C:\Users\Srinath\AppData\Local\YASB\systray_state_MLTDDISPLAY1.json
2026-08-14 13:39:06,510 [DEBUG] [SystrayMonitor] [systray_widget/systray.py:57]: Systray thread is starting...
2026-08-14 13:39:06,686 [DEBUG] [MainThread] [systray_widget/systray.py:277]: Systray thread started
2026-08-14 13:39:06,918 [DEBUG] [SystrayMonitor] [systray_widget/systray_monitor.py:164]: Adding TaskbandHWND prop to hwnd 198230
2026-08-14 13:39:06,925 [DEBUG] [SystrayMonitor] [systray_widget/systray_monitor.py:242]: Finding real tray hwnd
2026-08-14 13:39:06,928 [DEBUG] [MainThread] [systray_widget/systray_monitor.py:157]: Sending TaskbarCreated message: 49366
2026-08-14 13:40:32,803 [ERROR] [SystrayMonitor] [root/app_icons.py:282]: GetIconInfo failed: 0
2026-08-14 18:42:10,838 [ERROR] [MainThread] [root/gpu.py:170]: Error updating shared GPU data: Command '['C:\\WINDOWS\\system32\\nvidia-smi.EXE', '--query-gpu=index,utilization.gpu,memory.total,memory.used,memory.free,temperature.gpu,fan.speed', '--format=csv,noheader,nounits']' timed out after 2 seconds
2026-08-14 18:42:18,429 [INFO] [MainThread] [root/bar_manager.py:80]: Screens updated. Re-initialising all bars.
2026-08-14 18:42:18,429 [INFO] [MainThread] [root/controller.py:15]: Reloading Application because of screen update.
2026-08-14 18:42:18,530 [INFO] [MainThread] [cli_server/cli_server.py:112]: Log pipe server stopped
2026-08-14 18:42:18,530 [DEBUG] [MainThread] [cli_server/cli_server.py:206]: CLI server stopped
2026-08-14 18:42:23,475 [INFO] [MainThread] [root/bar_manager.py:80]: Screens updated. Re-initialising all bars.
2026-08-14 18:42:23,476 [INFO] [MainThread] [root/controller.py:15]: Reloading Application because of screen update.
2026-08-14 18:42:23,576 [INFO] [MainThread] [cli_server/cli_server.py:112]: Log pipe server stopped
2026-08-14 18:42:23,576 [DEBUG] [MainThread] [cli_server/cli_server.py:206]: CLI server stopped
2026-08-14 18:42:23,582 [INFO] [MainThread] [root/bar_manager.py:92]: Stopping WindowsNotificationEventListener...
2026-08-14 18:42:23,582 [INFO] [MainThread] [root/bar_manager.py:92]: Stopping KomorebiEventListener...
2026-08-14 18:42:23,583 [INFO] [MainThread] [root/bar_manager.py:92]: Stopping SystemEventListener...
2026-08-14 18:42:23,592 [DEBUG] [MainThread] [systray_widget/systray.py:504]: Saving state to disk
2026-08-14 18:42:23,594 [DEBUG] [MainThread] [systray_widget/systray.py:508]: Saving state to C:\Users\Srinath\AppData\Local\YASB\systray_state_ACERTECHNOLOGIESVG271UM31322131231233.json
2026-08-14 18:42:23,610 [DEBUG] [MainThread] [systray_widget/utils.py:96]: Destroying window 198230
2026-08-14 18:42:23,615 [DEBUG] [MainThread] [qasync._windows._EventPoller/_windows.py:220]: Stopping worker thread...
2026-08-14 18:42:23,624 [DEBUG] [Dummy-9] [qasync._windows._EventWorker/_windows.py:204]: Exiting thread
2026-08-14 18:42:23,627 [DEBUG] [MainThread] [qasync._windows._IocpProactor/_windows.py:78]: Closing
2026-08-14 18:42:23,706 [DEBUG] [MainThread] [systray_widget/utils.py:96]: Destroying window 198230
2026-08-14 18:42:25,322 [INFO] [MainThread] [root/log.py:69]: YASB v1.8.5
2026-08-14 18:42:25,323 [INFO] [Thread-1 (_run_server)] [cli_server/cli_server.py:212]: CLI server started v1.1.4
2026-08-14 18:42:25,324 [INFO] [MainThread] [cli_server/cli_server.py:104]: Log pipe server started
2026-08-14 18:42:25,326 [INFO] [MainThread] [root/log.py:69]: YASB v1.8.5
2026-08-14 18:42:25,328 [INFO] [Thread-1 (_run_server)] [cli_server/cli_server.py:212]: CLI server started v1.1.4
2026-08-14 18:42:25,328 [INFO] [MainThread] [cli_server/cli_server.py:104]: Log pipe server started
2026-08-14 18:42:25,329 [INFO] [MainThread] [root/main.py:45]: Waiting for previous YASB instance to exit...
2026-08-14 18:42:27,189 [INFO] [MainThread] [root/service.py:48]: AudioOutputService starting...
2026-08-14 18:42:29,253 [INFO] [MainThread] [root/bar_manager.py:85]: Starting WindowsNotificationEventListener...
2026-08-14 18:42:29,254 [INFO] [MainThread] [root/bar_manager.py:85]: Starting KomorebiEventListener...
2026-08-14 18:42:29,255 [INFO] [MainThread] [root/bar_manager.py:85]: Starting SystemEventListener...
2026-08-14 18:42:29,255 [INFO] [MainThread] [root/watcher.py:54]: Created file watcher for path C:\Users\Srinath\.config\yasb
2026-08-14 18:42:29,263 [INFO] [Dummy-6] [root/event_listener.py:51]: Created named pipe yasb-cd46011f-97e1-11f1-8da2-b48c9d368940
2026-08-14 18:42:29,461 [INFO] [MainThread] [root/update_service.py:404]: Background update checker started
2026-08-14 18:42:29,462 [DEBUG] [MainThread] [qasync._windows._EventPoller/_windows.py:215]: Starting (proactor: <_IocpProactor overlapped#=0 result#=0>)...
2026-08-14 18:42:29,463 [DEBUG] [Dummy-9] [qasync._windows._EventWorker/_windows.py:195]: Thread started
2026-08-14 18:42:29,484 [DEBUG] [MainThread] [systray_widget/systray.py:526]: Loading state from C:\Users\Srinath\AppData\Local\YASB\systray_state_ACERTECHNOLOGIESVG271UM31322131231233.json
2026-08-14 18:42:29,487 [DEBUG] [SystrayMonitor] [systray_widget/systray.py:57]: Systray thread is starting...
2026-08-14 18:42:29,882 [DEBUG] [MainThread] [systray_widget/systray.py:277]: Systray thread started
2026-08-14 18:42:29,956 [WARNING] [UpdateChecker] [root/update_service.py:274]: Network error checking for updates: [Errno 11001] getaddrinfo failed
2026-08-14 18:42:29,956 [WARNING] [UpdateChecker] [root/update_service.py:400]: Background update check failed: <urlopen error [Errno 11001] getaddrinfo failed>
2026-08-14 18:42:30,084 [DEBUG] [SystrayMonitor] [systray_widget/systray_monitor.py:164]: Adding TaskbandHWND prop to hwnd 263782
2026-08-14 18:42:30,091 [DEBUG] [SystrayMonitor] [systray_widget/systray_monitor.py:242]: Finding real tray hwnd
2026-08-14 18:42:30,099 [DEBUG] [MainThread] [systray_widget/systray_monitor.py:157]: Sending TaskbarCreated message: 49366
2026-08-14 18:42:35,369 [ERROR] [MainThread] [root/main.py:68]: Timeout waiting for previous instance. Aborting start.
2026-08-15 15:47:03,233 [INFO] [MainThread] [root/controller.py:35]: Exiting Application...
2026-08-15 15:47:03,343 [INFO] [MainThread] [cli_server/cli_server.py:112]: Log pipe server stopped
2026-08-15 15:47:03,343 [DEBUG] [MainThread] [cli_server/cli_server.py:206]: CLI server stopped
2026-08-15 15:47:03,742 [INFO] [MainThread] [root/bar_manager.py:92]: Stopping WindowsNotificationEventListener...
2026-08-15 15:47:03,743 [INFO] [MainThread] [root/bar_manager.py:92]: Stopping KomorebiEventListener...
2026-08-15 15:47:03,743 [INFO] [MainThread] [root/bar_manager.py:92]: Stopping SystemEventListener...
2026-08-15 15:47:03,752 [DEBUG] [MainThread] [systray_widget/systray.py:504]: Saving state to disk
2026-08-15 15:47:03,753 [DEBUG] [MainThread] [systray_widget/systray.py:508]: Saving state to C:\Users\Srinath\AppData\Local\YASB\systray_state_ACERTECHNOLOGIESVG271UM31322131231233.json
2026-08-15 15:47:03,774 [DEBUG] [MainThread] [systray_widget/utils.py:96]: Destroying window 263782
2026-08-15 15:47:03,812 [DEBUG] [MainThread] [qasync._windows._EventPoller/_windows.py:220]: Stopping worker thread...
2026-08-15 15:47:03,826 [DEBUG] [Dummy-9] [qasync._windows._EventWorker/_windows.py:204]: Exiting thread
2026-08-15 15:47:03,831 [DEBUG] [MainThread] [qasync._windows._IocpProactor/_windows.py:78]: Closing
2026-08-15 16:28:48,319 [INFO] [MainThread] [root/log.py:69]: YASB v1.8.5
2026-08-15 16:28:48,322 [INFO] [Thread-1 (_run_server)] [cli_server/cli_server.py:212]: CLI server started v1.1.4
2026-08-15 16:28:48,322 [INFO] [MainThread] [cli_server/cli_server.py:104]: Log pipe server started
2026-08-15 16:28:50,055 [INFO] [MainThread] [root/service.py:48]: AudioOutputService starting...
2026-08-15 16:28:51,187 [INFO] [MainThread] [root/bar_manager.py:85]: Starting WindowsNotificationEventListener...
2026-08-15 16:28:51,189 [INFO] [MainThread] [root/bar_manager.py:85]: Starting SystemEventListener...
2026-08-15 16:28:51,189 [INFO] [MainThread] [root/bar_manager.py:85]: Starting KomorebiEventListener...
2026-08-15 16:28:51,191 [INFO] [Dummy-4] [root/event_listener.py:51]: Created named pipe yasb-4c8c270f-9898-11f1-af2c-b48c9d368940
2026-08-15 16:28:51,192 [INFO] [MainThread] [root/watcher.py:54]: Created file watcher for path C:\Users\Srinath\.config\yasb
2026-08-15 16:28:51,345 [INFO] [MainThread] [root/update_service.py:404]: Background update checker started
2026-08-15 16:28:51,346 [DEBUG] [MainThread] [qasync._windows._EventPoller/_windows.py:215]: Starting (proactor: <_IocpProactor overlapped#=0 result#=0>)...
2026-08-15 16:28:51,380 [DEBUG] [Dummy-9] [qasync._windows._EventWorker/_windows.py:195]: Thread started
2026-08-15 16:28:51,396 [DEBUG] [MainThread] [systray_widget/systray.py:526]: Loading state from C:\Users\Srinath\AppData\Local\YASB\systray_state_MLTDACERTECHNOLOGIESVG271UM31322131231233.json
2026-08-15 16:28:51,409 [DEBUG] [SystrayMonitor] [systray_widget/systray.py:57]: Systray thread is starting...
2026-08-15 16:28:51,707 [DEBUG] [MainThread] [systray_widget/systray.py:277]: Systray thread started
2026-08-15 16:28:52,013 [DEBUG] [SystrayMonitor] [systray_widget/systray_monitor.py:164]: Adding TaskbandHWND prop to hwnd 66872
2026-08-15 16:28:52,020 [ERROR] [UpdateChecker] [root/update_service.py:271]: GitHub API HTTP error: 403 rate limit exceeded
2026-08-15 16:28:52,022 [WARNING] [UpdateChecker] [root/update_service.py:400]: Background update check failed: HTTP Error 403: rate limit exceeded
2026-08-15 16:28:52,022 [DEBUG] [SystrayMonitor] [systray_widget/systray_monitor.py:242]: Finding real tray hwnd
2026-08-15 16:28:52,029 [DEBUG] [MainThread] [systray_widget/systray_monitor.py:157]: Sending TaskbarCreated message: 49324
2026-08-15 16:29:00,089 [INFO] [MainThread] [root/bar_manager.py:80]: Screens updated. Re-initialising all bars.
2026-08-15 16:29:00,090 [INFO] [MainThread] [root/controller.py:15]: Reloading Application because of screen update.
2026-08-15 16:29:00,203 [INFO] [MainThread] [cli_server/cli_server.py:112]: Log pipe server stopped
2026-08-15 16:29:00,204 [DEBUG] [MainThread] [cli_server/cli_server.py:206]: CLI server stopped
2026-08-15 16:29:01,167 [INFO] [MainThread] [root/log.py:69]: YASB v1.8.5
2026-08-15 16:29:01,168 [INFO] [Thread-1 (_run_server)] [cli_server/cli_server.py:212]: CLI server started v1.1.4
2026-08-15 16:29:01,168 [INFO] [MainThread] [cli_server/cli_server.py:104]: Log pipe server started
2026-08-15 16:29:01,169 [INFO] [MainThread] [root/main.py:45]: Waiting for previous YASB instance to exit...
2026-08-15 16:29:01,320 [INFO] [MainThread] [root/bar_manager.py:80]: Screens updated. Re-initialising all bars.
2026-08-15 16:29:01,321 [INFO] [MainThread] [root/controller.py:15]: Reloading Application because of screen update.
2026-08-15 16:29:01,422 [INFO] [MainThread] [cli_server/cli_server.py:112]: Log pipe server stopped
2026-08-15 16:29:01,422 [DEBUG] [MainThread] [cli_server/cli_server.py:206]: CLI server stopped
2026-08-15 16:29:02,710 [INFO] [MainThread] [root/bar_manager.py:92]: Stopping WindowsNotificationEventListener...
2026-08-15 16:29:02,711 [INFO] [MainThread] [root/bar_manager.py:92]: Stopping SystemEventListener...
2026-08-15 16:29:02,711 [INFO] [MainThread] [root/bar_manager.py:92]: Stopping KomorebiEventListener...
2026-08-15 16:29:02,718 [DEBUG] [MainThread] [systray_widget/systray.py:504]: Saving state to disk
2026-08-15 16:29:02,718 [DEBUG] [MainThread] [systray_widget/systray.py:508]: Saving state to C:\Users\Srinath\AppData\Local\YASB\systray_state_MLTDACERTECHNOLOGIESVG271UM31322131231233.json
2026-08-15 16:29:02,721 [DEBUG] [MainThread] [systray_widget/utils.py:96]: Destroying window 66872
2026-08-15 16:29:02,734 [DEBUG] [MainThread] [qasync._windows._EventPoller/_windows.py:220]: Stopping worker thread...
2026-08-15 16:29:02,741 [DEBUG] [Dummy-9] [qasync._windows._EventWorker/_windows.py:204]: Exiting thread
2026-08-15 16:29:02,743 [DEBUG] [MainThread] [qasync._windows._IocpProactor/_windows.py:78]: Closing
2026-08-15 16:29:02,785 [DEBUG] [MainThread] [systray_widget/utils.py:96]: Destroying window 66872
2026-08-15 16:29:02,922 [INFO] [MainThread] [root/main.py:71]: Previous instance exited, continuing startup.
2026-08-15 16:29:03,296 [INFO] [MainThread] [root/log.py:69]: YASB v1.8.5
2026-08-15 16:29:03,297 [INFO] [Thread-1 (_run_server)] [cli_server/cli_server.py:212]: CLI server started v1.1.4
2026-08-15 16:29:03,298 [INFO] [MainThread] [cli_server/cli_server.py:104]: Log pipe server started
2026-08-15 16:29:03,298 [INFO] [MainThread] [root/main.py:45]: Waiting for previous YASB instance to exit...
2026-08-15 16:29:04,196 [INFO] [MainThread] [root/service.py:48]: AudioOutputService starting...
2026-08-15 16:29:05,054 [INFO] [MainThread] [root/bar_manager.py:85]: Starting KomorebiEventListener...
2026-08-15 16:29:05,054 [INFO] [MainThread] [root/bar_manager.py:85]: Starting WindowsNotificationEventListener...
2026-08-15 16:29:05,055 [INFO] [Dummy-4] [root/event_listener.py:51]: Created named pipe yasb-54cfb7ea-9898-11f1-b729-b48c9d368940
2026-08-15 16:29:05,056 [INFO] [MainThread] [root/bar_manager.py:85]: Starting SystemEventListener...
2026-08-15 16:29:05,057 [INFO] [MainThread] [root/watcher.py:54]: Created file watcher for path C:\Users\Srinath\.config\yasb
2026-08-15 16:29:05,130 [INFO] [MainThread] [root/update_service.py:404]: Background update checker started
2026-08-15 16:29:05,130 [DEBUG] [MainThread] [qasync._windows._EventPoller/_windows.py:215]: Starting (proactor: <_IocpProactor overlapped#=0 result#=0>)...
2026-08-15 16:29:05,132 [DEBUG] [Dummy-9] [qasync._windows._EventWorker/_windows.py:195]: Thread started
2026-08-15 16:29:05,138 [DEBUG] [MainThread] [systray_widget/systray.py:526]: Loading state from C:\Users\Srinath\AppData\Local\YASB\systray_state_ACERTECHNOLOGIESVG271UM31322131231233.json
2026-08-15 16:29:05,167 [DEBUG] [SystrayMonitor] [systray_widget/systray.py:57]: Systray thread is starting...
2026-08-15 16:29:05,427 [DEBUG] [MainThread] [systray_widget/systray.py:277]: Systray thread started
2026-08-15 16:29:05,629 [DEBUG] [SystrayMonitor] [systray_widget/systray_monitor.py:164]: Adding TaskbandHWND prop to hwnd 197958
2026-08-15 16:29:05,633 [DEBUG] [SystrayMonitor] [systray_widget/systray_monitor.py:242]: Finding real tray hwnd
2026-08-15 16:29:05,643 [DEBUG] [MainThread] [systray_widget/systray_monitor.py:157]: Sending TaskbarCreated message: 49324
2026-08-15 16:29:05,671 [ERROR] [UpdateChecker] [root/update_service.py:271]: GitHub API HTTP error: 403 rate limit exceeded
2026-08-15 16:29:05,671 [WARNING] [UpdateChecker] [root/update_service.py:400]: Background update check failed: HTTP Error 403: rate limit exceeded
2026-08-15 16:29:13,312 [ERROR] [MainThread] [root/main.py:68]: Timeout waiting for previous instance. Aborting start.
2026-08-15 16:32:42,337 [INFO] [MainThread] [root/controller.py:35]: Exiting Application...
2026-08-15 16:32:42,439 [INFO] [MainThread] [cli_server/cli_server.py:112]: Log pipe server stopped
2026-08-15 16:32:42,440 [DEBUG] [MainThread] [cli_server/cli_server.py:206]: CLI server stopped
2026-08-15 16:32:42,553 [INFO] [MainThread] [root/bar_manager.py:92]: Stopping KomorebiEventListener...
2026-08-15 16:32:42,554 [INFO] [MainThread] [root/bar_manager.py:92]: Stopping WindowsNotificationEventListener...
2026-08-15 16:32:42,554 [INFO] [MainThread] [root/bar_manager.py:92]: Stopping SystemEventListener...
2026-08-15 16:32:42,560 [DEBUG] [MainThread] [systray_widget/systray.py:504]: Saving state to disk
2026-08-15 16:32:42,561 [DEBUG] [MainThread] [systray_widget/systray.py:508]: Saving state to C:\Users\Srinath\AppData\Local\YASB\systray_state_ACERTECHNOLOGIESVG271UM31322131231233.json
2026-08-15 16:32:42,564 [DEBUG] [MainThread] [systray_widget/utils.py:96]: Destroying window 197958
2026-08-15 16:32:42,626 [DEBUG] [MainThread] [qasync._windows._EventPoller/_windows.py:220]: Stopping worker thread...
2026-08-15 16:32:42,627 [DEBUG] [Dummy-9] [qasync._windows._EventWorker/_windows.py:204]: Exiting thread
2026-08-15 16:32:42,640 [DEBUG] [MainThread] [qasync._windows._IocpProactor/_windows.py:78]: Closing
2026-08-15 16:32:42,710 [DEBUG] [MainThread] [systray_widget/utils.py:96]: Destroying window 197958
2026-08-15 16:57:38,825 [INFO] [MainThread] [root/log.py:69]: YASB v1.8.5
2026-08-15 16:57:38,826 [INFO] [Thread-1 (_run_server)] [cli_server/cli_server.py:212]: CLI server started v1.1.4
2026-08-15 16:57:38,827 [INFO] [MainThread] [cli_server/cli_server.py:104]: Log pipe server started
2026-08-15 16:57:40,403 [INFO] [MainThread] [root/service.py:48]: AudioOutputService starting...
2026-08-15 16:57:41,214 [INFO] [MainThread] [root/bar_manager.py:85]: Starting SystemEventListener...
2026-08-15 16:57:41,214 [INFO] [MainThread] [root/bar_manager.py:85]: Starting KomorebiEventListener...
2026-08-15 16:57:41,214 [INFO] [MainThread] [root/bar_manager.py:85]: Starting WindowsNotificationEventListener...
2026-08-15 16:57:41,216 [INFO] [Dummy-4] [root/event_listener.py:51]: Created named pipe yasb-53b8fb4c-989c-11f1-9a7d-b48c9d368940
2026-08-15 16:57:41,216 [INFO] [MainThread] [root/watcher.py:54]: Created file watcher for path C:\Users\Srinath\.config\yasb
2026-08-15 16:57:41,373 [INFO] [MainThread] [root/update_service.py:404]: Background update checker started
2026-08-15 16:57:41,373 [DEBUG] [MainThread] [qasync._windows._EventPoller/_windows.py:215]: Starting (proactor: <_IocpProactor overlapped#=0 result#=0>)...
2026-08-15 16:57:41,405 [DEBUG] [Dummy-9] [qasync._windows._EventWorker/_windows.py:195]: Thread started
2026-08-15 16:57:41,411 [DEBUG] [MainThread] [systray_widget/systray.py:526]: Loading state from C:\Users\Srinath\AppData\Local\YASB\systray_state_ACERTECHNOLOGIESVG271UM31322131231233.json
2026-08-15 16:57:41,424 [DEBUG] [SystrayMonitor] [systray_widget/systray.py:57]: Systray thread is starting...
2026-08-15 16:57:41,691 [DEBUG] [MainThread] [systray_widget/systray.py:277]: Systray thread started
2026-08-15 16:57:41,893 [DEBUG] [SystrayMonitor] [systray_widget/systray_monitor.py:164]: Adding TaskbandHWND prop to hwnd 67016
2026-08-15 16:57:41,902 [DEBUG] [SystrayMonitor] [systray_widget/systray_monitor.py:242]: Finding real tray hwnd
2026-08-15 16:57:41,908 [DEBUG] [MainThread] [systray_widget/systray_monitor.py:157]: Sending TaskbarCreated message: 49366
2026-08-15 17:06:19,982 [INFO] [MainThread] [root/controller.py:35]: Exiting Application...
2026-08-15 17:06:20,097 [INFO] [MainThread] [cli_server/cli_server.py:112]: Log pipe server stopped
2026-08-15 17:06:20,097 [DEBUG] [MainThread] [cli_server/cli_server.py:206]: CLI server stopped
2026-08-15 17:06:20,183 [INFO] [MainThread] [root/bar_manager.py:92]: Stopping SystemEventListener...
2026-08-15 17:06:20,183 [INFO] [MainThread] [root/bar_manager.py:92]: Stopping KomorebiEventListener...
2026-08-15 17:06:20,183 [INFO] [MainThread] [root/bar_manager.py:92]: Stopping WindowsNotificationEventListener...
2026-08-15 17:06:20,188 [DEBUG] [MainThread] [systray_widget/systray.py:504]: Saving state to disk
2026-08-15 17:06:20,189 [DEBUG] [MainThread] [systray_widget/systray.py:508]: Saving state to C:\Users\Srinath\AppData\Local\YASB\systray_state_ACERTECHNOLOGIESVG271UM31322131231233.json
2026-08-15 17:06:20,202 [DEBUG] [MainThread] [systray_widget/utils.py:96]: Destroying window 67016
2026-08-15 17:06:20,218 [DEBUG] [MainThread] [qasync._windows._EventPoller/_windows.py:220]: Stopping worker thread...
2026-08-15 17:06:20,222 [DEBUG] [Dummy-9] [qasync._windows._EventWorker/_windows.py:204]: Exiting thread
2026-08-15 17:06:20,225 [DEBUG] [MainThread] [qasync._windows._IocpProactor/_windows.py:78]: Closing
2026-08-15 17:06:20,328 [DEBUG] [MainThread] [systray_widget/utils.py:96]: Destroying window 67016
2026-08-15 18:40:33,867 [INFO] [MainThread] [root/log.py:69]: YASB v1.8.5
2026-08-15 18:40:33,869 [INFO] [Thread-1 (_run_server)] [cli_server/cli_server.py:212]: CLI server started v1.1.4
2026-08-15 18:40:33,869 [INFO] [MainThread] [cli_server/cli_server.py:104]: Log pipe server started
2026-08-15 18:40:37,578 [INFO] [MainThread] [root/service.py:48]: AudioOutputService starting...
2026-08-15 18:40:39,273 [INFO] [MainThread] [root/bar_manager.py:85]: Starting SystemEventListener...
2026-08-15 18:40:39,273 [INFO] [MainThread] [root/bar_manager.py:85]: Starting WindowsNotificationEventListener...
2026-08-15 18:40:39,276 [INFO] [MainThread] [root/bar_manager.py:85]: Starting KomorebiEventListener...
2026-08-15 18:40:39,278 [INFO] [MainThread] [root/watcher.py:54]: Created file watcher for path C:\Users\Srinath\.config\yasb
2026-08-15 18:40:39,280 [INFO] [Dummy-6] [root/event_listener.py:51]: Created named pipe yasb-b62269f8-98aa-11f1-b0a0-b48c9d368940
2026-08-15 18:40:39,435 [INFO] [MainThread] [root/update_service.py:404]: Background update checker started
2026-08-15 18:40:39,435 [DEBUG] [MainThread] [qasync._windows._EventPoller/_windows.py:215]: Starting (proactor: <_IocpProactor overlapped#=0 result#=0>)...
2026-08-15 18:40:39,437 [DEBUG] [Dummy-9] [qasync._windows._EventWorker/_windows.py:195]: Thread started
2026-08-15 18:40:39,439 [DEBUG] [MainThread] [systray_widget/systray.py:526]: Loading state from C:\Users\Srinath\AppData\Local\YASB\systray_state_MLTDDISPLAY1.json
2026-08-15 18:40:39,480 [DEBUG] [SystrayMonitor] [systray_widget/systray.py:57]: Systray thread is starting...
2026-08-15 18:40:39,838 [DEBUG] [SystrayMonitor] [systray_widget/systray_monitor.py:242]: Finding real tray hwnd
2026-08-15 18:40:39,842 [DEBUG] [MainThread] [systray_widget/systray.py:277]: Systray thread started
2026-08-15 18:40:40,044 [DEBUG] [SystrayMonitor] [systray_widget/systray_monitor.py:164]: Adding TaskbandHWND prop to hwnd 67210
2026-08-15 18:40:40,055 [DEBUG] [MainThread] [systray_widget/systray_monitor.py:157]: Sending TaskbarCreated message: 49366
2026-08-15 19:03:39,797 [INFO] [MainThread] [root/controller.py:35]: Exiting Application...
2026-08-15 19:03:39,906 [INFO] [MainThread] [cli_server/cli_server.py:112]: Log pipe server stopped
2026-08-15 19:03:39,906 [DEBUG] [MainThread] [cli_server/cli_server.py:206]: CLI server stopped
2026-08-15 19:03:39,971 [INFO] [MainThread] [root/bar_manager.py:92]: Stopping SystemEventListener...
2026-08-15 19:03:39,971 [INFO] [MainThread] [root/bar_manager.py:92]: Stopping WindowsNotificationEventListener...
2026-08-15 19:03:39,971 [INFO] [MainThread] [root/bar_manager.py:92]: Stopping KomorebiEventListener...
2026-08-15 19:03:39,976 [DEBUG] [MainThread] [systray_widget/systray.py:504]: Saving state to disk
2026-08-15 19:03:39,976 [DEBUG] [MainThread] [systray_widget/systray.py:508]: Saving state to C:\Users\Srinath\AppData\Local\YASB\systray_state_MLTDDISPLAY1.json
2026-08-15 19:03:39,992 [DEBUG] [MainThread] [systray_widget/utils.py:96]: Destroying window 67210
2026-08-15 19:03:40,006 [DEBUG] [MainThread] [qasync._windows._EventPoller/_windows.py:220]: Stopping worker thread...
2026-08-15 19:03:40,015 [DEBUG] [Dummy-9] [qasync._windows._EventWorker/_windows.py:204]: Exiting thread
2026-08-15 19:03:40,017 [DEBUG] [MainThread] [qasync._windows._IocpProactor/_windows.py:78]: Closing
2026-08-15 19:03:40,080 [DEBUG] [MainThread] [systray_widget/utils.py:96]: Destroying window 67210
2026-08-15 21:44:02,558 [INFO] [MainThread] [root/log.py:69]: YASB v1.8.5
2026-08-15 21:44:02,559 [INFO] [Thread-1 (_run_server)] [cli_server/cli_server.py:212]: CLI server started v1.1.4
2026-08-15 21:44:02,560 [INFO] [MainThread] [cli_server/cli_server.py:104]: Log pipe server started
2026-08-15 21:44:06,729 [INFO] [MainThread] [root/service.py:48]: AudioOutputService starting...
2026-08-15 21:44:07,766 [INFO] [MainThread] [root/bar_manager.py:85]: Starting SystemEventListener...
2026-08-15 21:44:07,767 [INFO] [MainThread] [root/bar_manager.py:85]: Starting KomorebiEventListener...
2026-08-15 21:44:07,767 [INFO] [MainThread] [root/bar_manager.py:85]: Starting WindowsNotificationEventListener...
2026-08-15 21:44:07,769 [INFO] [Dummy-4] [root/event_listener.py:51]: Created named pipe yasb-57b4c951-98c4-11f1-b458-b48c9d368940
2026-08-15 21:44:07,769 [INFO] [MainThread] [root/watcher.py:54]: Created file watcher for path C:\Users\Srinath\.config\yasb
2026-08-15 21:44:07,960 [INFO] [MainThread] [root/update_service.py:404]: Background update checker started
2026-08-15 21:44:07,960 [DEBUG] [MainThread] [qasync._windows._EventPoller/_windows.py:215]: Starting (proactor: <_IocpProactor overlapped#=0 result#=0>)...
2026-08-15 21:44:07,964 [DEBUG] [Dummy-9] [qasync._windows._EventWorker/_windows.py:195]: Thread started
2026-08-15 21:44:07,967 [DEBUG] [MainThread] [systray_widget/systray.py:526]: Loading state from C:\Users\Srinath\AppData\Local\YASB\systray_state_MLTDDISPLAY1.json
2026-08-15 21:44:08,005 [DEBUG] [SystrayMonitor] [systray_widget/systray.py:57]: Systray thread is starting...
2026-08-15 21:44:08,413 [DEBUG] [MainThread] [systray_widget/systray.py:277]: Systray thread started
2026-08-15 21:44:08,614 [DEBUG] [SystrayMonitor] [systray_widget/systray_monitor.py:164]: Adding TaskbandHWND prop to hwnd 67074
2026-08-15 21:44:08,621 [DEBUG] [SystrayMonitor] [systray_widget/systray_monitor.py:242]: Finding real tray hwnd
2026-08-15 21:44:08,625 [DEBUG] [MainThread] [systray_widget/systray_monitor.py:157]: Sending TaskbarCreated message: 49366
2026-08-15 22:54:25,905 [ERROR] [SystrayMonitor] [root/app_icons.py:282]: GetIconInfo failed: 0
2026-08-16 13:32:25,196 [INFO] [MainThread] [root/controller.py:35]: Exiting Application...
2026-08-16 13:32:25,306 [INFO] [MainThread] [cli_server/cli_server.py:112]: Log pipe server stopped
2026-08-16 13:32:25,306 [DEBUG] [MainThread] [cli_server/cli_server.py:206]: CLI server stopped
2026-08-16 13:32:25,807 [INFO] [MainThread] [root/bar_manager.py:92]: Stopping SystemEventListener...
2026-08-16 13:32:25,807 [INFO] [MainThread] [root/bar_manager.py:92]: Stopping KomorebiEventListener...
2026-08-16 13:32:25,808 [INFO] [MainThread] [root/bar_manager.py:92]: Stopping WindowsNotificationEventListener...
2026-08-16 13:32:25,819 [DEBUG] [MainThread] [systray_widget/systray.py:504]: Saving state to disk
2026-08-16 13:32:25,820 [DEBUG] [MainThread] [systray_widget/systray.py:508]: Saving state to C:\Users\Srinath\AppData\Local\YASB\systray_state_MLTDDISPLAY1.json
2026-08-16 13:32:25,834 [DEBUG] [MainThread] [systray_widget/utils.py:96]: Destroying window 67074
2026-08-16 13:32:25,866 [DEBUG] [MainThread] [qasync._windows._EventPoller/_windows.py:220]: Stopping worker thread...
2026-08-16 13:32:25,867 [DEBUG] [Dummy-9] [qasync._windows._EventWorker/_windows.py:204]: Exiting thread
2026-08-16 13:32:25,875 [DEBUG] [MainThread] [qasync._windows._IocpProactor/_windows.py:78]: Closing
2026-08-16 13:32:26,051 [DEBUG] [MainThread] [systray_widget/utils.py:96]: Destroying window 67074
2026-08-16 16:03:49,806 [INFO] [MainThread] [root/log.py:69]: YASB v1.8.5
2026-08-16 16:03:49,807 [INFO] [Thread-1 (_run_server)] [cli_server/cli_server.py:212]: CLI server started v1.1.4
2026-08-16 16:03:49,808 [INFO] [MainThread] [cli_server/cli_server.py:104]: Log pipe server started
2026-08-16 16:03:52,317 [INFO] [MainThread] [root/service.py:48]: AudioOutputService starting...
2026-08-16 16:03:53,886 [INFO] [MainThread] [root/bar_manager.py:85]: Starting KomorebiEventListener...
2026-08-16 16:03:53,888 [INFO] [MainThread] [root/bar_manager.py:85]: Starting SystemEventListener...
2026-08-16 16:03:53,888 [INFO] [MainThread] [root/bar_manager.py:85]: Starting WindowsNotificationEventListener...
2026-08-16 16:03:53,890 [INFO] [Dummy-4] [root/event_listener.py:51]: Created named pipe yasb-fa7fb45f-995d-11f1-abd3-b48c9d368940
2026-08-16 16:03:53,891 [INFO] [MainThread] [root/watcher.py:54]: Created file watcher for path C:\Users\Srinath\.config\yasb
2026-08-16 16:03:54,087 [INFO] [MainThread] [root/update_service.py:404]: Background update checker started
2026-08-16 16:03:54,087 [DEBUG] [MainThread] [qasync._windows._EventPoller/_windows.py:215]: Starting (proactor: <_IocpProactor overlapped#=0 result#=0>)...
2026-08-16 16:03:54,090 [DEBUG] [Dummy-9] [qasync._windows._EventWorker/_windows.py:195]: Thread started
2026-08-16 16:03:54,095 [DEBUG] [MainThread] [systray_widget/systray.py:526]: Loading state from C:\Users\Srinath\AppData\Local\YASB\systray_state_MLTDDISPLAY1.json
2026-08-16 16:03:54,143 [DEBUG] [SystrayMonitor] [systray_widget/systray.py:57]: Systray thread is starting...
2026-08-16 16:03:54,573 [DEBUG] [MainThread] [systray_widget/systray.py:277]: Systray thread started
2026-08-16 16:03:54,774 [DEBUG] [SystrayMonitor] [systray_widget/systray_monitor.py:164]: Adding TaskbandHWND prop to hwnd 67182
2026-08-16 16:03:54,783 [DEBUG] [SystrayMonitor] [systray_widget/systray_monitor.py:242]: Finding real tray hwnd
2026-08-16 16:03:54,789 [DEBUG] [MainThread] [systray_widget/systray_monitor.py:157]: Sending TaskbarCreated message: 49360
2026-08-16 16:10:09,629 [INFO] [MainThread] [root/controller.py:35]: Exiting Application...
2026-08-16 16:10:09,732 [INFO] [MainThread] [cli_server/cli_server.py:112]: Log pipe server stopped
2026-08-16 16:10:09,732 [DEBUG] [MainThread] [cli_server/cli_server.py:206]: CLI server stopped
2026-08-16 16:10:09,798 [INFO] [MainThread] [root/bar_manager.py:92]: Stopping KomorebiEventListener...
2026-08-16 16:10:09,799 [INFO] [MainThread] [root/bar_manager.py:92]: Stopping SystemEventListener...
2026-08-16 16:10:09,799 [INFO] [MainThread] [root/bar_manager.py:92]: Stopping WindowsNotificationEventListener...
2026-08-16 16:10:09,804 [DEBUG] [MainThread] [systray_widget/systray.py:504]: Saving state to disk
2026-08-16 16:10:09,804 [DEBUG] [MainThread] [systray_widget/systray.py:508]: Saving state to C:\Users\Srinath\AppData\Local\YASB\systray_state_MLTDDISPLAY1.json
2026-08-16 16:10:09,806 [DEBUG] [MainThread] [systray_widget/utils.py:96]: Destroying window 67182
2026-08-16 16:10:09,836 [DEBUG] [MainThread] [qasync._windows._EventPoller/_windows.py:220]: Stopping worker thread...
2026-08-16 16:10:09,840 [DEBUG] [Dummy-9] [qasync._windows._EventWorker/_windows.py:204]: Exiting thread
2026-08-16 16:10:09,842 [DEBUG] [MainThread] [qasync._windows._IocpProactor/_windows.py:78]: Closing
2026-08-16 16:10:09,900 [DEBUG] [MainThread] [systray_widget/utils.py:96]: Destroying window 67182
2026-08-17 01:26:57,630 [INFO] [MainThread] [root/log.py:69]: YASB v1.8.5
2026-08-17 01:26:57,632 [INFO] [Thread-1 (_run_server)] [cli_server/cli_server.py:212]: CLI server started v1.1.4
2026-08-17 01:26:57,632 [INFO] [MainThread] [cli_server/cli_server.py:104]: Log pipe server started
2026-08-17 01:26:59,371 [INFO] [MainThread] [root/service.py:48]: AudioOutputService starting...
2026-08-17 01:27:01,287 [INFO] [MainThread] [root/bar_manager.py:85]: Starting WindowsNotificationEventListener...
2026-08-17 01:27:01,288 [INFO] [MainThread] [root/bar_manager.py:85]: Starting KomorebiEventListener...
2026-08-17 01:27:01,289 [INFO] [MainThread] [root/bar_manager.py:85]: Starting SystemEventListener...
2026-08-17 01:27:01,289 [INFO] [MainThread] [root/watcher.py:54]: Created file watcher for path C:\Users\Srinath\.config\yasb
2026-08-17 01:27:01,291 [INFO] [Dummy-6] [root/event_listener.py:51]: Created named pipe yasb-a55bfa92-99ac-11f1-8577-b48c9d368940
2026-08-17 01:27:01,441 [INFO] [MainThread] [root/update_service.py:404]: Background update checker started
2026-08-17 01:27:01,442 [DEBUG] [MainThread] [qasync._windows._EventPoller/_windows.py:215]: Starting (proactor: <_IocpProactor overlapped#=0 result#=0>)...
2026-08-17 01:27:01,445 [DEBUG] [Dummy-9] [qasync._windows._EventWorker/_windows.py:195]: Thread started
2026-08-17 01:27:01,448 [DEBUG] [MainThread] [systray_widget/systray.py:526]: Loading state from C:\Users\Srinath\AppData\Local\YASB\systray_state_MLTDDISPLAY1.json
2026-08-17 01:27:01,486 [DEBUG] [SystrayMonitor] [systray_widget/systray.py:57]: Systray thread is starting...
2026-08-17 01:27:01,900 [DEBUG] [MainThread] [systray_widget/systray.py:277]: Systray thread started
2026-08-17 01:27:01,978 [WARNING] [UpdateChecker] [root/update_service.py:274]: Network error checking for updates: [Errno 11001] getaddrinfo failed
2026-08-17 01:27:01,978 [WARNING] [UpdateChecker] [root/update_service.py:400]: Background update check failed: <urlopen error [Errno 11001] getaddrinfo failed>
2026-08-17 01:27:02,102 [DEBUG] [SystrayMonitor] [systray_widget/systray_monitor.py:164]: Adding TaskbandHWND prop to hwnd 66950
2026-08-17 01:27:02,114 [DEBUG] [SystrayMonitor] [systray_widget/systray_monitor.py:242]: Finding real tray hwnd
2026-08-17 01:27:02,119 [DEBUG] [MainThread] [systray_widget/systray_monitor.py:157]: Sending TaskbarCreated message: 49366
2026-08-17 03:29:18,189 [ERROR] [MainThread] [wifi_widget/wifi.py:193]: Error in wifi widget update: [Errno 11004] getaddrinfo failed
2026-08-17 04:11:44,508 [ERROR] [MainThread] [root/gpu.py:170]: Error updating shared GPU data: Command '['C:\\WINDOWS\\system32\\nvidia-smi.EXE', '--query-gpu=index,utilization.gpu,memory.total,memory.used,memory.free,temperature.gpu,fan.speed', '--format=csv,noheader,nounits']' timed out after 2 seconds
2026-08-17 04:11:47,882 [INFO] [MainThread] [root/bar_manager.py:80]: Screens updated. Re-initialising all bars.
2026-08-17 04:11:47,882 [INFO] [MainThread] [root/controller.py:15]: Reloading Application because of screen update.
2026-08-17 04:11:48,084 [INFO] [MainThread] [cli_server/cli_server.py:112]: Log pipe server stopped
2026-08-17 04:11:48,084 [DEBUG] [MainThread] [cli_server/cli_server.py:206]: CLI server stopped
2026-08-17 04:11:49,424 [INFO] [MainThread] [root/bar_manager.py:80]: Screens updated. Re-initialising all bars.
2026-08-17 04:11:49,424 [INFO] [MainThread] [root/controller.py:15]: Reloading Application because of screen update.
2026-08-17 04:11:49,539 [INFO] [MainThread] [cli_server/cli_server.py:112]: Log pipe server stopped
2026-08-17 04:11:49,539 [DEBUG] [MainThread] [cli_server/cli_server.py:206]: CLI server stopped
2026-08-17 04:11:54,562 [INFO] [MainThread] [root/bar_manager.py:92]: Stopping WindowsNotificationEventListener...
2026-08-17 04:11:54,563 [INFO] [MainThread] [root/bar_manager.py:92]: Stopping KomorebiEventListener...
2026-08-17 04:11:54,563 [INFO] [MainThread] [root/bar_manager.py:92]: Stopping SystemEventListener...
2026-08-17 04:11:54,575 [DEBUG] [MainThread] [systray_widget/systray.py:504]: Saving state to disk
2026-08-17 04:11:54,576 [DEBUG] [MainThread] [systray_widget/systray.py:508]: Saving state to C:\Users\Srinath\AppData\Local\YASB\systray_state_DISPLAY4.json
2026-08-17 04:11:54,595 [DEBUG] [MainThread] [systray_widget/utils.py:96]: Destroying window 66950
2026-08-17 04:11:54,611 [DEBUG] [MainThread] [qasync._windows._EventPoller/_windows.py:220]: Stopping worker thread...
2026-08-17 04:11:54,618 [DEBUG] [Dummy-9] [qasync._windows._EventWorker/_windows.py:204]: Exiting thread
2026-08-17 04:11:54,626 [DEBUG] [MainThread] [qasync._windows._IocpProactor/_windows.py:78]: Closing
2026-08-17 04:11:55,123 [INFO] [MainThread] [root/log.py:69]: YASB v1.8.5
2026-08-17 04:11:55,123 [INFO] [MainThread] [root/log.py:69]: YASB v1.8.5
2026-08-17 04:11:55,124 [INFO] [Thread-1 (_run_server)] [cli_server/cli_server.py:212]: CLI server started v1.1.4
2026-08-17 04:11:55,125 [INFO] [MainThread] [cli_server/cli_server.py:104]: Log pipe server started
2026-08-17 04:11:55,125 [INFO] [MainThread] [cli_server/cli_server.py:104]: Log pipe server started
2026-08-17 04:11:55,125 [INFO] [MainThread] [root/main.py:45]: Waiting for previous YASB instance to exit...
2026-08-17 04:11:55,125 [INFO] [MainThread] [root/main.py:45]: Waiting for previous YASB instance to exit...
2026-08-17 04:12:01,813 [DEBUG] [MainThread] [systray_widget/utils.py:96]: Destroying window 66950
2026-08-17 04:12:01,990 [INFO] [MainThread] [root/main.py:71]: Previous instance exited, continuing startup.
2026-08-17 04:12:04,206 [INFO] [MainThread] [root/service.py:48]: AudioOutputService starting...
2026-08-17 04:12:05,247 [ERROR] [MainThread] [root/main.py:68]: Timeout waiting for previous instance. Aborting start.
2026-08-17 04:12:06,008 [INFO] [MainThread] [root/bar_manager.py:85]: Starting KomorebiEventListener...
2026-08-17 04:12:06,009 [INFO] [MainThread] [root/bar_manager.py:85]: Starting WindowsNotificationEventListener...
2026-08-17 04:12:06,010 [INFO] [Dummy-4] [root/event_listener.py:51]: Created named pipe yasb-b5085667-99c3-11f1-a245-b48c9d368940
2026-08-17 04:12:06,011 [INFO] [MainThread] [root/bar_manager.py:85]: Starting SystemEventListener...
2026-08-17 04:12:06,012 [INFO] [MainThread] [root/watcher.py:54]: Created file watcher for path C:\Users\Srinath\.config\yasb
2026-08-17 04:12:06,152 [INFO] [MainThread] [root/update_service.py:404]: Background update checker started
2026-08-17 04:12:06,153 [DEBUG] [MainThread] [qasync._windows._EventPoller/_windows.py:215]: Starting (proactor: <_IocpProactor overlapped#=0 result#=0>)...
2026-08-17 04:12:06,181 [DEBUG] [Dummy-9] [qasync._windows._EventWorker/_windows.py:195]: Thread started
2026-08-17 04:12:06,196 [DEBUG] [MainThread] [systray_widget/systray.py:526]: Loading state from C:\Users\Srinath\AppData\Local\YASB\systray_state_ACERTECHNOLOGIESVG271UM31322131231233.json
2026-08-17 04:12:06,211 [DEBUG] [SystrayMonitor] [systray_widget/systray.py:57]: Systray thread is starting...
2026-08-17 04:12:06,256 [DEBUG] [SystrayMonitor] [systray_widget/systray_monitor.py:242]: Finding real tray hwnd
2026-08-17 04:12:06,512 [DEBUG] [MainThread] [systray_widget/systray.py:277]: Systray thread started
2026-08-17 04:12:06,714 [DEBUG] [SystrayMonitor] [systray_widget/systray_monitor.py:164]: Adding TaskbandHWND prop to hwnd 329346
2026-08-17 04:12:06,724 [DEBUG] [MainThread] [systray_widget/systray_monitor.py:157]: Sending TaskbarCreated message: 49366
2026-08-17 04:14:43,818 [INFO] [MainThread] [root/bar_manager.py:80]: Screens updated. Re-initialising all bars.
2026-08-17 04:14:43,818 [INFO] [MainThread] [root/controller.py:15]: Reloading Application because of screen update.
2026-08-17 04:14:43,921 [INFO] [MainThread] [cli_server/cli_server.py:112]: Log pipe server stopped
2026-08-17 04:14:43,921 [DEBUG] [MainThread] [cli_server/cli_server.py:206]: CLI server stopped
2026-08-17 04:14:44,887 [INFO] [MainThread] [root/bar_manager.py:80]: Screens updated. Re-initialising all bars.
2026-08-17 04:14:44,887 [INFO] [MainThread] [root/controller.py:15]: Reloading Application because of screen update.
2026-08-17 04:14:45,001 [INFO] [MainThread] [cli_server/cli_server.py:112]: Log pipe server stopped
2026-08-17 04:14:45,001 [DEBUG] [MainThread] [cli_server/cli_server.py:206]: CLI server stopped
2026-08-17 04:14:45,801 [INFO] [MainThread] [root/bar_manager.py:92]: Stopping KomorebiEventListener...
2026-08-17 04:14:45,801 [INFO] [MainThread] [root/bar_manager.py:92]: Stopping WindowsNotificationEventListener...
2026-08-17 04:14:45,801 [INFO] [MainThread] [root/bar_manager.py:92]: Stopping SystemEventListener...
2026-08-17 04:14:45,810 [DEBUG] [MainThread] [systray_widget/systray.py:504]: Saving state to disk
2026-08-17 04:14:45,811 [DEBUG] [MainThread] [systray_widget/systray.py:508]: Saving state to C:\Users\Srinath\AppData\Local\YASB\systray_state_MLTDDISPLAY1.json
2026-08-17 04:14:45,833 [DEBUG] [MainThread] [systray_widget/utils.py:96]: Destroying window 329346
2026-08-17 04:14:45,860 [DEBUG] [MainThread] [qasync._windows._EventPoller/_windows.py:220]: Stopping worker thread...
2026-08-17 04:14:45,862 [DEBUG] [Dummy-9] [qasync._windows._EventWorker/_windows.py:204]: Exiting thread
2026-08-17 04:14:45,870 [DEBUG] [MainThread] [qasync._windows._IocpProactor/_windows.py:78]: Closing
2026-08-17 04:14:45,914 [DEBUG] [MainThread] [systray_widget/utils.py:96]: Destroying window 329346
2026-08-17 04:14:46,205 [INFO] [MainThread] [root/log.py:69]: YASB v1.8.5
2026-08-17 04:14:46,205 [INFO] [MainThread] [root/log.py:69]: YASB v1.8.5
2026-08-17 04:14:46,206 [INFO] [Thread-1 (_run_server)] [cli_server/cli_server.py:212]: CLI server started v1.1.4
2026-08-17 04:14:46,206 [INFO] [Thread-1 (_run_server)] [cli_server/cli_server.py:212]: CLI server started v1.1.4
2026-08-17 04:14:46,207 [INFO] [MainThread] [cli_server/cli_server.py:104]: Log pipe server started
2026-08-17 04:14:46,207 [INFO] [MainThread] [cli_server/cli_server.py:104]: Log pipe server started
2026-08-17 04:14:46,208 [INFO] [MainThread] [root/main.py:45]: Waiting for previous YASB instance to exit...
2026-08-17 04:14:48,190 [INFO] [MainThread] [root/service.py:48]: AudioOutputService starting...
2026-08-17 04:14:48,862 [INFO] [MainThread] [root/bar_manager.py:85]: Starting SystemEventListener...
2026-08-17 04:14:48,862 [INFO] [MainThread] [root/bar_manager.py:85]: Starting WindowsNotificationEventListener...
2026-08-17 04:14:48,864 [INFO] [MainThread] [root/bar_manager.py:85]: Starting KomorebiEventListener...
2026-08-17 04:14:48,865 [INFO] [MainThread] [root/watcher.py:54]: Created file watcher for path C:\Users\Srinath\.config\yasb
2026-08-17 04:14:48,867 [INFO] [Dummy-6] [root/event_listener.py:51]: Created named pipe yasb-161a265c-99c4-11f1-886e-b48c9d368940
2026-08-17 04:14:48,966 [INFO] [MainThread] [root/update_service.py:404]: Background update checker started
2026-08-17 04:14:48,966 [DEBUG] [MainThread] [qasync._windows._EventPoller/_windows.py:215]: Starting (proactor: <_IocpProactor overlapped#=0 result#=0>)...
2026-08-17 04:14:48,970 [DEBUG] [Dummy-9] [qasync._windows._EventWorker/_windows.py:195]: Thread started
2026-08-17 04:14:48,974 [DEBUG] [MainThread] [systray_widget/systray.py:526]: Loading state from C:\Users\Srinath\AppData\Local\YASB\systray_state_MLTDDISPLAY1.json
2026-08-17 04:14:48,980 [DEBUG] [SystrayMonitor] [systray_widget/systray.py:57]: Systray thread is starting...
2026-08-17 04:14:49,272 [DEBUG] [MainThread] [systray_widget/systray.py:277]: Systray thread started
2026-08-17 04:14:49,474 [DEBUG] [SystrayMonitor] [systray_widget/systray_monitor.py:164]: Adding TaskbandHWND prop to hwnd 657496
2026-08-17 04:14:49,481 [DEBUG] [SystrayMonitor] [systray_widget/systray_monitor.py:242]: Finding real tray hwnd
2026-08-17 04:14:49,487 [DEBUG] [MainThread] [systray_widget/systray_monitor.py:157]: Sending TaskbarCreated message: 49366
2026-08-17 04:14:56,224 [ERROR] [MainThread] [root/main.py:68]: Timeout waiting for previous instance. Aborting start.
2026-08-17 04:16:30,444 [INFO] [MainThread] [root/bar_manager.py:80]: Screens updated. Re-initialising all bars.
2026-08-17 04:16:30,445 [INFO] [MainThread] [root/controller.py:15]: Reloading Application because of screen update.
2026-08-17 04:16:30,558 [INFO] [MainThread] [cli_server/cli_server.py:112]: Log pipe server stopped
2026-08-17 04:16:30,559 [DEBUG] [MainThread] [cli_server/cli_server.py:206]: CLI server stopped
2026-08-17 04:16:31,200 [INFO] [MainThread] [root/bar_manager.py:80]: Screens updated. Re-initialising all bars.
2026-08-17 04:16:31,200 [INFO] [MainThread] [root/controller.py:15]: Reloading Application because of screen update.
2026-08-17 04:16:31,306 [INFO] [MainThread] [cli_server/cli_server.py:112]: Log pipe server stopped
2026-08-17 04:16:31,307 [DEBUG] [MainThread] [cli_server/cli_server.py:206]: CLI server stopped
2026-08-17 04:16:31,308 [INFO] [MainThread] [root/bar_manager.py:92]: Stopping SystemEventListener...
2026-08-17 04:16:31,308 [INFO] [MainThread] [root/bar_manager.py:92]: Stopping WindowsNotificationEventListener...
2026-08-17 04:16:31,308 [INFO] [MainThread] [root/bar_manager.py:92]: Stopping KomorebiEventListener...
2026-08-17 04:16:31,315 [DEBUG] [MainThread] [systray_widget/systray.py:504]: Saving state to disk
2026-08-17 04:16:31,316 [DEBUG] [MainThread] [systray_widget/systray.py:508]: Saving state to C:\Users\Srinath\AppData\Local\YASB\systray_state_ACERTECHNOLOGIESVG271UM31322131231233.json
2026-08-17 04:16:31,318 [DEBUG] [MainThread] [systray_widget/utils.py:96]: Destroying window 657496
2026-08-17 04:16:31,323 [DEBUG] [MainThread] [qasync._windows._EventPoller/_windows.py:220]: Stopping worker thread...
2026-08-17 04:16:31,337 [DEBUG] [Dummy-9] [qasync._windows._EventWorker/_windows.py:204]: Exiting thread
2026-08-17 04:16:31,343 [DEBUG] [MainThread] [qasync._windows._IocpProactor/_windows.py:78]: Closing
2026-08-17 04:16:31,598 [INFO] [MainThread] [root/log.py:69]: YASB v1.8.5
2026-08-17 04:16:31,599 [INFO] [Thread-1 (_run_server)] [cli_server/cli_server.py:212]: CLI server started v1.1.4
2026-08-17 04:16:31,599 [INFO] [MainThread] [cli_server/cli_server.py:104]: Log pipe server started
2026-08-17 04:16:31,600 [INFO] [MainThread] [root/main.py:45]: Waiting for previous YASB instance to exit...
2026-08-17 04:16:31,621 [DEBUG] [MainThread] [systray_widget/utils.py:96]: Destroying window 657496
2026-08-17 04:16:31,734 [INFO] [MainThread] [root/log.py:69]: YASB v1.8.5
2026-08-17 04:16:31,735 [INFO] [Thread-1 (_run_server)] [cli_server/cli_server.py:212]: CLI server started v1.1.4
2026-08-17 04:16:31,736 [INFO] [MainThread] [cli_server/cli_server.py:104]: Log pipe server started
2026-08-17 04:16:32,940 [INFO] [MainThread] [root/service.py:48]: AudioOutputService starting...
2026-08-17 04:16:33,418 [INFO] [MainThread] [root/bar_manager.py:85]: Starting WindowsNotificationEventListener...
2026-08-17 04:16:33,419 [INFO] [MainThread] [root/bar_manager.py:85]: Starting SystemEventListener...
2026-08-17 04:16:33,419 [INFO] [MainThread] [root/bar_manager.py:85]: Starting KomorebiEventListener...
2026-08-17 04:16:33,420 [INFO] [MainThread] [root/watcher.py:54]: Created file watcher for path C:\Users\Srinath\.config\yasb
2026-08-17 04:16:33,434 [INFO] [Dummy-6] [root/event_listener.py:51]: Created named pipe yasb-546bfbb4-99c4-11f1-baa5-b48c9d368940
2026-08-17 04:16:33,477 [INFO] [MainThread] [root/update_service.py:404]: Background update checker started
2026-08-17 04:16:33,478 [DEBUG] [MainThread] [qasync._windows._EventPoller/_windows.py:215]: Starting (proactor: <_IocpProactor overlapped#=0 result#=0>)...
2026-08-17 04:16:33,479 [DEBUG] [Dummy-9] [qasync._windows._EventWorker/_windows.py:195]: Thread started
2026-08-17 04:16:33,483 [DEBUG] [MainThread] [systray_widget/systray.py:526]: Loading state from C:\Users\Srinath\AppData\Local\YASB\systray_state_ACERTECHNOLOGIESVG271UM31322131231233.json
2026-08-17 04:16:33,487 [DEBUG] [SystrayMonitor] [systray_widget/systray.py:57]: Systray thread is starting...
2026-08-17 04:16:33,713 [DEBUG] [MainThread] [systray_widget/systray.py:277]: Systray thread started
2026-08-17 04:16:33,914 [DEBUG] [SystrayMonitor] [systray_widget/systray_monitor.py:164]: Adding TaskbandHWND prop to hwnd 1181210
2026-08-17 04:16:33,921 [DEBUG] [SystrayMonitor] [systray_widget/systray_monitor.py:242]: Finding real tray hwnd
2026-08-17 04:16:33,927 [DEBUG] [MainThread] [systray_widget/systray_monitor.py:157]: Sending TaskbarCreated message: 49366
2026-08-17 04:16:41,616 [ERROR] [MainThread] [root/main.py:68]: Timeout waiting for previous instance. Aborting start.
2026-08-17 05:43:50,514 [ERROR] [MainThread] [wifi_widget/wifi.py:193]: Error in wifi widget update: [Errno 11004] getaddrinfo failed
2026-08-17 05:43:54,830 [ERROR] [MainThread] [root/gpu.py:170]: Error updating shared GPU data: Command '['C:\\WINDOWS\\system32\\nvidia-smi.EXE', '--query-gpu=index,utilization.gpu,memory.total,memory.used,memory.free,temperature.gpu,fan.speed', '--format=csv,noheader,nounits']' timed out after 2 seconds
2026-08-17 05:43:54,842 [ERROR] [MainThread] [wifi_widget/wifi.py:193]: Error in wifi widget update: [Errno 11004] getaddrinfo failed
2026-08-17 17:42:43,744 [INFO] [MainThread] [root/bar_manager.py:80]: Screens updated. Re-initialising all bars.
2026-08-17 17:42:43,748 [INFO] [MainThread] [root/controller.py:15]: Reloading Application because of screen update.
2026-08-17 17:42:43,853 [INFO] [MainThread] [cli_server/cli_server.py:112]: Log pipe server stopped
2026-08-17 17:42:43,854 [DEBUG] [MainThread] [cli_server/cli_server.py:206]: CLI server stopped
2026-08-17 17:42:44,629 [INFO] [MainThread] [root/bar_manager.py:80]: Screens updated. Re-initialising all bars.
2026-08-17 17:42:44,629 [INFO] [MainThread] [root/controller.py:15]: Reloading Application because of screen update.
2026-08-17 17:42:44,744 [INFO] [MainThread] [cli_server/cli_server.py:112]: Log pipe server stopped
2026-08-17 17:42:44,745 [DEBUG] [MainThread] [cli_server/cli_server.py:206]: CLI server stopped
2026-08-17 17:42:48,371 [INFO] [MainThread] [root/bar_manager.py:80]: Screens updated. Re-initialising all bars.
2026-08-17 17:42:48,372 [INFO] [MainThread] [root/controller.py:15]: Reloading Application because of screen update.
2026-08-17 17:42:48,474 [INFO] [MainThread] [cli_server/cli_server.py:112]: Log pipe server stopped
2026-08-17 17:42:48,475 [DEBUG] [MainThread] [cli_server/cli_server.py:206]: CLI server stopped
2026-08-17 17:42:49,823 [INFO] [MainThread] [root/bar_manager.py:80]: Screens updated. Re-initialising all bars.
2026-08-17 17:42:49,824 [INFO] [MainThread] [root/controller.py:15]: Reloading Application because of screen update.
2026-08-17 17:42:49,937 [INFO] [MainThread] [cli_server/cli_server.py:112]: Log pipe server stopped
2026-08-17 17:42:49,937 [DEBUG] [MainThread] [cli_server/cli_server.py:206]: CLI server stopped
2026-08-17 17:42:49,967 [INFO] [MainThread] [root/log.py:69]: YASB v1.8.5
2026-08-17 17:42:49,968 [INFO] [Thread-1 (_run_server)] [cli_server/cli_server.py:212]: CLI server started v1.1.4
2026-08-17 17:42:49,969 [INFO] [MainThread] [cli_server/cli_server.py:104]: Log pipe server started
2026-08-17 17:42:49,969 [INFO] [MainThread] [root/main.py:45]: Waiting for previous YASB instance to exit...
2026-08-17 17:42:50,229 [INFO] [MainThread] [root/bar_manager.py:92]: Stopping WindowsNotificationEventListener...
2026-08-17 17:42:50,229 [INFO] [MainThread] [root/bar_manager.py:92]: Stopping SystemEventListener...
2026-08-17 17:42:50,230 [INFO] [MainThread] [root/bar_manager.py:92]: Stopping KomorebiEventListener...
2026-08-17 17:42:50,244 [DEBUG] [MainThread] [systray_widget/systray.py:504]: Saving state to disk
2026-08-17 17:42:50,245 [DEBUG] [MainThread] [systray_widget/systray.py:508]: Saving state to C:\Users\Srinath\AppData\Local\YASB\systray_state_DISPLAY1.json
2026-08-17 17:42:50,259 [DEBUG] [MainThread] [systray_widget/utils.py:96]: Destroying window 1181210
2026-08-17 17:42:51,331 [INFO] [MainThread] [root/log.py:69]: YASB v1.8.5
2026-08-17 17:42:51,332 [INFO] [Thread-1 (_run_server)] [cli_server/cli_server.py:212]: CLI server started v1.1.4
2026-08-17 17:42:51,333 [INFO] [MainThread] [cli_server/cli_server.py:104]: Log pipe server started
2026-08-17 17:42:51,333 [INFO] [MainThread] [root/main.py:45]: Waiting for previous YASB instance to exit...
2026-08-17 17:42:51,375 [INFO] [MainThread] [root/log.py:69]: YASB v1.8.5
2026-08-17 17:42:51,376 [INFO] [Thread-1 (_run_server)] [cli_server/cli_server.py:212]: CLI server started v1.1.4
2026-08-17 17:42:51,377 [INFO] [MainThread] [cli_server/cli_server.py:104]: Log pipe server started
2026-08-17 17:42:51,377 [INFO] [MainThread] [root/main.py:45]: Waiting for previous YASB instance to exit...
2026-08-17 17:42:54,229 [INFO] [MainThread] [root/main.py:71]: Previous instance exited, continuing startup.
2026-08-17 17:42:57,540 [INFO] [MainThread] [root/bar_manager.py:80]: Screens updated. Re-initialising all bars.
2026-08-17 17:42:57,540 [INFO] [MainThread] [root/controller.py:15]: Reloading Application because of screen update.
2026-08-17 17:42:57,647 [INFO] [MainThread] [cli_server/cli_server.py:112]: Log pipe server stopped
2026-08-17 17:42:57,647 [DEBUG] [MainThread] [cli_server/cli_server.py:206]: CLI server stopped
2026-08-17 17:42:57,650 [DEBUG] [MainThread] [systray_widget/systray.py:526]: Loading state from C:\Users\Srinath\AppData\Local\YASB\systray_state_MLTDACERTECHNOLOGIESVG271UM31322131231233.json
2026-08-17 17:42:57,666 [DEBUG] [SystrayMonitor] [systray_widget/systray.py:57]: Systray thread is starting...
2026-08-17 17:42:57,681 [INFO] [MainThread] [root/bar_manager.py:80]: Screens updated. Re-initialising all bars.
2026-08-17 17:42:57,682 [INFO] [MainThread] [root/controller.py:15]: Reloading Application because of screen update.
2026-08-17 17:42:57,783 [INFO] [MainThread] [cli_server/cli_server.py:112]: Log pipe server stopped
2026-08-17 17:42:57,783 [DEBUG] [MainThread] [cli_server/cli_server.py:206]: CLI server stopped
2026-08-17 17:42:57,784 [DEBUG] [MainThread] [systray_widget/systray.py:277]: Systray thread started
2026-08-17 17:42:57,878 [INFO] [MainThread] [root/service.py:48]: AudioOutputService starting...
2026-08-17 17:42:58,168 [ERROR] [MainThread] [root/main.py:156]: Exception during application startup
Traceback (most recent call last):
  File "main.py", line 154, in <module>
  File "main.py", line 106, in main
  File "D:\a\yasb\yasb\src\core\bar_manager.py", line 135, in initialize_bars
  File "D:\a\yasb\yasb\src\core\bar_manager.py", line 176, in create_bar
  File "D:\a\yasb\yasb\src\core\bar.py", line 50, in __init__
RuntimeError: wrapped C/C++ object of type QScreen has been deleted
2026-08-17 17:42:58,169 [DEBUG] [MainThread] [systray_widget/utils.py:96]: Destroying window 1378500
2026-08-17 17:42:58,219 [INFO] [MainThread] [root/log.py:69]: YASB v1.8.5
2026-08-17 17:42:58,220 [INFO] [Thread-1 (_run_server)] [cli_server/cli_server.py:212]: CLI server started v1.1.4
2026-08-17 17:42:58,221 [INFO] [MainThread] [cli_server/cli_server.py:104]: Log pipe server started
2026-08-17 17:42:58,325 [INFO] [MainThread] [root/log.py:69]: YASB v1.8.5
2026-08-17 17:42:58,326 [INFO] [Thread-1 (_run_server)] [cli_server/cli_server.py:212]: CLI server started v1.1.4
2026-08-17 17:42:58,326 [INFO] [MainThread] [cli_server/cli_server.py:104]: Log pipe server started
2026-08-17 17:42:58,327 [INFO] [MainThread] [root/main.py:45]: Waiting for previous YASB instance to exit...
2026-08-17 17:42:59,350 [INFO] [MainThread] [root/service.py:48]: AudioOutputService starting...
2026-08-17 17:43:00,020 [INFO] [MainThread] [root/bar_manager.py:85]: Starting WindowsNotificationEventListener...
2026-08-17 17:43:00,021 [INFO] [MainThread] [root/bar_manager.py:85]: Starting KomorebiEventListener...
2026-08-17 17:43:00,021 [INFO] [MainThread] [root/bar_manager.py:85]: Starting SystemEventListener...
2026-08-17 17:43:00,022 [INFO] [MainThread] [root/watcher.py:54]: Created file watcher for path C:\Users\Srinath\.config\yasb
2026-08-17 17:43:00,059 [INFO] [Dummy-6] [root/event_listener.py:51]: Created named pipe yasb-fd157cf0-9a34-11f1-b895-b48c9d368940
2026-08-17 17:43:00,116 [INFO] [MainThread] [root/update_service.py:404]: Background update checker started
2026-08-17 17:43:00,117 [DEBUG] [MainThread] [qasync._windows._EventPoller/_windows.py:215]: Starting (proactor: <_IocpProactor overlapped#=0 result#=0>)...
2026-08-17 17:43:00,121 [DEBUG] [Dummy-9] [qasync._windows._EventWorker/_windows.py:195]: Thread started
2026-08-17 17:43:00,126 [DEBUG] [MainThread] [systray_widget/systray.py:526]: Loading state from C:\Users\Srinath\AppData\Local\YASB\systray_state_ACERTECHNOLOGIESVG271UM31322131231233.json
2026-08-17 17:43:00,134 [DEBUG] [SystrayMonitor] [systray_widget/systray.py:57]: Systray thread is starting...
2026-08-17 17:43:00,398 [DEBUG] [MainThread] [systray_widget/systray.py:277]: Systray thread started
2026-08-17 17:43:00,511 [WARNING] [UpdateChecker] [root/update_service.py:274]: Network error checking for updates: [Errno 11001] getaddrinfo failed
2026-08-17 17:43:00,511 [WARNING] [UpdateChecker] [root/update_service.py:400]: Background update check failed: <urlopen error [Errno 11001] getaddrinfo failed>
2026-08-17 17:43:00,600 [DEBUG] [SystrayMonitor] [systray_widget/systray_monitor.py:164]: Adding TaskbandHWND prop to hwnd 329118
2026-08-17 17:43:00,606 [DEBUG] [SystrayMonitor] [systray_widget/systray_monitor.py:242]: Finding real tray hwnd
2026-08-17 17:43:00,614 [DEBUG] [MainThread] [systray_widget/systray_monitor.py:157]: Sending TaskbarCreated message: 49366
2026-08-17 17:43:01,348 [ERROR] [MainThread] [root/main.py:68]: Timeout waiting for previous instance. Aborting start.
2026-08-17 17:43:01,392 [ERROR] [MainThread] [root/main.py:68]: Timeout waiting for previous instance. Aborting start.
2026-08-17 17:43:08,342 [ERROR] [MainThread] [root/main.py:68]: Timeout waiting for previous instance. Aborting start.
2026-08-17 17:54:36,558 [INFO] [MainThread] [root/controller.py:35]: Exiting Application...
2026-08-17 17:54:36,659 [INFO] [MainThread] [cli_server/cli_server.py:112]: Log pipe server stopped
2026-08-17 17:54:36,659 [DEBUG] [MainThread] [cli_server/cli_server.py:206]: CLI server stopped
2026-08-17 17:54:36,779 [INFO] [MainThread] [root/bar_manager.py:92]: Stopping WindowsNotificationEventListener...
2026-08-17 17:54:36,780 [INFO] [MainThread] [root/bar_manager.py:92]: Stopping KomorebiEventListener...
2026-08-17 17:54:36,780 [INFO] [MainThread] [root/bar_manager.py:92]: Stopping SystemEventListener...
2026-08-17 17:54:36,786 [DEBUG] [MainThread] [systray_widget/systray.py:504]: Saving state to disk
2026-08-17 17:54:36,787 [DEBUG] [MainThread] [systray_widget/systray.py:508]: Saving state to C:\Users\Srinath\AppData\Local\YASB\systray_state_ACERTECHNOLOGIESVG271UM31322131231233.json
2026-08-17 17:54:36,788 [DEBUG] [MainThread] [systray_widget/utils.py:96]: Destroying window 329118
2026-08-17 17:54:36,840 [DEBUG] [MainThread] [qasync._windows._EventPoller/_windows.py:220]: Stopping worker thread...
2026-08-17 17:54:36,845 [DEBUG] [Dummy-9] [qasync._windows._EventWorker/_windows.py:204]: Exiting thread
2026-08-17 17:54:36,854 [DEBUG] [MainThread] [qasync._windows._IocpProactor/_windows.py:78]: Closing
2026-08-17 17:54:36,916 [DEBUG] [MainThread] [systray_widget/utils.py:96]: Destroying window 329118
2026-08-18 01:50:22,256 [INFO] [MainThread] [root/log.py:69]: YASB v1.8.5
2026-08-18 01:50:22,257 [INFO] [Thread-1 (_run_server)] [cli_server/cli_server.py:212]: CLI server started v1.1.4
2026-08-18 01:50:22,258 [INFO] [MainThread] [cli_server/cli_server.py:104]: Log pipe server started
2026-08-18 01:50:23,819 [INFO] [MainThread] [root/service.py:48]: AudioOutputService starting...
2026-08-18 01:50:24,736 [INFO] [MainThread] [root/bar_manager.py:85]: Starting SystemEventListener...
2026-08-18 01:50:24,737 [INFO] [MainThread] [root/bar_manager.py:85]: Starting WindowsNotificationEventListener...
2026-08-18 01:50:24,739 [INFO] [MainThread] [root/bar_manager.py:85]: Starting KomorebiEventListener...
2026-08-18 01:50:24,740 [INFO] [MainThread] [root/watcher.py:54]: Created file watcher for path C:\Users\Srinath\.config\yasb
2026-08-18 01:50:24,742 [INFO] [Dummy-6] [root/event_listener.py:51]: Created named pipe yasb-144b48d2-9a79-11f1-a402-b48c9d368940
2026-08-18 01:50:24,939 [INFO] [MainThread] [root/update_service.py:404]: Background update checker started
2026-08-18 01:50:24,940 [DEBUG] [MainThread] [qasync._windows._EventPoller/_windows.py:215]: Starting (proactor: <_IocpProactor overlapped#=0 result#=0>)...
2026-08-18 01:50:24,941 [DEBUG] [Dummy-9] [qasync._windows._EventWorker/_windows.py:195]: Thread started
2026-08-18 01:50:24,946 [DEBUG] [MainThread] [systray_widget/systray.py:526]: Loading state from C:\Users\Srinath\AppData\Local\YASB\systray_state_ACERTECHNOLOGIESVG271UM31322131231233.json
2026-08-18 01:50:25,000 [DEBUG] [SystrayMonitor] [systray_widget/systray.py:57]: Systray thread is starting...
2026-08-18 01:50:25,281 [DEBUG] [MainThread] [systray_widget/systray.py:277]: Systray thread started
2026-08-18 01:50:25,483 [DEBUG] [SystrayMonitor] [systray_widget/systray_monitor.py:164]: Adding TaskbandHWND prop to hwnd 66894
2026-08-18 01:50:25,492 [DEBUG] [SystrayMonitor] [systray_widget/systray_monitor.py:242]: Finding real tray hwnd
2026-08-18 01:50:25,496 [DEBUG] [MainThread] [systray_widget/systray_monitor.py:157]: Sending TaskbarCreated message: 49366
2026-08-18 01:50:25,676 [ERROR] [UpdateChecker] [root/update_service.py:271]: GitHub API HTTP error: 403 rate limit exceeded
2026-08-18 01:50:25,676 [WARNING] [UpdateChecker] [root/update_service.py:400]: Background update check failed: HTTP Error 403: rate limit exceeded
2026-08-18 02:25:36,807 [INFO] [MainThread] [root/controller.py:35]: Exiting Application...
2026-08-18 02:25:36,921 [INFO] [MainThread] [cli_server/cli_server.py:112]: Log pipe server stopped
2026-08-18 02:25:36,921 [DEBUG] [MainThread] [cli_server/cli_server.py:206]: CLI server stopped
2026-08-18 02:25:37,038 [INFO] [MainThread] [root/bar_manager.py:92]: Stopping SystemEventListener...
2026-08-18 02:25:37,038 [INFO] [MainThread] [root/bar_manager.py:92]: Stopping WindowsNotificationEventListener...
2026-08-18 02:25:37,039 [INFO] [MainThread] [root/bar_manager.py:92]: Stopping KomorebiEventListener...
2026-08-18 02:25:37,044 [DEBUG] [MainThread] [systray_widget/systray.py:504]: Saving state to disk
2026-08-18 02:25:37,044 [DEBUG] [MainThread] [systray_widget/systray.py:508]: Saving state to C:\Users\Srinath\AppData\Local\YASB\systray_state_ACERTECHNOLOGIESVG271UM31322131231233.json
2026-08-18 02:25:37,061 [DEBUG] [MainThread] [systray_widget/utils.py:96]: Destroying window 66894
2026-08-18 02:25:37,110 [DEBUG] [MainThread] [qasync._windows._EventPoller/_windows.py:220]: Stopping worker thread...
2026-08-18 02:25:37,124 [DEBUG] [Dummy-9] [qasync._windows._EventWorker/_windows.py:204]: Exiting thread
2026-08-18 02:25:37,131 [DEBUG] [MainThread] [qasync._windows._IocpProactor/_windows.py:78]: Closing
2026-08-18 02:25:37,177 [DEBUG] [MainThread] [systray_widget/utils.py:96]: Destroying window 66894
2026-08-18 02:51:01,001 [INFO] [MainThread] [root/log.py:69]: YASB v1.8.5
2026-08-18 02:51:01,002 [INFO] [Thread-1 (_run_server)] [cli_server/cli_server.py:212]: CLI server started v1.1.4
2026-08-18 02:51:01,002 [INFO] [MainThread] [cli_server/cli_server.py:104]: Log pipe server started
2026-08-18 02:51:02,931 [INFO] [MainThread] [root/service.py:48]: AudioOutputService starting...
2026-08-18 02:51:04,242 [INFO] [MainThread] [root/bar_manager.py:85]: Starting WindowsNotificationEventListener...
2026-08-18 02:51:04,243 [INFO] [MainThread] [root/bar_manager.py:85]: Starting KomorebiEventListener...
2026-08-18 02:51:04,243 [INFO] [MainThread] [root/bar_manager.py:85]: Starting SystemEventListener...
2026-08-18 02:51:04,245 [INFO] [MainThread] [root/watcher.py:54]: Created file watcher for path C:\Users\Srinath\.config\yasb
2026-08-18 02:51:04,246 [INFO] [Dummy-6] [root/event_listener.py:51]: Created named pipe yasb-8d9b9373-9a81-11f1-a242-b48c9d368940
2026-08-18 02:51:04,370 [INFO] [MainThread] [root/update_service.py:404]: Background update checker started
2026-08-18 02:51:04,371 [DEBUG] [MainThread] [qasync._windows._EventPoller/_windows.py:215]: Starting (proactor: <_IocpProactor overlapped#=0 result#=0>)...
2026-08-18 02:51:04,373 [DEBUG] [Dummy-9] [qasync._windows._EventWorker/_windows.py:195]: Thread started
2026-08-18 02:51:04,377 [DEBUG] [MainThread] [systray_widget/systray.py:526]: Loading state from C:\Users\Srinath\AppData\Local\YASB\systray_state_ACERTECHNOLOGIESVG271UM31322131231233.json
2026-08-18 02:51:04,419 [DEBUG] [SystrayMonitor] [systray_widget/systray.py:57]: Systray thread is starting...
2026-08-18 02:51:04,680 [DEBUG] [MainThread] [systray_widget/systray.py:277]: Systray thread started
2026-08-18 02:51:04,918 [DEBUG] [SystrayMonitor] [systray_widget/systray_monitor.py:164]: Adding TaskbandHWND prop to hwnd 66896
2026-08-18 02:51:04,926 [DEBUG] [SystrayMonitor] [systray_widget/systray_monitor.py:242]: Finding real tray hwnd
2026-08-18 02:51:04,931 [DEBUG] [MainThread] [systray_widget/systray_monitor.py:157]: Sending TaskbarCreated message: 49366
2026-08-18 02:51:04,965 [ERROR] [UpdateChecker] [root/update_service.py:271]: GitHub API HTTP error: 403 rate limit exceeded
2026-08-18 02:51:04,966 [WARNING] [UpdateChecker] [root/update_service.py:400]: Background update check failed: HTTP Error 403: rate limit exceeded
2026-08-18 03:00:20,090 [INFO] [MainThread] [root/controller.py:35]: Exiting Application...
2026-08-18 03:00:20,193 [INFO] [MainThread] [cli_server/cli_server.py:112]: Log pipe server stopped
2026-08-18 03:00:20,193 [DEBUG] [MainThread] [cli_server/cli_server.py:206]: CLI server stopped
2026-08-18 03:00:20,283 [INFO] [MainThread] [root/bar_manager.py:92]: Stopping WindowsNotificationEventListener...
2026-08-18 03:00:20,283 [INFO] [MainThread] [root/bar_manager.py:92]: Stopping KomorebiEventListener...
2026-08-18 03:00:20,283 [INFO] [MainThread] [root/bar_manager.py:92]: Stopping SystemEventListener...
2026-08-18 03:00:20,288 [DEBUG] [MainThread] [systray_widget/systray.py:504]: Saving state to disk
2026-08-18 03:00:20,288 [DEBUG] [MainThread] [systray_widget/systray.py:508]: Saving state to C:\Users\Srinath\AppData\Local\YASB\systray_state_ACERTECHNOLOGIESVG271UM31322131231233.json
2026-08-18 03:00:20,289 [DEBUG] [MainThread] [systray_widget/utils.py:96]: Destroying window 66896
2026-08-18 03:00:20,305 [DEBUG] [MainThread] [qasync._windows._EventPoller/_windows.py:220]: Stopping worker thread...
2026-08-18 03:00:20,318 [DEBUG] [Dummy-9] [qasync._windows._EventWorker/_windows.py:204]: Exiting thread
2026-08-18 03:00:20,340 [DEBUG] [MainThread] [qasync._windows._IocpProactor/_windows.py:78]: Closing
2026-08-18 03:00:20,417 [DEBUG] [MainThread] [systray_widget/utils.py:96]: Destroying window 66896
2026-08-18 10:29:15,976 [INFO] [MainThread] [root/log.py:69]: YASB v1.8.5
2026-08-18 10:29:15,978 [INFO] [Thread-1 (_run_server)] [cli_server/cli_server.py:212]: CLI server started v1.1.4
2026-08-18 10:29:15,978 [INFO] [MainThread] [cli_server/cli_server.py:104]: Log pipe server started
2026-08-18 10:29:17,685 [INFO] [MainThread] [root/service.py:48]: AudioOutputService starting...
2026-08-18 10:29:19,350 [INFO] [MainThread] [root/bar_manager.py:85]: Starting SystemEventListener...
2026-08-18 10:29:19,350 [INFO] [MainThread] [root/bar_manager.py:85]: Starting WindowsNotificationEventListener...
2026-08-18 10:29:19,352 [INFO] [MainThread] [root/bar_manager.py:85]: Starting KomorebiEventListener...
2026-08-18 10:29:19,352 [INFO] [MainThread] [root/watcher.py:54]: Created file watcher for path C:\Users\Srinath\.config\yasb
2026-08-18 10:29:19,357 [INFO] [Dummy-6] [root/event_listener.py:51]: Created named pipe yasb-91f83771-9ac1-11f1-9d8e-b48c9d368940
2026-08-18 10:29:19,505 [INFO] [MainThread] [root/update_service.py:404]: Background update checker started
2026-08-18 10:29:19,505 [DEBUG] [MainThread] [qasync._windows._EventPoller/_windows.py:215]: Starting (proactor: <_IocpProactor overlapped#=0 result#=0>)...
2026-08-18 10:29:19,507 [DEBUG] [Dummy-9] [qasync._windows._EventWorker/_windows.py:195]: Thread started
2026-08-18 10:29:19,510 [DEBUG] [MainThread] [systray_widget/systray.py:526]: Loading state from C:\Users\Srinath\AppData\Local\YASB\systray_state_ACERTECHNOLOGIESVG271UM31322131231233.json
2026-08-18 10:29:19,544 [DEBUG] [SystrayMonitor] [systray_widget/systray.py:57]: Systray thread is starting...
2026-08-18 10:29:19,612 [DEBUG] [SystrayMonitor] [systray_widget/systray_monitor.py:242]: Finding real tray hwnd
2026-08-18 10:29:19,934 [WARNING] [UpdateChecker] [root/update_service.py:274]: Network error checking for updates: [Errno 11001] getaddrinfo failed
2026-08-18 10:29:19,934 [WARNING] [UpdateChecker] [root/update_service.py:400]: Background update check failed: <urlopen error [Errno 11001] getaddrinfo failed>
2026-08-18 10:29:19,980 [DEBUG] [MainThread] [systray_widget/systray.py:277]: Systray thread started
2026-08-18 10:29:20,183 [DEBUG] [SystrayMonitor] [systray_widget/systray_monitor.py:164]: Adding TaskbandHWND prop to hwnd 66832
2026-08-18 10:29:20,193 [DEBUG] [MainThread] [systray_widget/systray_monitor.py:157]: Sending TaskbarCreated message: 49366
2026-08-18 10:29:46,305 [ERROR] [SystrayMonitor] [root/app_icons.py:282]: GetIconInfo failed: 0
2026-08-18 13:10:44,523 [INFO] [MainThread] [root/bar_manager.py:80]: Screens updated. Re-initialising all bars.
2026-08-18 13:10:44,524 [INFO] [MainThread] [root/controller.py:15]: Reloading Application because of screen update.
2026-08-18 13:10:44,639 [INFO] [MainThread] [cli_server/cli_server.py:112]: Log pipe server stopped
2026-08-18 13:10:44,640 [DEBUG] [MainThread] [cli_server/cli_server.py:206]: CLI server stopped
2026-08-18 13:10:45,200 [INFO] [MainThread] [root/bar_manager.py:80]: Screens updated. Re-initialising all bars.
2026-08-18 13:10:45,201 [INFO] [MainThread] [root/controller.py:15]: Reloading Application because of screen update.
2026-08-18 13:10:45,312 [INFO] [MainThread] [cli_server/cli_server.py:112]: Log pipe server stopped
2026-08-18 13:10:45,313 [DEBUG] [MainThread] [cli_server/cli_server.py:206]: CLI server stopped
2026-08-18 13:10:48,774 [INFO] [MainThread] [root/bar_manager.py:92]: Stopping SystemEventListener...
2026-08-18 13:10:48,775 [INFO] [MainThread] [root/bar_manager.py:92]: Stopping WindowsNotificationEventListener...
2026-08-18 13:10:48,775 [INFO] [MainThread] [root/bar_manager.py:92]: Stopping KomorebiEventListener...
2026-08-18 13:10:48,786 [DEBUG] [MainThread] [systray_widget/systray.py:504]: Saving state to disk
2026-08-18 13:10:48,787 [DEBUG] [MainThread] [systray_widget/systray.py:508]: Saving state to C:\Users\Srinath\AppData\Local\YASB\systray_state_MLTDACERTECHNOLOGIESVG271UM31322131231233.json
2026-08-18 13:10:48,805 [DEBUG] [MainThread] [systray_widget/utils.py:96]: Destroying window 66832
2026-08-18 13:10:48,819 [DEBUG] [MainThread] [qasync._windows._EventPoller/_windows.py:220]: Stopping worker thread...
2026-08-18 13:10:48,834 [DEBUG] [Dummy-9] [qasync._windows._EventWorker/_windows.py:204]: Exiting thread
2026-08-18 13:10:48,840 [DEBUG] [MainThread] [qasync._windows._IocpProactor/_windows.py:78]: Closing
2026-08-18 13:13:21,601 [ERROR] [Dummy-13509] [comtypes._vtbl/_vtbl.py:217]: Exception in IMMNotificationClient.OnDeviceStateChanged implementation:
Traceback (most recent call last):
  File "D:\a\yasb\yasb\venv\Lib\site-packages\comtypes\_vtbl.py", line 176, in call_without_this
  File "D:\a\yasb\yasb\venv\Lib\site-packages\pycaw\callbacks.py", line 332, in OnDeviceStateChanged
  File "D:\a\yasb\yasb\src\core\utils\widgets\volume\service.py", line 317, in on_device_state_changed
RuntimeError: wrapped C/C++ object of type AudioOutputService has been deleted
2026-08-18 13:13:21,704 [ERROR] [Dummy-13512] [comtypes._vtbl/_vtbl.py:217]: Exception in IMMNotificationClient.OnDeviceStateChanged implementation:
Traceback (most recent call last):
  File "D:\a\yasb\yasb\venv\Lib\site-packages\comtypes\_vtbl.py", line 176, in call_without_this
  File "D:\a\yasb\yasb\venv\Lib\site-packages\pycaw\callbacks.py", line 332, in OnDeviceStateChanged
  File "D:\a\yasb\yasb\src\core\utils\widgets\volume\service.py", line 317, in on_device_state_changed
RuntimeError: wrapped C/C++ object of type AudioOutputService has been deleted
2026-08-18 13:13:21,740 [INFO] [MainThread] [root/log.py:69]: YASB v1.8.5
2026-08-18 13:13:21,746 [INFO] [Thread-1 (_run_server)] [cli_server/cli_server.py:212]: CLI server started v1.1.4
2026-08-18 13:13:21,748 [INFO] [MainThread] [cli_server/cli_server.py:104]: Log pipe server started
2026-08-18 13:13:21,748 [INFO] [MainThread] [root/main.py:45]: Waiting for previous YASB instance to exit...
2026-08-18 13:13:21,794 [INFO] [MainThread] [root/log.py:69]: YASB v1.8.5
2026-08-18 13:13:21,797 [INFO] [Thread-1 (_run_server)] [cli_server/cli_server.py:212]: CLI server started v1.1.4
2026-08-18 13:13:21,798 [INFO] [MainThread] [cli_server/cli_server.py:104]: Log pipe server started
2026-08-18 13:13:21,799 [INFO] [MainThread] [root/main.py:45]: Waiting for previous YASB instance to exit...
2026-08-18 13:13:22,635 [DEBUG] [MainThread] [systray_widget/utils.py:96]: Destroying window 66832
2026-08-18 13:13:22,751 [INFO] [MainThread] [root/main.py:71]: Previous instance exited, continuing startup.
2026-08-18 13:13:23,277 [ERROR] [Dummy-13513] [comtypes._vtbl/_vtbl.py:217]: Exception in IMMNotificationClient.OnDeviceStateChanged implementation:
Traceback (most recent call last):
  File "D:\a\yasb\yasb\venv\Lib\site-packages\comtypes\_vtbl.py", line 176, in call_without_this
  File "D:\a\yasb\yasb\venv\Lib\site-packages\pycaw\callbacks.py", line 332, in OnDeviceStateChanged
  File "D:\a\yasb\yasb\src\core\utils\widgets\volume\service.py", line 317, in on_device_state_changed
RuntimeError: wrapped C/C++ object of type AudioOutputService has been deleted
2026-08-18 13:13:23,567 [ERROR] [Dummy-13514] [comtypes._vtbl/_vtbl.py:217]: Exception in IMMNotificationClient.OnDeviceStateChanged implementation:
Traceback (most recent call last):
  File "D:\a\yasb\yasb\venv\Lib\site-packages\comtypes\_vtbl.py", line 176, in call_without_this
  File "D:\a\yasb\yasb\venv\Lib\site-packages\pycaw\callbacks.py", line 332, in OnDeviceStateChanged
  File "D:\a\yasb\yasb\src\core\utils\widgets\volume\service.py", line 317, in on_device_state_changed
RuntimeError: wrapped C/C++ object of type AudioOutputService has been deleted
2026-08-18 13:13:25,286 [INFO] [MainThread] [root/service.py:48]: AudioOutputService starting...
2026-08-18 13:13:26,465 [INFO] [MainThread] [root/bar_manager.py:85]: Starting KomorebiEventListener...
2026-08-18 13:13:26,465 [INFO] [MainThread] [root/bar_manager.py:85]: Starting SystemEventListener...
2026-08-18 13:13:26,466 [INFO] [MainThread] [root/bar_manager.py:85]: Starting WindowsNotificationEventListener...
2026-08-18 13:13:26,467 [INFO] [Dummy-4] [root/event_listener.py:51]: Created named pipe yasb-7f4e6f39-9ad8-11f1-943a-b48c9d368940
2026-08-18 13:13:26,468 [INFO] [MainThread] [root/watcher.py:54]: Created file watcher for path C:\Users\Srinath\.config\yasb
2026-08-18 13:13:26,658 [INFO] [MainThread] [root/update_service.py:404]: Background update checker started
2026-08-18 13:13:26,658 [DEBUG] [MainThread] [qasync._windows._EventPoller/_windows.py:215]: Starting (proactor: <_IocpProactor overlapped#=0 result#=0>)...
2026-08-18 13:13:26,660 [DEBUG] [Dummy-9] [qasync._windows._EventWorker/_windows.py:195]: Thread started
2026-08-18 13:13:26,667 [DEBUG] [MainThread] [systray_widget/systray.py:526]: Loading state from C:\Users\Srinath\AppData\Local\YASB\systray_state_LTDNOVATEK.json
2026-08-18 13:13:26,705 [DEBUG] [SystrayMonitor] [systray_widget/systray.py:57]: Systray thread is starting...
2026-08-18 13:13:27,034 [DEBUG] [SystrayMonitor] [systray_widget/systray_monitor.py:242]: Finding real tray hwnd
2026-08-18 13:13:31,817 [ERROR] [MainThread] [root/main.py:68]: Timeout waiting for previous instance. Aborting start.
2026-08-18 13:13:33,051 [DEBUG] [MainThread] [systray_widget/systray.py:277]: Systray thread started
2026-08-18 13:13:33,287 [INFO] [MainThread] [root/bar.py:154]: Screen geometry changed. Updating position for bar status-bar on screen NOVATEK
2026-08-18 13:13:33,445 [DEBUG] [SystrayMonitor] [systray_widget/systray_monitor.py:164]: Adding TaskbandHWND prop to hwnd 1640312
2026-08-18 13:13:33,456 [DEBUG] [MainThread] [systray_widget/systray_monitor.py:157]: Sending TaskbarCreated message: 49366
2026-08-18 17:58:04,220 [INFO] [MainThread] [root/controller.py:35]: Exiting Application...
2026-08-18 17:58:04,334 [INFO] [MainThread] [cli_server/cli_server.py:112]: Log pipe server stopped
2026-08-18 17:58:04,334 [DEBUG] [MainThread] [cli_server/cli_server.py:206]: CLI server stopped
2026-08-18 17:58:04,717 [INFO] [MainThread] [root/bar_manager.py:92]: Stopping KomorebiEventListener...
2026-08-18 17:58:04,718 [INFO] [MainThread] [root/bar_manager.py:92]: Stopping SystemEventListener...
2026-08-18 17:58:04,718 [INFO] [MainThread] [root/bar_manager.py:92]: Stopping WindowsNotificationEventListener...
2026-08-18 17:58:04,729 [DEBUG] [MainThread] [systray_widget/systray.py:504]: Saving state to disk
2026-08-18 17:58:04,730 [DEBUG] [MainThread] [systray_widget/systray.py:508]: Saving state to C:\Users\Srinath\AppData\Local\YASB\systray_state_LTDNOVATEK.json
2026-08-18 17:58:04,750 [DEBUG] [MainThread] [systray_widget/utils.py:96]: Destroying window 1640312
2026-08-18 17:58:04,792 [DEBUG] [MainThread] [qasync._windows._EventPoller/_windows.py:220]: Stopping worker thread...
2026-08-18 17:58:04,800 [DEBUG] [Dummy-9] [qasync._windows._EventWorker/_windows.py:204]: Exiting thread
2026-08-18 17:58:04,807 [DEBUG] [MainThread] [qasync._windows._IocpProactor/_windows.py:78]: Closing
2026-08-18 17:58:04,864 [DEBUG] [MainThread] [systray_widget/utils.py:96]: Destroying window 1640312
2026-08-18 18:38:32,766 [INFO] [MainThread] [root/log.py:69]: YASB v1.8.5
2026-08-18 18:38:32,768 [INFO] [Thread-1 (_run_server)] [cli_server/cli_server.py:212]: CLI server started v1.1.4
2026-08-18 18:38:32,769 [INFO] [MainThread] [cli_server/cli_server.py:104]: Log pipe server started
2026-08-18 18:38:34,157 [INFO] [MainThread] [root/service.py:48]: AudioOutputService starting...
2026-08-18 18:38:35,209 [INFO] [MainThread] [root/bar_manager.py:85]: Starting SystemEventListener...
2026-08-18 18:38:35,210 [INFO] [MainThread] [root/bar_manager.py:85]: Starting KomorebiEventListener...
2026-08-18 18:38:35,210 [INFO] [MainThread] [root/bar_manager.py:85]: Starting WindowsNotificationEventListener...
2026-08-18 18:38:35,212 [INFO] [Dummy-4] [root/event_listener.py:51]: Created named pipe yasb-eb6c9c70-9b05-11f1-aa6d-b48c9d368940
2026-08-18 18:38:35,212 [INFO] [MainThread] [root/watcher.py:54]: Created file watcher for path C:\Users\Srinath\.config\yasb
2026-08-18 18:38:35,351 [INFO] [MainThread] [root/update_service.py:404]: Background update checker started
2026-08-18 18:38:35,351 [DEBUG] [MainThread] [qasync._windows._EventPoller/_windows.py:215]: Starting (proactor: <_IocpProactor overlapped#=0 result#=0>)...
2026-08-18 18:38:35,353 [DEBUG] [Dummy-9] [qasync._windows._EventWorker/_windows.py:195]: Thread started
2026-08-18 18:38:35,357 [DEBUG] [MainThread] [systray_widget/systray.py:526]: Loading state from C:\Users\Srinath\AppData\Local\YASB\systray_state_MLTDDISPLAY1.json
2026-08-18 18:38:35,399 [DEBUG] [SystrayMonitor] [systray_widget/systray.py:57]: Systray thread is starting...
2026-08-18 18:38:35,590 [DEBUG] [MainThread] [systray_widget/systray.py:277]: Systray thread started
2026-08-18 18:38:35,790 [DEBUG] [SystrayMonitor] [systray_widget/systray_monitor.py:164]: Adding TaskbandHWND prop to hwnd 67014
2026-08-18 18:38:35,799 [DEBUG] [SystrayMonitor] [systray_widget/systray_monitor.py:242]: Finding real tray hwnd
2026-08-18 18:38:35,802 [DEBUG] [MainThread] [systray_widget/systray_monitor.py:157]: Sending TaskbarCreated message: 49366
2026-08-18 18:43:01,587 [INFO] [MainThread] [root/controller.py:35]: Exiting Application...
2026-08-18 18:43:01,695 [INFO] [MainThread] [cli_server/cli_server.py:112]: Log pipe server stopped
2026-08-18 18:43:01,695 [DEBUG] [MainThread] [cli_server/cli_server.py:206]: CLI server stopped
2026-08-18 18:43:01,788 [INFO] [MainThread] [root/bar_manager.py:92]: Stopping SystemEventListener...
2026-08-18 18:43:01,788 [INFO] [MainThread] [root/bar_manager.py:92]: Stopping KomorebiEventListener...
2026-08-18 18:43:01,789 [INFO] [MainThread] [root/bar_manager.py:92]: Stopping WindowsNotificationEventListener...
2026-08-18 18:43:01,793 [DEBUG] [MainThread] [systray_widget/systray.py:504]: Saving state to disk
2026-08-18 18:43:01,794 [DEBUG] [MainThread] [systray_widget/systray.py:508]: Saving state to C:\Users\Srinath\AppData\Local\YASB\systray_state_MLTDDISPLAY1.json
2026-08-18 18:43:01,796 [DEBUG] [MainThread] [systray_widget/utils.py:96]: Destroying window 67014
2026-08-18 18:43:01,811 [DEBUG] [MainThread] [qasync._windows._EventPoller/_windows.py:220]: Stopping worker thread...
2026-08-18 18:43:01,818 [DEBUG] [Dummy-9] [qasync._windows._EventWorker/_windows.py:204]: Exiting thread
2026-08-18 18:43:01,840 [DEBUG] [MainThread] [qasync._windows._IocpProactor/_windows.py:78]: Closing
2026-08-18 18:43:01,921 [DEBUG] [MainThread] [systray_widget/utils.py:96]: Destroying window 67014
2026-08-18 18:56:57,860 [INFO] [MainThread] [root/log.py:69]: YASB v1.8.5
2026-08-18 18:56:57,862 [INFO] [Thread-1 (_run_server)] [cli_server/cli_server.py:212]: CLI server started v1.1.4
2026-08-18 18:56:57,862 [INFO] [MainThread] [cli_server/cli_server.py:104]: Log pipe server started
2026-08-18 18:56:59,529 [INFO] [MainThread] [root/service.py:48]: AudioOutputService starting...
2026-08-18 18:57:00,618 [INFO] [MainThread] [root/bar_manager.py:85]: Starting SystemEventListener...
2026-08-18 18:57:00,618 [INFO] [MainThread] [root/bar_manager.py:85]: Starting KomorebiEventListener...
2026-08-18 18:57:00,619 [INFO] [MainThread] [root/bar_manager.py:85]: Starting WindowsNotificationEventListener...
2026-08-18 18:57:00,620 [INFO] [Dummy-4] [root/event_listener.py:51]: Created named pipe yasb-7e4c9f07-9b08-11f1-bbc8-b48c9d368940
2026-08-18 18:57:00,621 [INFO] [MainThread] [root/watcher.py:54]: Created file watcher for path C:\Users\Srinath\.config\yasb
2026-08-18 18:57:00,756 [INFO] [MainThread] [root/update_service.py:404]: Background update checker started
2026-08-18 18:57:00,756 [DEBUG] [MainThread] [qasync._windows._EventPoller/_windows.py:215]: Starting (proactor: <_IocpProactor overlapped#=0 result#=0>)...
2026-08-18 18:57:00,757 [DEBUG] [Dummy-9] [qasync._windows._EventWorker/_windows.py:195]: Thread started
2026-08-18 18:57:00,760 [DEBUG] [MainThread] [systray_widget/systray.py:526]: Loading state from C:\Users\Srinath\AppData\Local\YASB\systray_state_MLTDDISPLAY1.json
2026-08-18 18:57:00,772 [DEBUG] [SystrayMonitor] [systray_widget/systray.py:57]: Systray thread is starting...
2026-08-18 18:57:00,959 [DEBUG] [MainThread] [systray_widget/systray.py:277]: Systray thread started
2026-08-18 18:57:01,160 [DEBUG] [SystrayMonitor] [systray_widget/systray_monitor.py:164]: Adding TaskbandHWND prop to hwnd 67086
2026-08-18 18:57:01,169 [DEBUG] [SystrayMonitor] [systray_widget/systray_monitor.py:242]: Finding real tray hwnd
2026-08-18 18:57:01,174 [DEBUG] [MainThread] [systray_widget/systray_monitor.py:157]: Sending TaskbarCreated message: 49366
2026-08-18 19:36:32,466 [ERROR] [SystrayMonitor] [root/app_icons.py:282]: GetIconInfo failed: 0
2026-08-18 19:46:31,361 [INFO] [MainThread] [root/controller.py:35]: Exiting Application...
2026-08-18 19:46:31,464 [INFO] [MainThread] [cli_server/cli_server.py:112]: Log pipe server stopped
2026-08-18 19:46:31,464 [DEBUG] [MainThread] [cli_server/cli_server.py:206]: CLI server stopped
2026-08-18 19:46:31,568 [INFO] [MainThread] [root/bar_manager.py:92]: Stopping SystemEventListener...
2026-08-18 19:46:31,568 [INFO] [MainThread] [root/bar_manager.py:92]: Stopping KomorebiEventListener...
2026-08-18 19:46:31,568 [INFO] [MainThread] [root/bar_manager.py:92]: Stopping WindowsNotificationEventListener...
2026-08-18 19:46:31,575 [DEBUG] [MainThread] [systray_widget/systray.py:504]: Saving state to disk
2026-08-18 19:46:31,576 [DEBUG] [MainThread] [systray_widget/systray.py:508]: Saving state to C:\Users\Srinath\AppData\Local\YASB\systray_state_MLTDDISPLAY1.json
2026-08-18 19:46:31,593 [DEBUG] [MainThread] [systray_widget/utils.py:96]: Destroying window 67086
2026-08-18 19:46:31,656 [DEBUG] [MainThread] [qasync._windows._EventPoller/_windows.py:220]: Stopping worker thread...
2026-08-18 19:46:31,665 [DEBUG] [Dummy-9] [qasync._windows._EventWorker/_windows.py:204]: Exiting thread
2026-08-18 19:46:31,674 [DEBUG] [MainThread] [qasync._windows._IocpProactor/_windows.py:78]: Closing
2026-08-18 19:46:31,723 [DEBUG] [MainThread] [systray_widget/utils.py:96]: Destroying window 67086
2026-08-18 19:48:06,823 [INFO] [MainThread] [root/log.py:69]: YASB v1.8.5
2026-08-18 19:48:06,824 [INFO] [Thread-1 (_run_server)] [cli_server/cli_server.py:212]: CLI server started v1.1.4
2026-08-18 19:48:06,825 [INFO] [MainThread] [cli_server/cli_server.py:104]: Log pipe server started
2026-08-18 19:48:08,801 [INFO] [MainThread] [root/service.py:48]: AudioOutputService starting...
2026-08-18 19:48:10,947 [INFO] [MainThread] [root/bar_manager.py:85]: Starting KomorebiEventListener...
2026-08-18 19:48:10,948 [INFO] [MainThread] [root/bar_manager.py:85]: Starting WindowsNotificationEventListener...
2026-08-18 19:48:10,948 [INFO] [Dummy-4] [root/event_listener.py:51]: Created named pipe yasb-a45ba5f7-9b0f-11f1-9292-b48c9d368940
2026-08-18 19:48:10,950 [INFO] [MainThread] [root/bar_manager.py:85]: Starting SystemEventListener...
2026-08-18 19:48:10,950 [INFO] [MainThread] [root/watcher.py:54]: Created file watcher for path C:\Users\Srinath\.config\yasb
2026-08-18 19:48:11,098 [INFO] [MainThread] [root/update_service.py:404]: Background update checker started
2026-08-18 19:48:11,099 [DEBUG] [MainThread] [qasync._windows._EventPoller/_windows.py:215]: Starting (proactor: <_IocpProactor overlapped#=0 result#=0>)...
2026-08-18 19:48:11,100 [DEBUG] [Dummy-9] [qasync._windows._EventWorker/_windows.py:195]: Thread started
2026-08-18 19:48:11,105 [DEBUG] [MainThread] [systray_widget/systray.py:526]: Loading state from C:\Users\Srinath\AppData\Local\YASB\systray_state_MLTDDISPLAY1.json
2026-08-18 19:48:11,139 [DEBUG] [SystrayMonitor] [systray_widget/systray.py:57]: Systray thread is starting...
2026-08-18 19:48:12,162 [DEBUG] [MainThread] [systray_widget/systray.py:277]: Systray thread started
2026-08-18 19:48:12,364 [DEBUG] [SystrayMonitor] [systray_widget/systray_monitor.py:164]: Adding TaskbandHWND prop to hwnd 66972
2026-08-18 19:48:12,372 [DEBUG] [SystrayMonitor] [systray_widget/systray_monitor.py:242]: Finding real tray hwnd
2026-08-18 19:48:12,378 [DEBUG] [MainThread] [systray_widget/systray_monitor.py:157]: Sending TaskbarCreated message: 49366
2026-08-18 20:22:43,278 [INFO] [MainThread] [root/controller.py:35]: Exiting Application...
2026-08-18 20:22:43,380 [INFO] [MainThread] [cli_server/cli_server.py:112]: Log pipe server stopped
2026-08-18 20:22:43,380 [DEBUG] [MainThread] [cli_server/cli_server.py:206]: CLI server stopped
2026-08-18 20:22:43,460 [INFO] [MainThread] [root/bar_manager.py:92]: Stopping KomorebiEventListener...
2026-08-18 20:22:43,461 [INFO] [MainThread] [root/bar_manager.py:92]: Stopping WindowsNotificationEventListener...
2026-08-18 20:22:43,461 [INFO] [MainThread] [root/bar_manager.py:92]: Stopping SystemEventListener...
2026-08-18 20:22:43,465 [DEBUG] [MainThread] [systray_widget/systray.py:504]: Saving state to disk
2026-08-18 20:22:43,466 [DEBUG] [MainThread] [systray_widget/systray.py:508]: Saving state to C:\Users\Srinath\AppData\Local\YASB\systray_state_MLTDDISPLAY1.json
2026-08-18 20:22:43,478 [DEBUG] [MainThread] [systray_widget/utils.py:96]: Destroying window 66972
2026-08-18 20:22:43,489 [DEBUG] [MainThread] [qasync._windows._EventPoller/_windows.py:220]: Stopping worker thread...
2026-08-18 20:22:43,490 [DEBUG] [Dummy-9] [qasync._windows._EventWorker/_windows.py:204]: Exiting thread
2026-08-18 20:22:43,491 [DEBUG] [MainThread] [qasync._windows._IocpProactor/_windows.py:78]: Closing
2026-08-18 20:22:43,506 [DEBUG] [MainThread] [systray_widget/utils.py:96]: Destroying window 66972
2026-08-18 21:06:46,834 [INFO] [MainThread] [root/log.py:69]: YASB v1.8.5
2026-08-18 21:06:46,835 [INFO] [Thread-1 (_run_server)] [cli_server/cli_server.py:212]: CLI server started v1.1.4
2026-08-18 21:06:46,836 [INFO] [MainThread] [cli_server/cli_server.py:104]: Log pipe server started
2026-08-18 21:06:48,506 [INFO] [MainThread] [root/service.py:48]: AudioOutputService starting...
2026-08-18 21:06:49,991 [INFO] [MainThread] [root/bar_manager.py:85]: Starting KomorebiEventListener...
2026-08-18 21:06:49,992 [INFO] [MainThread] [root/bar_manager.py:85]: Starting SystemEventListener...
2026-08-18 21:06:49,992 [INFO] [MainThread] [root/bar_manager.py:85]: Starting WindowsNotificationEventListener...
2026-08-18 21:06:49,993 [INFO] [Dummy-4] [root/event_listener.py:51]: Created named pipe yasb-a1209ea7-9b1a-11f1-93dc-b48c9d368940
2026-08-18 21:06:49,995 [INFO] [MainThread] [root/watcher.py:54]: Created file watcher for path C:\Users\Srinath\.config\yasb
2026-08-18 21:06:50,139 [INFO] [MainThread] [root/update_service.py:404]: Background update checker started
2026-08-18 21:06:50,139 [DEBUG] [MainThread] [qasync._windows._EventPoller/_windows.py:215]: Starting (proactor: <_IocpProactor overlapped#=0 result#=0>)...
2026-08-18 21:06:50,140 [DEBUG] [Dummy-9] [qasync._windows._EventWorker/_windows.py:195]: Thread started
2026-08-18 21:06:50,144 [DEBUG] [MainThread] [systray_widget/systray.py:526]: Loading state from C:\Users\Srinath\AppData\Local\YASB\systray_state_MLTDDISPLAY1.json
2026-08-18 21:06:50,182 [DEBUG] [SystrayMonitor] [systray_widget/systray.py:57]: Systray thread is starting...
2026-08-18 21:06:50,250 [DEBUG] [SystrayMonitor] [systray_widget/systray_monitor.py:242]: Finding real tray hwnd
2026-08-18 21:06:50,574 [DEBUG] [MainThread] [systray_widget/systray.py:277]: Systray thread started
2026-08-18 21:06:50,777 [DEBUG] [SystrayMonitor] [systray_widget/systray_monitor.py:164]: Adding TaskbandHWND prop to hwnd 66974
2026-08-18 21:06:50,786 [DEBUG] [MainThread] [systray_widget/systray_monitor.py:157]: Sending TaskbarCreated message: 49366
2026-08-18 21:12:10,844 [ERROR] [SystrayMonitor] [root/app_icons.py:282]: GetIconInfo failed: 0
2026-08-18 23:30:08,733 [INFO] [MainThread] [root/controller.py:35]: Exiting Application...
2026-08-18 23:30:08,834 [INFO] [MainThread] [cli_server/cli_server.py:112]: Log pipe server stopped
2026-08-18 23:30:08,835 [DEBUG] [MainThread] [cli_server/cli_server.py:206]: CLI server stopped
2026-08-18 23:30:09,048 [INFO] [MainThread] [root/bar_manager.py:92]: Stopping KomorebiEventListener...
2026-08-18 23:30:09,048 [INFO] [MainThread] [root/bar_manager.py:92]: Stopping SystemEventListener...
2026-08-18 23:30:09,048 [INFO] [MainThread] [root/bar_manager.py:92]: Stopping WindowsNotificationEventListener...
2026-08-18 23:30:09,053 [DEBUG] [MainThread] [systray_widget/systray.py:504]: Saving state to disk
2026-08-18 23:30:09,053 [DEBUG] [MainThread] [systray_widget/systray.py:508]: Saving state to C:\Users\Srinath\AppData\Local\YASB\systray_state_MLTDDISPLAY1.json
2026-08-18 23:30:09,055 [DEBUG] [MainThread] [systray_widget/utils.py:96]: Destroying window 66974
2026-08-18 23:30:09,067 [DEBUG] [MainThread] [qasync._windows._EventPoller/_windows.py:220]: Stopping worker thread...
2026-08-18 23:30:09,081 [DEBUG] [Dummy-9] [qasync._windows._EventWorker/_windows.py:204]: Exiting thread
2026-08-18 23:30:09,084 [DEBUG] [MainThread] [qasync._windows._IocpProactor/_windows.py:78]: Closing
2026-08-18 23:30:09,196 [DEBUG] [MainThread] [systray_widget/utils.py:96]: Destroying window 66974
2026-08-18 23:39:45,780 [INFO] [MainThread] [root/log.py:69]: YASB v1.8.5
2026-08-18 23:39:45,781 [INFO] [Thread-1 (_run_server)] [cli_server/cli_server.py:212]: CLI server started v1.1.4
2026-08-18 23:39:45,782 [INFO] [MainThread] [cli_server/cli_server.py:104]: Log pipe server started
2026-08-18 23:39:47,916 [INFO] [MainThread] [root/service.py:48]: AudioOutputService starting...
2026-08-18 23:39:49,513 [INFO] [MainThread] [root/bar_manager.py:85]: Starting KomorebiEventListener...
2026-08-18 23:39:49,513 [INFO] [MainThread] [root/bar_manager.py:85]: Starting SystemEventListener...
2026-08-18 23:39:49,514 [INFO] [MainThread] [root/bar_manager.py:85]: Starting WindowsNotificationEventListener...
2026-08-18 23:39:49,514 [INFO] [Dummy-4] [root/event_listener.py:51]: Created named pipe yasb-008c729e-9b30-11f1-b00c-b48c9d368940
2026-08-18 23:39:49,516 [INFO] [MainThread] [root/watcher.py:54]: Created file watcher for path C:\Users\Srinath\.config\yasb
2026-08-18 23:39:49,669 [INFO] [MainThread] [root/update_service.py:404]: Background update checker started
2026-08-18 23:39:49,669 [DEBUG] [MainThread] [qasync._windows._EventPoller/_windows.py:215]: Starting (proactor: <_IocpProactor overlapped#=0 result#=0>)...
2026-08-18 23:39:49,671 [DEBUG] [Dummy-9] [qasync._windows._EventWorker/_windows.py:195]: Thread started
2026-08-18 23:39:49,674 [DEBUG] [MainThread] [systray_widget/systray.py:526]: Loading state from C:\Users\Srinath\AppData\Local\YASB\systray_state_MLTDDISPLAY1.json
2026-08-18 23:39:49,713 [DEBUG] [SystrayMonitor] [systray_widget/systray.py:57]: Systray thread is starting...
2026-08-18 23:39:49,955 [DEBUG] [SystrayMonitor] [systray_widget/systray_monitor.py:242]: Finding real tray hwnd
2026-08-18 23:39:50,066 [DEBUG] [MainThread] [systray_widget/systray.py:277]: Systray thread started
2026-08-18 23:39:50,267 [DEBUG] [SystrayMonitor] [systray_widget/systray_monitor.py:164]: Adding TaskbandHWND prop to hwnd 66828
2026-08-18 23:39:50,274 [DEBUG] [MainThread] [systray_widget/systray_monitor.py:157]: Sending TaskbarCreated message: 49366
2026-08-19 03:12:04,053 [ERROR] [SystrayMonitor] [root/app_icons.py:282]: GetIconInfo failed: 0
2026-08-19 06:06:27,219 [INFO] [MainThread] [root/controller.py:35]: Exiting Application...
2026-08-19 06:06:27,335 [INFO] [MainThread] [cli_server/cli_server.py:112]: Log pipe server stopped
2026-08-19 06:06:27,335 [DEBUG] [MainThread] [cli_server/cli_server.py:206]: CLI server stopped
2026-08-19 06:06:27,678 [INFO] [MainThread] [root/bar_manager.py:92]: Stopping KomorebiEventListener...
2026-08-19 06:06:27,679 [INFO] [MainThread] [root/bar_manager.py:92]: Stopping SystemEventListener...
2026-08-19 06:06:27,679 [INFO] [MainThread] [root/bar_manager.py:92]: Stopping WindowsNotificationEventListener...
2026-08-19 06:06:27,691 [DEBUG] [MainThread] [systray_widget/systray.py:504]: Saving state to disk
2026-08-19 06:06:27,692 [DEBUG] [MainThread] [systray_widget/systray.py:508]: Saving state to C:\Users\Srinath\AppData\Local\YASB\systray_state_MLTDDISPLAY1.json
2026-08-19 06:06:27,711 [DEBUG] [MainThread] [systray_widget/utils.py:96]: Destroying window 66828
2026-08-19 06:06:27,753 [DEBUG] [MainThread] [qasync._windows._EventPoller/_windows.py:220]: Stopping worker thread...
2026-08-19 06:06:27,757 [DEBUG] [Dummy-9] [qasync._windows._EventWorker/_windows.py:204]: Exiting thread
2026-08-19 06:06:27,765 [DEBUG] [MainThread] [qasync._windows._IocpProactor/_windows.py:78]: Closing
2026-08-19 06:06:27,867 [DEBUG] [MainThread] [systray_widget/utils.py:96]: Destroying window 66828
2026-08-19 14:21:41,039 [INFO] [MainThread] [root/log.py:69]: YASB v1.8.5
2026-08-19 14:21:41,040 [INFO] [Thread-1 (_run_server)] [cli_server/cli_server.py:212]: CLI server started v1.1.4
2026-08-19 14:21:41,041 [INFO] [MainThread] [cli_server/cli_server.py:104]: Log pipe server started
2026-08-19 14:21:42,794 [INFO] [MainThread] [root/service.py:48]: AudioOutputService starting...
2026-08-19 14:21:44,002 [INFO] [MainThread] [root/bar_manager.py:85]: Starting KomorebiEventListener...
2026-08-19 14:21:44,003 [INFO] [MainThread] [root/bar_manager.py:85]: Starting SystemEventListener...
2026-08-19 14:21:44,003 [INFO] [MainThread] [root/bar_manager.py:85]: Starting WindowsNotificationEventListener...
2026-08-19 14:21:44,004 [INFO] [Dummy-4] [root/event_listener.py:51]: Created named pipe yasb-340ad5f6-9bab-11f1-9ae2-b48c9d368940
2026-08-19 14:21:44,006 [INFO] [MainThread] [root/watcher.py:54]: Created file watcher for path C:\Users\Srinath\.config\yasb
2026-08-19 14:21:44,145 [INFO] [MainThread] [root/update_service.py:404]: Background update checker started
2026-08-19 14:21:44,146 [DEBUG] [MainThread] [qasync._windows._EventPoller/_windows.py:215]: Starting (proactor: <_IocpProactor overlapped#=0 result#=0>)...
2026-08-19 14:21:44,147 [DEBUG] [Dummy-9] [qasync._windows._EventWorker/_windows.py:195]: Thread started
2026-08-19 14:21:44,150 [DEBUG] [MainThread] [systray_widget/systray.py:526]: Loading state from C:\Users\Srinath\AppData\Local\YASB\systray_state_ACERTECHNOLOGIESVG271UM31322131231233.json
2026-08-19 14:21:44,190 [DEBUG] [SystrayMonitor] [systray_widget/systray.py:57]: Systray thread is starting...
2026-08-19 14:21:44,462 [DEBUG] [MainThread] [systray_widget/systray.py:277]: Systray thread started
2026-08-19 14:21:44,697 [DEBUG] [SystrayMonitor] [systray_widget/systray_monitor.py:164]: Adding TaskbandHWND prop to hwnd 66872
2026-08-19 14:21:44,704 [DEBUG] [SystrayMonitor] [systray_widget/systray_monitor.py:242]: Finding real tray hwnd
2026-08-19 14:21:44,709 [DEBUG] [MainThread] [systray_widget/systray_monitor.py:157]: Sending TaskbarCreated message: 49366
2026-08-19 14:22:04,463 [ERROR] [SystrayMonitor] [root/app_icons.py:282]: GetIconInfo failed: 0
2026-08-19 14:22:16,609 [INFO] [Dummy-4] [root/event_listener.py:125]: Komorebi connected to named pipe: yasb-340ad5f6-9bab-11f1-9ae2-b48c9d368940
2026-08-19 14:38:27,751 [WARNING] [Dummy-4] [root/event_listener.py:82]: Pipe has been ended: (109, 'PeekNamedPipe', 'The pipe has been ended.')
2026-08-19 14:38:27,751 [INFO] [Dummy-4] [root/event_listener.py:92]: Attempting to reconnect to Komorebi...
2026-08-19 14:38:30,751 [INFO] [Dummy-4] [root/event_listener.py:51]: Created named pipe yasb-340ad5f6-9bab-11f1-9ae2-b48c9d368940
2026-08-20 02:11:38,140 [INFO] [MainThread] [root/controller.py:35]: Exiting Application...
2026-08-20 02:11:38,254 [INFO] [MainThread] [cli_server/cli_server.py:112]: Log pipe server stopped
2026-08-20 02:11:38,254 [DEBUG] [MainThread] [cli_server/cli_server.py:206]: CLI server stopped
2026-08-20 02:11:38,368 [INFO] [MainThread] [root/bar_manager.py:92]: Stopping KomorebiEventListener...
2026-08-20 02:11:38,368 [INFO] [MainThread] [root/bar_manager.py:92]: Stopping SystemEventListener...
2026-08-20 02:11:38,369 [INFO] [MainThread] [root/bar_manager.py:92]: Stopping WindowsNotificationEventListener...
2026-08-20 02:11:38,377 [DEBUG] [MainThread] [systray_widget/systray.py:504]: Saving state to disk
2026-08-20 02:11:38,377 [DEBUG] [MainThread] [systray_widget/systray.py:508]: Saving state to C:\Users\Srinath\AppData\Local\YASB\systray_state_ACERTECHNOLOGIESVG271UM31322131231233.json
2026-08-20 02:11:38,396 [DEBUG] [MainThread] [systray_widget/utils.py:96]: Destroying window 66872
2026-08-20 02:11:38,495 [DEBUG] [MainThread] [qasync._windows._EventPoller/_windows.py:220]: Stopping worker thread...
2026-08-20 02:11:38,502 [DEBUG] [Dummy-9] [qasync._windows._EventWorker/_windows.py:204]: Exiting thread
2026-08-20 02:11:38,511 [DEBUG] [MainThread] [qasync._windows._IocpProactor/_windows.py:78]: Closing
2026-08-20 02:11:38,645 [DEBUG] [MainThread] [systray_widget/utils.py:96]: Destroying window 66872
2026-08-20 14:40:33,350 [INFO] [MainThread] [root/log.py:69]: YASB v1.8.5
2026-08-20 14:40:33,352 [INFO] [Thread-1 (_run_server)] [cli_server/cli_server.py:212]: CLI server started v1.1.4
2026-08-20 14:40:33,352 [INFO] [MainThread] [cli_server/cli_server.py:104]: Log pipe server started
2026-08-20 14:40:35,445 [INFO] [MainThread] [root/service.py:48]: AudioOutputService starting...
2026-08-20 14:40:36,545 [INFO] [MainThread] [root/bar_manager.py:85]: Starting KomorebiEventListener...
2026-08-20 14:40:36,546 [INFO] [MainThread] [root/bar_manager.py:85]: Starting SystemEventListener...
2026-08-20 14:40:36,546 [INFO] [MainThread] [root/bar_manager.py:85]: Starting WindowsNotificationEventListener...
2026-08-20 14:40:36,546 [INFO] [Dummy-4] [root/event_listener.py:51]: Created named pipe yasb-0180dcb3-9c77-11f1-902a-b48c9d368940
2026-08-20 14:40:36,548 [INFO] [MainThread] [root/watcher.py:54]: Created file watcher for path C:\Users\Srinath\.config\yasb
2026-08-20 14:40:36,692 [INFO] [MainThread] [root/update_service.py:404]: Background update checker started
2026-08-20 14:40:36,692 [DEBUG] [MainThread] [qasync._windows._EventPoller/_windows.py:215]: Starting (proactor: <_IocpProactor overlapped#=0 result#=0>)...
2026-08-20 14:40:36,694 [DEBUG] [Dummy-9] [qasync._windows._EventWorker/_windows.py:195]: Thread started
2026-08-20 14:40:36,697 [DEBUG] [MainThread] [systray_widget/systray.py:526]: Loading state from C:\Users\Srinath\AppData\Local\YASB\systray_state_ACERTECHNOLOGIESVG271UM31322131231233.json
2026-08-20 14:40:36,738 [DEBUG] [SystrayMonitor] [systray_widget/systray.py:57]: Systray thread is starting...
2026-08-20 14:40:37,024 [DEBUG] [MainThread] [systray_widget/systray.py:277]: Systray thread started
2026-08-20 14:40:37,101 [DEBUG] [SystrayMonitor] [systray_widget/systray_monitor.py:242]: Finding real tray hwnd
2026-08-20 14:40:37,335 [DEBUG] [SystrayMonitor] [systray_widget/systray_monitor.py:164]: Adding TaskbandHWND prop to hwnd 66994
2026-08-20 14:40:37,343 [DEBUG] [MainThread] [systray_widget/systray_monitor.py:157]: Sending TaskbarCreated message: 49367
2026-08-20 14:41:49,330 [INFO] [MainThread] [root/controller.py:35]: Exiting Application from context menu...
2026-08-20 14:41:49,440 [INFO] [MainThread] [cli_server/cli_server.py:112]: Log pipe server stopped
2026-08-20 14:41:49,440 [DEBUG] [MainThread] [cli_server/cli_server.py:206]: CLI server stopped
2026-08-20 14:41:49,499 [INFO] [MainThread] [root/bar_manager.py:92]: Stopping KomorebiEventListener...
2026-08-20 14:41:49,499 [INFO] [MainThread] [root/bar_manager.py:92]: Stopping SystemEventListener...
2026-08-20 14:41:49,499 [INFO] [MainThread] [root/bar_manager.py:92]: Stopping WindowsNotificationEventListener...
2026-08-20 14:41:49,504 [DEBUG] [MainThread] [systray_widget/systray.py:504]: Saving state to disk
2026-08-20 14:41:49,504 [DEBUG] [MainThread] [systray_widget/systray.py:508]: Saving state to C:\Users\Srinath\AppData\Local\YASB\systray_state_ACERTECHNOLOGIESVG271UM31322131231233.json
2026-08-20 14:41:49,505 [DEBUG] [MainThread] [systray_widget/utils.py:96]: Destroying window 66994
2026-08-20 14:41:49,510 [DEBUG] [MainThread] [qasync._windows._EventPoller/_windows.py:220]: Stopping worker thread...
2026-08-20 14:41:49,518 [DEBUG] [Dummy-9] [qasync._windows._EventWorker/_windows.py:204]: Exiting thread
2026-08-20 14:41:49,520 [DEBUG] [MainThread] [qasync._windows._IocpProactor/_windows.py:78]: Closing
2026-08-20 14:41:49,532 [DEBUG] [MainThread] [systray_widget/utils.py:96]: Destroying window 66994
2026-08-20 15:20:24,327 [INFO] [MainThread] [root/log.py:69]: YASB v1.8.5
2026-08-20 15:20:24,328 [INFO] [Thread-1 (_run_server)] [cli_server/cli_server.py:212]: CLI server started v1.1.4
2026-08-20 15:20:24,329 [INFO] [MainThread] [cli_server/cli_server.py:104]: Log pipe server started
2026-08-20 15:20:25,763 [INFO] [MainThread] [root/service.py:48]: AudioOutputService starting...
2026-08-20 15:20:26,746 [INFO] [MainThread] [root/bar_manager.py:85]: Starting WindowsNotificationEventListener...
2026-08-20 15:20:26,747 [INFO] [MainThread] [root/bar_manager.py:85]: Starting KomorebiEventListener...
2026-08-20 15:20:26,748 [INFO] [MainThread] [root/bar_manager.py:85]: Starting SystemEventListener...
2026-08-20 15:20:26,755 [INFO] [MainThread] [root/watcher.py:54]: Created file watcher for path C:\Users\Srinath\.config\yasb
2026-08-20 15:20:26,755 [INFO] [Dummy-6] [root/event_listener.py:51]: Created named pipe yasb-922cbfb7-9c7c-11f1-b0db-b48c9d368940
2026-08-20 15:20:26,893 [INFO] [MainThread] [root/update_service.py:404]: Background update checker started
2026-08-20 15:20:26,893 [DEBUG] [MainThread] [qasync._windows._EventPoller/_windows.py:215]: Starting (proactor: <_IocpProactor overlapped#=0 result#=0>)...
2026-08-20 15:20:26,923 [DEBUG] [Dummy-9] [qasync._windows._EventWorker/_windows.py:195]: Thread started
2026-08-20 15:20:26,934 [DEBUG] [MainThread] [systray_widget/systray.py:526]: Loading state from C:\Users\Srinath\AppData\Local\YASB\systray_state_ACERTECHNOLOGIESVG271UM31322131231233.json
2026-08-20 15:20:26,958 [DEBUG] [SystrayMonitor] [systray_widget/systray.py:57]: Systray thread is starting...
2026-08-20 15:20:27,292 [DEBUG] [MainThread] [systray_widget/systray.py:277]: Systray thread started
2026-08-20 15:20:27,494 [DEBUG] [SystrayMonitor] [systray_widget/systray_monitor.py:164]: Adding TaskbandHWND prop to hwnd 460462
2026-08-20 15:20:27,495 [DEBUG] [SystrayMonitor] [systray_widget/systray_monitor.py:242]: Finding real tray hwnd
2026-08-20 15:20:27,504 [DEBUG] [MainThread] [systray_widget/systray_monitor.py:157]: Sending TaskbarCreated message: 49367
2026-08-20 15:38:16,607 [ERROR] [SystrayMonitor] [root/app_icons.py:282]: GetIconInfo failed: 0
2026-08-20 16:07:32,955 [INFO] [MainThread] [root/controller.py:35]: Exiting Application...
2026-08-20 16:07:33,070 [INFO] [MainThread] [cli_server/cli_server.py:112]: Log pipe server stopped
2026-08-20 16:07:33,070 [DEBUG] [MainThread] [cli_server/cli_server.py:206]: CLI server stopped
2026-08-20 16:07:33,411 [INFO] [MainThread] [root/bar_manager.py:92]: Stopping WindowsNotificationEventListener...
2026-08-20 16:07:33,411 [INFO] [MainThread] [root/bar_manager.py:92]: Stopping KomorebiEventListener...
2026-08-20 16:07:33,412 [INFO] [MainThread] [root/bar_manager.py:92]: Stopping SystemEventListener...
2026-08-20 16:07:33,420 [DEBUG] [MainThread] [systray_widget/systray.py:504]: Saving state to disk
2026-08-20 16:07:33,421 [DEBUG] [MainThread] [systray_widget/systray.py:508]: Saving state to C:\Users\Srinath\AppData\Local\YASB\systray_state_ACERTECHNOLOGIESVG271UM31322131231233.json
2026-08-20 16:07:33,423 [DEBUG] [MainThread] [systray_widget/utils.py:96]: Destroying window 460462
2026-08-20 16:07:33,475 [DEBUG] [MainThread] [qasync._windows._EventPoller/_windows.py:220]: Stopping worker thread...
2026-08-20 16:07:33,477 [DEBUG] [Dummy-9] [qasync._windows._EventWorker/_windows.py:204]: Exiting thread
2026-08-20 16:07:33,480 [DEBUG] [MainThread] [qasync._windows._IocpProactor/_windows.py:78]: Closing
2026-08-20 16:07:33,528 [DEBUG] [MainThread] [systray_widget/utils.py:96]: Destroying window 460462
2026-08-20 16:28:24,678 [INFO] [MainThread] [root/log.py:69]: YASB v1.8.5
2026-08-20 16:28:24,680 [INFO] [Thread-1 (_run_server)] [cli_server/cli_server.py:212]: CLI server started v1.1.4
2026-08-20 16:28:24,680 [INFO] [MainThread] [cli_server/cli_server.py:104]: Log pipe server started
2026-08-20 16:28:26,513 [INFO] [MainThread] [root/service.py:48]: AudioOutputService starting...
2026-08-20 16:28:27,777 [INFO] [MainThread] [root/bar_manager.py:85]: Starting KomorebiEventListener...
2026-08-20 16:28:27,778 [INFO] [MainThread] [root/bar_manager.py:85]: Starting SystemEventListener...
2026-08-20 16:28:27,778 [INFO] [MainThread] [root/bar_manager.py:85]: Starting WindowsNotificationEventListener...
2026-08-20 16:28:27,778 [INFO] [Dummy-4] [root/event_listener.py:51]: Created named pipe yasb-12a875f5-9c86-11f1-aed0-b48c9d368940
2026-08-20 16:28:27,780 [INFO] [MainThread] [root/watcher.py:54]: Created file watcher for path C:\Users\Srinath\.config\yasb
2026-08-20 16:28:27,929 [INFO] [MainThread] [root/update_service.py:404]: Background update checker started
2026-08-20 16:28:27,929 [DEBUG] [MainThread] [qasync._windows._EventPoller/_windows.py:215]: Starting (proactor: <_IocpProactor overlapped#=0 result#=0>)...
2026-08-20 16:28:27,960 [DEBUG] [Dummy-9] [qasync._windows._EventWorker/_windows.py:195]: Thread started
2026-08-20 16:28:27,965 [DEBUG] [MainThread] [systray_widget/systray.py:526]: Loading state from C:\Users\Srinath\AppData\Local\YASB\systray_state_ACERTECHNOLOGIESVG271UM31322131231233.json
2026-08-20 16:28:27,977 [DEBUG] [SystrayMonitor] [systray_widget/systray.py:57]: Systray thread is starting...
2026-08-20 16:28:28,221 [DEBUG] [MainThread] [systray_widget/systray.py:277]: Systray thread started
2026-08-20 16:28:28,422 [DEBUG] [SystrayMonitor] [systray_widget/systray_monitor.py:164]: Adding TaskbandHWND prop to hwnd 66918
2026-08-20 16:28:28,428 [DEBUG] [SystrayMonitor] [systray_widget/systray_monitor.py:242]: Finding real tray hwnd
2026-08-20 16:28:28,432 [DEBUG] [MainThread] [systray_widget/systray_monitor.py:157]: Sending TaskbarCreated message: 49366
2026-08-20 16:28:28,440 [ERROR] [UpdateChecker] [root/update_service.py:271]: GitHub API HTTP error: 403 rate limit exceeded
2026-08-20 16:28:28,440 [WARNING] [UpdateChecker] [root/update_service.py:400]: Background update check failed: HTTP Error 403: rate limit exceeded
2026-08-20 16:39:02,430 [ERROR] [SystrayMonitor] [root/app_icons.py:282]: GetIconInfo failed: 0
2026-08-20 22:12:40,716 [INFO] [MainThread] [root/controller.py:35]: Exiting Application...
2026-08-20 22:12:40,824 [INFO] [MainThread] [cli_server/cli_server.py:112]: Log pipe server stopped
2026-08-20 22:12:40,825 [DEBUG] [MainThread] [cli_server/cli_server.py:206]: CLI server stopped
2026-08-20 22:12:40,934 [INFO] [MainThread] [root/bar_manager.py:92]: Stopping KomorebiEventListener...
2026-08-20 22:12:40,935 [INFO] [MainThread] [root/bar_manager.py:92]: Stopping SystemEventListener...
2026-08-20 22:12:40,935 [INFO] [MainThread] [root/bar_manager.py:92]: Stopping WindowsNotificationEventListener...
2026-08-20 22:12:40,940 [DEBUG] [MainThread] [systray_widget/systray.py:504]: Saving state to disk
2026-08-20 22:12:40,941 [DEBUG] [MainThread] [systray_widget/systray.py:508]: Saving state to C:\Users\Srinath\AppData\Local\YASB\systray_state_ACERTECHNOLOGIESVG271UM31322131231233.json
2026-08-20 22:12:40,958 [DEBUG] [MainThread] [systray_widget/utils.py:96]: Destroying window 66918
2026-08-20 22:12:41,011 [DEBUG] [MainThread] [qasync._windows._EventPoller/_windows.py:220]: Stopping worker thread...
2026-08-20 22:12:41,026 [DEBUG] [Dummy-9] [qasync._windows._EventWorker/_windows.py:204]: Exiting thread
2026-08-20 22:12:41,032 [DEBUG] [MainThread] [qasync._windows._IocpProactor/_windows.py:78]: Closing
2026-08-20 22:12:41,092 [DEBUG] [MainThread] [systray_widget/utils.py:96]: Destroying window 66918
2026-08-21 15:34:23,013 [INFO] [MainThread] [root/log.py:69]: YASB v1.8.5
2026-08-21 15:34:23,014 [INFO] [Thread-1 (_run_server)] [cli_server/cli_server.py:212]: CLI server started v1.1.4
2026-08-21 15:34:23,015 [INFO] [MainThread] [cli_server/cli_server.py:104]: Log pipe server started
2026-08-21 15:34:25,024 [INFO] [MainThread] [root/service.py:48]: AudioOutputService starting...
2026-08-21 15:34:26,503 [INFO] [MainThread] [root/bar_manager.py:85]: Starting KomorebiEventListener...
2026-08-21 15:34:26,503 [INFO] [MainThread] [root/bar_manager.py:85]: Starting SystemEventListener...
2026-08-21 15:34:26,504 [INFO] [MainThread] [root/bar_manager.py:85]: Starting WindowsNotificationEventListener...
2026-08-21 15:34:26,504 [INFO] [Dummy-4] [root/event_listener.py:51]: Created named pipe yasb-b11f053e-9d47-11f1-b04c-b48c9d368940
2026-08-21 15:34:26,507 [INFO] [MainThread] [root/watcher.py:54]: Created file watcher for path C:\Users\Srinath\.config\yasb
2026-08-21 15:34:26,661 [INFO] [MainThread] [root/update_service.py:404]: Background update checker started
2026-08-21 15:34:26,662 [DEBUG] [MainThread] [qasync._windows._EventPoller/_windows.py:215]: Starting (proactor: <_IocpProactor overlapped#=0 result#=0>)...
2026-08-21 15:34:26,664 [DEBUG] [Dummy-9] [qasync._windows._EventWorker/_windows.py:195]: Thread started
2026-08-21 15:34:26,668 [DEBUG] [MainThread] [systray_widget/systray.py:526]: Loading state from C:\Users\Srinath\AppData\Local\YASB\systray_state_ACERTECHNOLOGIESVG271UM31322131231233.json
2026-08-21 15:34:26,707 [DEBUG] [SystrayMonitor] [systray_widget/systray.py:57]: Systray thread is starting...
2026-08-21 15:34:27,158 [DEBUG] [MainThread] [systray_widget/systray.py:277]: Systray thread started
2026-08-21 15:34:27,362 [DEBUG] [SystrayMonitor] [systray_widget/systray_monitor.py:164]: Adding TaskbandHWND prop to hwnd 66966
2026-08-21 15:34:27,370 [DEBUG] [SystrayMonitor] [systray_widget/systray_monitor.py:242]: Finding real tray hwnd
2026-08-21 15:34:27,374 [DEBUG] [MainThread] [systray_widget/systray_monitor.py:157]: Sending TaskbarCreated message: 49367
2026-08-21 16:36:55,552 [ERROR] [SystrayMonitor] [root/app_icons.py:282]: GetIconInfo failed: 0
2026-08-21 19:00:22,615 [INFO] [MainThread] [root/controller.py:35]: Exiting Application from context menu...
2026-08-21 19:00:22,727 [INFO] [MainThread] [cli_server/cli_server.py:112]: Log pipe server stopped
2026-08-21 19:00:22,727 [DEBUG] [MainThread] [cli_server/cli_server.py:206]: CLI server stopped
2026-08-21 19:00:23,060 [INFO] [MainThread] [root/bar_manager.py:92]: Stopping KomorebiEventListener...
2026-08-21 19:00:23,060 [INFO] [MainThread] [root/bar_manager.py:92]: Stopping SystemEventListener...
2026-08-21 19:00:23,060 [INFO] [MainThread] [root/bar_manager.py:92]: Stopping WindowsNotificationEventListener...
2026-08-21 19:00:23,075 [DEBUG] [MainThread] [systray_widget/systray.py:504]: Saving state to disk
2026-08-21 19:00:23,077 [DEBUG] [MainThread] [systray_widget/systray.py:508]: Saving state to C:\Users\Srinath\AppData\Local\YASB\systray_state_ACERTECHNOLOGIESVG271UM31322131231233.json
2026-08-21 19:00:23,102 [DEBUG] [MainThread] [systray_widget/utils.py:96]: Destroying window 66966
2026-08-21 19:00:23,131 [DEBUG] [MainThread] [qasync._windows._EventPoller/_windows.py:220]: Stopping worker thread...
2026-08-21 19:00:23,131 [DEBUG] [Dummy-9] [qasync._windows._EventWorker/_windows.py:204]: Exiting thread
2026-08-21 19:00:23,136 [DEBUG] [MainThread] [qasync._windows._IocpProactor/_windows.py:78]: Closing
2026-08-21 19:00:23,177 [DEBUG] [MainThread] [systray_widget/utils.py:96]: Destroying window 66966
2026-08-21 20:57:27,163 [INFO] [MainThread] [root/log.py:69]: YASB v1.8.5
2026-08-21 20:57:27,164 [INFO] [Thread-1 (_run_server)] [cli_server/cli_server.py:212]: CLI server started v1.1.4
2026-08-21 20:57:27,164 [INFO] [MainThread] [cli_server/cli_server.py:104]: Log pipe server started
2026-08-21 20:57:28,098 [INFO] [MainThread] [root/service.py:48]: AudioOutputService starting...
2026-08-21 20:57:29,158 [INFO] [MainThread] [root/bar_manager.py:85]: Starting WindowsNotificationEventListener...
2026-08-21 20:57:29,159 [INFO] [MainThread] [root/bar_manager.py:85]: Starting KomorebiEventListener...
2026-08-21 20:57:29,160 [INFO] [MainThread] [root/bar_manager.py:85]: Starting SystemEventListener...
2026-08-21 20:57:29,161 [INFO] [MainThread] [root/watcher.py:54]: Created file watcher for path C:\Users\Srinath\.config\yasb
2026-08-21 20:57:29,162 [INFO] [Dummy-6] [root/event_listener.py:51]: Created named pipe yasb-d215ac90-9d74-11f1-89f0-b48c9d368940
2026-08-21 20:57:29,280 [INFO] [MainThread] [root/update_service.py:404]: Background update checker started
2026-08-21 20:57:29,280 [DEBUG] [MainThread] [qasync._windows._EventPoller/_windows.py:215]: Starting (proactor: <_IocpProactor overlapped#=0 result#=0>)...
2026-08-21 20:57:29,281 [DEBUG] [Dummy-9] [qasync._windows._EventWorker/_windows.py:195]: Thread started
2026-08-21 20:57:29,284 [DEBUG] [MainThread] [systray_widget/systray.py:526]: Loading state from C:\Users\Srinath\AppData\Local\YASB\systray_state_ACERTECHNOLOGIESVG271UM31322131231233.json
2026-08-21 20:57:29,288 [DEBUG] [SystrayMonitor] [systray_widget/systray.py:57]: Systray thread is starting...
2026-08-21 20:57:29,553 [DEBUG] [MainThread] [systray_widget/systray.py:277]: Systray thread started
2026-08-21 20:57:29,754 [DEBUG] [SystrayMonitor] [systray_widget/systray_monitor.py:164]: Adding TaskbandHWND prop to hwnd 132794
2026-08-21 20:57:29,755 [DEBUG] [SystrayMonitor] [systray_widget/systray_monitor.py:242]: Finding real tray hwnd
2026-08-21 20:57:29,765 [DEBUG] [MainThread] [systray_widget/systray_monitor.py:157]: Sending TaskbarCreated message: 49367
2026-08-21 20:57:32,365 [INFO] [MainThread] [root/controller.py:35]: Exiting Application from context menu...
2026-08-21 20:57:32,475 [INFO] [MainThread] [cli_server/cli_server.py:112]: Log pipe server stopped
2026-08-21 20:57:32,475 [DEBUG] [MainThread] [cli_server/cli_server.py:206]: CLI server stopped
2026-08-21 20:57:32,717 [INFO] [MainThread] [root/bar_manager.py:92]: Stopping WindowsNotificationEventListener...
2026-08-21 20:57:32,717 [INFO] [MainThread] [root/bar_manager.py:92]: Stopping KomorebiEventListener...
2026-08-21 20:57:32,717 [INFO] [MainThread] [root/bar_manager.py:92]: Stopping SystemEventListener...
2026-08-21 20:57:32,725 [DEBUG] [MainThread] [systray_widget/systray.py:504]: Saving state to disk
2026-08-21 20:57:32,725 [DEBUG] [MainThread] [systray_widget/systray.py:508]: Saving state to C:\Users\Srinath\AppData\Local\YASB\systray_state_ACERTECHNOLOGIESVG271UM31322131231233.json
2026-08-21 20:57:32,727 [DEBUG] [MainThread] [systray_widget/utils.py:96]: Destroying window 132794
2026-08-21 20:57:32,737 [DEBUG] [MainThread] [qasync._windows._EventPoller/_windows.py:220]: Stopping worker thread...
2026-08-21 20:57:32,741 [DEBUG] [Dummy-9] [qasync._windows._EventWorker/_windows.py:204]: Exiting thread
2026-08-21 20:57:32,744 [DEBUG] [MainThread] [qasync._windows._IocpProactor/_windows.py:78]: Closing
2026-08-21 20:57:32,766 [DEBUG] [MainThread] [systray_widget/utils.py:96]: Destroying window 132794
2026-08-21 21:12:03,462 [INFO] [MainThread] [root/log.py:69]: YASB v1.8.5
2026-08-21 21:12:03,463 [INFO] [Thread-1 (_run_server)] [cli_server/cli_server.py:212]: CLI server started v1.1.4
2026-08-21 21:12:03,464 [INFO] [MainThread] [cli_server/cli_server.py:104]: Log pipe server started
2026-08-21 21:12:04,460 [INFO] [MainThread] [root/service.py:48]: AudioOutputService starting...
2026-08-21 21:12:05,104 [INFO] [MainThread] [root/bar_manager.py:85]: Starting WindowsNotificationEventListener...
2026-08-21 21:12:05,106 [INFO] [MainThread] [root/bar_manager.py:85]: Starting KomorebiEventListener...
2026-08-21 21:12:05,106 [INFO] [MainThread] [root/bar_manager.py:85]: Starting SystemEventListener...
2026-08-21 21:12:05,106 [INFO] [MainThread] [root/watcher.py:54]: Created file watcher for path C:\Users\Srinath\.config\yasb
2026-08-21 21:12:05,123 [INFO] [Dummy-6] [root/event_listener.py:51]: Created named pipe yasb-dc307a54-9d76-11f1-a5e1-b48c9d368940
2026-08-21 21:12:05,166 [INFO] [MainThread] [root/update_service.py:404]: Background update checker started
2026-08-21 21:12:05,166 [DEBUG] [MainThread] [qasync._windows._EventPoller/_windows.py:215]: Starting (proactor: <_IocpProactor overlapped#=0 result#=0>)...
2026-08-21 21:12:05,167 [DEBUG] [Dummy-9] [qasync._windows._EventWorker/_windows.py:195]: Thread started
2026-08-21 21:12:05,178 [DEBUG] [MainThread] [systray_widget/systray.py:526]: Loading state from C:\Users\Srinath\AppData\Local\YASB\systray_state_ACERTECHNOLOGIESVG271UM31322131231233.json
2026-08-21 21:12:05,184 [DEBUG] [SystrayMonitor] [systray_widget/systray.py:57]: Systray thread is starting...
2026-08-21 21:12:05,471 [DEBUG] [MainThread] [systray_widget/systray.py:277]: Systray thread started
2026-08-21 21:12:05,672 [DEBUG] [SystrayMonitor] [systray_widget/systray_monitor.py:164]: Adding TaskbandHWND prop to hwnd 592174
2026-08-21 21:12:05,674 [DEBUG] [SystrayMonitor] [systray_widget/systray_monitor.py:242]: Finding real tray hwnd
2026-08-21 21:12:05,689 [DEBUG] [MainThread] [systray_widget/systray_monitor.py:157]: Sending TaskbarCreated message: 49367
2026-08-21 22:17:09,634 [INFO] [MainThread] [root/controller.py:35]: Exiting Application from context menu...
2026-08-21 22:17:09,745 [INFO] [MainThread] [cli_server/cli_server.py:112]: Log pipe server stopped
2026-08-21 22:17:09,746 [DEBUG] [MainThread] [cli_server/cli_server.py:206]: CLI server stopped
2026-08-21 22:17:09,954 [INFO] [MainThread] [root/bar_manager.py:92]: Stopping WindowsNotificationEventListener...
2026-08-21 22:17:09,954 [INFO] [MainThread] [root/bar_manager.py:92]: Stopping KomorebiEventListener...
2026-08-21 22:17:09,954 [INFO] [MainThread] [root/bar_manager.py:92]: Stopping SystemEventListener...
2026-08-21 22:17:09,972 [DEBUG] [MainThread] [systray_widget/systray.py:504]: Saving state to disk
2026-08-21 22:17:09,973 [DEBUG] [MainThread] [systray_widget/systray.py:508]: Saving state to C:\Users\Srinath\AppData\Local\YASB\systray_state_ACERTECHNOLOGIESVG271UM31322131231233.json
2026-08-21 22:17:09,975 [DEBUG] [MainThread] [systray_widget/utils.py:96]: Destroying window 592174
2026-08-21 22:17:09,997 [DEBUG] [MainThread] [qasync._windows._EventPoller/_windows.py:220]: Stopping worker thread...
2026-08-21 22:17:10,010 [DEBUG] [Dummy-9] [qasync._windows._EventWorker/_windows.py:204]: Exiting thread
2026-08-21 22:17:10,015 [DEBUG] [MainThread] [qasync._windows._IocpProactor/_windows.py:78]: Closing
2026-08-21 22:17:10,080 [DEBUG] [MainThread] [systray_widget/utils.py:96]: Destroying window 592174
2026-08-21 23:40:15,045 [INFO] [MainThread] [root/log.py:69]: YASB v1.8.5
2026-08-21 23:40:15,046 [INFO] [Thread-1 (_run_server)] [cli_server/cli_server.py:212]: CLI server started v1.1.4
2026-08-21 23:40:15,047 [INFO] [MainThread] [cli_server/cli_server.py:104]: Log pipe server started
2026-08-21 23:40:15,854 [INFO] [MainThread] [root/service.py:48]: AudioOutputService starting...
2026-08-21 23:40:16,493 [INFO] [MainThread] [root/bar_manager.py:85]: Starting WindowsNotificationEventListener...
2026-08-21 23:40:16,494 [INFO] [MainThread] [root/bar_manager.py:85]: Starting KomorebiEventListener...
2026-08-21 23:40:16,495 [INFO] [MainThread] [root/bar_manager.py:85]: Starting SystemEventListener...
2026-08-21 23:40:16,495 [INFO] [MainThread] [root/watcher.py:54]: Created file watcher for path C:\Users\Srinath\.config\yasb
2026-08-21 23:40:16,497 [INFO] [Dummy-6] [root/event_listener.py:51]: Created named pipe yasb-8fdeba69-9d8b-11f1-9de8-b48c9d368940
2026-08-21 23:40:16,555 [INFO] [MainThread] [root/update_service.py:404]: Background update checker started
2026-08-21 23:40:16,555 [DEBUG] [MainThread] [qasync._windows._EventPoller/_windows.py:215]: Starting (proactor: <_IocpProactor overlapped#=0 result#=0>)...
2026-08-21 23:40:16,557 [DEBUG] [Dummy-9] [qasync._windows._EventWorker/_windows.py:195]: Thread started
2026-08-21 23:40:16,568 [DEBUG] [MainThread] [systray_widget/systray.py:526]: Loading state from C:\Users\Srinath\AppData\Local\YASB\systray_state_ACERTECHNOLOGIESVG271UM31322131231233.json
2026-08-21 23:40:16,574 [DEBUG] [SystrayMonitor] [systray_widget/systray.py:57]: Systray thread is starting...
2026-08-21 23:40:19,147 [DEBUG] [SystrayMonitor] [systray_widget/systray_monitor.py:242]: Finding real tray hwnd
2026-08-22 01:40:39,107 [INFO] [MainThread] [root/controller.py:35]: Exiting Application...
2026-08-22 01:40:39,211 [INFO] [MainThread] [cli_server/cli_server.py:112]: Log pipe server stopped
2026-08-22 01:40:39,211 [DEBUG] [MainThread] [cli_server/cli_server.py:206]: CLI server stopped
2026-08-22 01:40:39,448 [INFO] [MainThread] [root/bar_manager.py:92]: Stopping WindowsNotificationEventListener...
2026-08-22 01:40:39,448 [INFO] [MainThread] [root/bar_manager.py:92]: Stopping KomorebiEventListener...
2026-08-22 01:40:39,449 [INFO] [MainThread] [root/bar_manager.py:92]: Stopping SystemEventListener...
2026-08-22 01:40:39,468 [DEBUG] [MainThread] [systray_widget/systray.py:504]: Saving state to disk
2026-08-22 01:40:39,469 [DEBUG] [MainThread] [systray_widget/systray.py:508]: Saving state to C:\Users\Srinath\AppData\Local\YASB\systray_state_ACERTECHNOLOGIESVG271UM31322131231233.json
2026-08-22 01:40:39,490 [DEBUG] [MainThread] [systray_widget/utils.py:96]: Destroying window 1645160
2026-08-22 01:40:39,539 [DEBUG] [MainThread] [qasync._windows._EventPoller/_windows.py:220]: Stopping worker thread...
2026-08-22 01:40:39,552 [DEBUG] [Dummy-9] [qasync._windows._EventWorker/_windows.py:204]: Exiting thread
2026-08-22 01:40:39,564 [DEBUG] [MainThread] [qasync._windows._IocpProactor/_windows.py:78]: Closing
2026-08-22 01:40:39,651 [DEBUG] [MainThread] [systray_widget/utils.py:96]: Destroying window 1645160
2026-08-22 01:51:26,863 [INFO] [MainThread] [root/log.py:69]: YASB v1.8.5
2026-08-22 01:51:26,866 [INFO] [Thread-1 (_run_server)] [cli_server/cli_server.py:212]: CLI server started v1.1.4
2026-08-22 01:51:26,866 [INFO] [MainThread] [cli_server/cli_server.py:104]: Log pipe server started
2026-08-22 01:51:28,563 [INFO] [MainThread] [root/service.py:48]: AudioOutputService starting...
2026-08-22 01:51:29,804 [INFO] [MainThread] [root/bar_manager.py:85]: Starting WindowsNotificationEventListener...
2026-08-22 01:51:29,806 [INFO] [MainThread] [root/bar_manager.py:85]: Starting SystemEventListener...
2026-08-22 01:51:29,806 [INFO] [MainThread] [root/bar_manager.py:85]: Starting KomorebiEventListener...
2026-08-22 01:51:29,808 [INFO] [Dummy-4] [root/event_listener.py:51]: Created named pipe yasb-e4bac59b-9d9d-11f1-a6c0-b48c9d368940
2026-08-22 01:51:29,808 [INFO] [MainThread] [root/watcher.py:54]: Created file watcher for path C:\Users\Srinath\.config\yasb
2026-08-22 01:51:29,948 [INFO] [MainThread] [root/update_service.py:404]: Background update checker started
2026-08-22 01:51:29,949 [DEBUG] [MainThread] [qasync._windows._EventPoller/_windows.py:215]: Starting (proactor: <_IocpProactor overlapped#=0 result#=0>)...
2026-08-22 01:51:29,951 [DEBUG] [Dummy-9] [qasync._windows._EventWorker/_windows.py:195]: Thread started
2026-08-22 01:51:29,954 [DEBUG] [MainThread] [systray_widget/systray.py:526]: Loading state from C:\Users\Srinath\AppData\Local\YASB\systray_state_ACERTECHNOLOGIESVG271UM31322131231233.json
2026-08-22 01:51:29,991 [DEBUG] [SystrayMonitor] [systray_widget/systray.py:57]: Systray thread is starting...
2026-08-22 01:51:30,234 [DEBUG] [MainThread] [systray_widget/systray.py:277]: Systray thread started
2026-08-22 01:51:30,489 [DEBUG] [SystrayMonitor] [systray_widget/systray_monitor.py:164]: Adding TaskbandHWND prop to hwnd 66872
2026-08-22 01:51:30,498 [DEBUG] [SystrayMonitor] [systray_widget/systray_monitor.py:242]: Finding real tray hwnd
2026-08-22 01:51:30,502 [DEBUG] [MainThread] [systray_widget/systray_monitor.py:157]: Sending TaskbarCreated message: 49366
2026-08-22 01:55:59,055 [ERROR] [SystrayMonitor] [root/app_icons.py:282]: GetIconInfo failed: 0
2026-08-22 07:16:32,745 [ERROR] [MainThread] [root/gpu.py:170]: Error updating shared GPU data: Command '['C:\\WINDOWS\\system32\\nvidia-smi.EXE', '--query-gpu=index,utilization.gpu,memory.total,memory.used,memory.free,temperature.gpu,fan.speed', '--format=csv,noheader,nounits']' timed out after 2 seconds
2026-08-22 08:02:50,707 [ERROR] [MainThread] [root/gpu.py:170]: Error updating shared GPU data: Command '['C:\\WINDOWS\\system32\\nvidia-smi.EXE', '--query-gpu=index,utilization.gpu,memory.total,memory.used,memory.free,temperature.gpu,fan.speed', '--format=csv,noheader,nounits']' timed out after 2 seconds
2026-08-22 09:09:47,171 [ERROR] [MainThread] [root/service.py:194]: Failed to set default device: (-2147467259, 'Unspecified error', (None, None, None, 0, None))
2026-08-22 22:38:27,273 [INFO] [MainThread] [root/bar_manager.py:80]: Screens updated. Re-initialising all bars.
2026-08-22 22:38:27,275 [INFO] [MainThread] [root/controller.py:15]: Reloading Application because of screen update.
2026-08-22 22:38:27,375 [INFO] [MainThread] [cli_server/cli_server.py:112]: Log pipe server stopped
2026-08-22 22:38:27,376 [DEBUG] [MainThread] [cli_server/cli_server.py:206]: CLI server stopped
2026-08-22 22:38:28,811 [INFO] [MainThread] [root/bar_manager.py:80]: Screens updated. Re-initialising all bars.
2026-08-22 22:38:28,811 [INFO] [MainThread] [root/controller.py:15]: Reloading Application because of screen update.
2026-08-22 22:38:28,914 [INFO] [MainThread] [cli_server/cli_server.py:112]: Log pipe server stopped
2026-08-22 22:38:28,914 [DEBUG] [MainThread] [cli_server/cli_server.py:206]: CLI server stopped
2026-08-22 22:38:29,380 [INFO] [MainThread] [root/bar_manager.py:92]: Stopping WindowsNotificationEventListener...
2026-08-22 22:38:29,381 [INFO] [MainThread] [root/bar_manager.py:92]: Stopping SystemEventListener...
2026-08-22 22:38:29,382 [INFO] [MainThread] [root/bar_manager.py:92]: Stopping KomorebiEventListener...
2026-08-22 22:38:29,400 [DEBUG] [MainThread] [systray_widget/systray.py:504]: Saving state to disk
2026-08-22 22:38:29,401 [DEBUG] [MainThread] [systray_widget/systray.py:508]: Saving state to C:\Users\Srinath\AppData\Local\YASB\systray_state_ACERTECHNOLOGIESVG271UM31322131231233.json
2026-08-22 22:38:29,428 [DEBUG] [MainThread] [systray_widget/utils.py:96]: Destroying window 66872
2026-08-22 22:38:29,598 [DEBUG] [MainThread] [qasync._windows._EventPoller/_windows.py:220]: Stopping worker thread...
2026-08-22 22:38:29,611 [DEBUG] [Dummy-9] [qasync._windows._EventWorker/_windows.py:204]: Exiting thread
2026-08-22 22:38:29,619 [DEBUG] [MainThread] [qasync._windows._IocpProactor/_windows.py:78]: Closing
2026-08-22 22:38:29,620 [DEBUG] [MainThread] [systray_widget/utils.py:96]: Destroying window 66872
2026-08-22 22:38:31,891 [INFO] [MainThread] [root/log.py:69]: YASB v1.8.5
2026-08-22 22:38:31,893 [INFO] [Thread-1 (_run_server)] [cli_server/cli_server.py:212]: CLI server started v1.1.4
2026-08-22 22:38:31,894 [INFO] [MainThread] [cli_server/cli_server.py:104]: Log pipe server started
2026-08-22 22:38:31,921 [INFO] [MainThread] [root/log.py:69]: YASB v1.8.5
2026-08-22 22:38:31,925 [INFO] [Thread-1 (_run_server)] [cli_server/cli_server.py:212]: CLI server started v1.1.4
2026-08-22 22:38:31,926 [INFO] [MainThread] [cli_server/cli_server.py:104]: Log pipe server started
2026-08-22 22:38:31,927 [INFO] [MainThread] [root/main.py:45]: Waiting for previous YASB instance to exit...
2026-08-22 22:38:42,020 [ERROR] [MainThread] [root/main.py:68]: Timeout waiting for previous instance. Aborting start.
2026-08-22 22:38:53,213 [INFO] [MainThread] [root/service.py:48]: AudioOutputService starting...
2026-08-22 22:40:56,805 [INFO] [MainThread] [root/bar_manager.py:85]: Starting SystemEventListener...
2026-08-22 22:40:56,805 [INFO] [MainThread] [root/bar_manager.py:85]: Starting KomorebiEventListener...
2026-08-22 22:40:56,806 [INFO] [MainThread] [root/bar_manager.py:85]: Starting WindowsNotificationEventListener...
2026-08-22 22:40:56,808 [INFO] [MainThread] [root/watcher.py:54]: Created file watcher for path C:\Users\Srinath\.config\yasb
2026-08-22 22:40:56,811 [INFO] [Dummy-6] [root/event_listener.py:51]: Created named pipe yasb-708b11f5-9e4c-11f1-b156-b48c9d368940
2026-08-22 22:40:57,080 [INFO] [MainThread] [root/update_service.py:404]: Background update checker started
2026-08-22 22:40:57,080 [DEBUG] [MainThread] [qasync._windows._EventPoller/_windows.py:215]: Starting (proactor: <_IocpProactor overlapped#=0 result#=0>)...
2026-08-22 22:40:57,083 [DEBUG] [Dummy-9] [qasync._windows._EventWorker/_windows.py:195]: Thread started
2026-08-22 22:40:57,107 [DEBUG] [MainThread] [systray_widget/systray.py:526]: Loading state from C:\Users\Srinath\AppData\Local\YASB\systray_state_MLTDDISPLAY1.json
2026-08-22 22:40:57,154 [DEBUG] [SystrayMonitor] [systray_widget/systray.py:57]: Systray thread is starting...
2026-08-22 22:40:57,301 [DEBUG] [SystrayMonitor] [systray_widget/systray_monitor.py:242]: Finding real tray hwnd
2026-08-22 22:40:57,730 [WARNING] [UpdateChecker] [root/update_service.py:274]: Network error checking for updates: [Errno 11001] getaddrinfo failed
2026-08-22 22:40:57,731 [WARNING] [UpdateChecker] [root/update_service.py:400]: Background update check failed: <urlopen error [Errno 11001] getaddrinfo failed>
2026-08-22 22:40:58,818 [DEBUG] [MainThread] [systray_widget/systray.py:277]: Systray thread started
2026-08-22 22:40:59,034 [DEBUG] [SystrayMonitor] [systray_widget/systray_monitor.py:164]: Adding TaskbandHWND prop to hwnd 1116004
2026-08-22 22:40:59,076 [DEBUG] [MainThread] [systray_widget/systray_monitor.py:157]: Sending TaskbarCreated message: 49366
2026-08-22 23:09:41,572 [ERROR] [MainThread] [wifi_widget/wifi.py:193]: Error in wifi widget update: [Errno 11004] getaddrinfo failed
2026-08-22 23:09:46,578 [ERROR] [MainThread] [wifi_widget/wifi.py:193]: Error in wifi widget update: [Errno 11004] getaddrinfo failed
2026-08-23 02:55:36,774 [INFO] [MainThread] [root/bar_manager.py:80]: Screens updated. Re-initialising all bars.
2026-08-23 02:55:36,774 [INFO] [MainThread] [root/controller.py:15]: Reloading Application because of screen update.
2026-08-23 02:55:36,888 [INFO] [MainThread] [cli_server/cli_server.py:112]: Log pipe server stopped
2026-08-23 02:55:36,888 [DEBUG] [MainThread] [cli_server/cli_server.py:206]: CLI server stopped
2026-08-23 02:55:41,639 [INFO] [MainThread] [root/bar_manager.py:80]: Screens updated. Re-initialising all bars.
2026-08-23 02:55:41,642 [INFO] [MainThread] [root/controller.py:15]: Reloading Application because of screen update.
2026-08-23 02:55:41,752 [INFO] [MainThread] [cli_server/cli_server.py:112]: Log pipe server stopped
2026-08-23 02:55:41,755 [DEBUG] [MainThread] [cli_server/cli_server.py:206]: CLI server stopped
2026-08-23 02:55:42,296 [INFO] [MainThread] [root/log.py:69]: YASB v1.8.5
2026-08-23 02:55:42,299 [INFO] [Thread-1 (_run_server)] [cli_server/cli_server.py:212]: CLI server started v1.1.4
2026-08-23 02:55:42,301 [INFO] [MainThread] [cli_server/cli_server.py:104]: Log pipe server started
2026-08-23 02:55:42,302 [INFO] [MainThread] [root/main.py:45]: Waiting for previous YASB instance to exit...
2026-08-23 02:55:42,444 [INFO] [MainThread] [root/bar_manager.py:92]: Stopping SystemEventListener...
2026-08-23 02:55:42,445 [INFO] [MainThread] [root/bar_manager.py:92]: Stopping KomorebiEventListener...
2026-08-23 02:55:42,445 [INFO] [MainThread] [root/bar_manager.py:92]: Stopping WindowsNotificationEventListener...
2026-08-23 02:55:42,459 [DEBUG] [MainThread] [systray_widget/systray.py:504]: Saving state to disk
2026-08-23 02:55:42,461 [DEBUG] [MainThread] [systray_widget/systray.py:508]: Saving state to C:\Users\Srinath\AppData\Local\YASB\systray_state_MLTDDISPLAY1.json
2026-08-23 02:55:42,466 [DEBUG] [MainThread] [systray_widget/utils.py:96]: Destroying window 1116004
2026-08-23 02:55:43,448 [INFO] [MainThread] [root/log.py:69]: YASB v1.8.5
2026-08-23 02:55:43,449 [INFO] [Thread-1 (_run_server)] [cli_server/cli_server.py:212]: CLI server started v1.1.4
2026-08-23 02:55:43,450 [INFO] [MainThread] [cli_server/cli_server.py:104]: Log pipe server started
2026-08-23 02:55:43,450 [INFO] [MainThread] [root/main.py:45]: Waiting for previous YASB instance to exit...
2026-08-23 02:55:45,068 [DEBUG] [MainThread] [qasync._windows._EventPoller/_windows.py:220]: Stopping worker thread...
2026-08-23 02:55:45,068 [DEBUG] [Dummy-9] [qasync._windows._EventWorker/_windows.py:204]: Exiting thread
2026-08-23 02:55:45,072 [DEBUG] [MainThread] [qasync._windows._IocpProactor/_windows.py:78]: Closing
2026-08-23 02:55:45,131 [DEBUG] [MainThread] [systray_widget/utils.py:96]: Destroying window 1116004
2026-08-23 02:55:45,207 [INFO] [MainThread] [root/main.py:71]: Previous instance exited, continuing startup.
2026-08-23 02:55:47,830 [INFO] [MainThread] [root/service.py:48]: AudioOutputService starting...
2026-08-23 02:55:49,066 [INFO] [MainThread] [root/bar_manager.py:85]: Starting SystemEventListener...
2026-08-23 02:55:49,066 [INFO] [MainThread] [root/bar_manager.py:85]: Starting KomorebiEventListener...
2026-08-23 02:55:49,067 [INFO] [MainThread] [root/bar_manager.py:85]: Starting WindowsNotificationEventListener...
2026-08-23 02:55:49,069 [INFO] [MainThread] [root/watcher.py:54]: Created file watcher for path C:\Users\Srinath\.config\yasb
2026-08-23 02:55:49,149 [INFO] [Dummy-6] [root/event_listener.py:51]: Created named pipe yasb-0b70eeb9-9e70-11f1-be65-b48c9d368940
2026-08-23 02:55:49,227 [INFO] [MainThread] [root/update_service.py:404]: Background update checker started
2026-08-23 02:55:49,227 [DEBUG] [MainThread] [qasync._windows._EventPoller/_windows.py:215]: Starting (proactor: <_IocpProactor overlapped#=0 result#=0>)...
2026-08-23 02:55:49,233 [DEBUG] [Dummy-9] [qasync._windows._EventWorker/_windows.py:195]: Thread started
2026-08-23 02:55:49,278 [DEBUG] [MainThread] [systray_widget/systray.py:526]: Loading state from C:\Users\Srinath\AppData\Local\YASB\systray_state_ACERTECHNOLOGIESVG271UM31322131231233.json
2026-08-23 02:55:49,304 [DEBUG] [SystrayMonitor] [systray_widget/systray.py:57]: Systray thread is starting...
2026-08-23 02:55:49,695 [DEBUG] [SystrayMonitor] [systray_widget/systray_monitor.py:242]: Finding real tray hwnd
2026-08-23 02:55:49,943 [ERROR] [UpdateChecker] [root/update_service.py:271]: GitHub API HTTP error: 403 rate limit exceeded
2026-08-23 02:55:49,943 [WARNING] [UpdateChecker] [root/update_service.py:400]: Background update check failed: HTTP Error 403: rate limit exceeded
2026-08-23 02:55:50,214 [DEBUG] [MainThread] [systray_widget/systray.py:277]: Systray thread started
2026-08-23 02:55:50,417 [DEBUG] [SystrayMonitor] [systray_widget/systray_monitor.py:164]: Adding TaskbandHWND prop to hwnd 1640524
2026-08-23 02:55:50,436 [DEBUG] [MainThread] [systray_widget/systray_monitor.py:157]: Sending TaskbarCreated message: 49366
2026-08-23 02:55:52,330 [ERROR] [MainThread] [root/main.py:68]: Timeout waiting for previous instance. Aborting start.
2026-08-23 06:06:32,100 [ERROR] [MainThread] [root/gpu.py:170]: Error updating shared GPU data: Command '['C:\\WINDOWS\\system32\\nvidia-smi.EXE', '--query-gpu=index,utilization.gpu,memory.total,memory.used,memory.free,temperature.gpu,fan.speed', '--format=csv,noheader,nounits']' timed out after 2 seconds
2026-08-24 03:24:38,883 [INFO] [MainThread] [root/bar_manager.py:80]: Screens updated. Re-initialising all bars.
2026-08-24 03:24:38,884 [INFO] [MainThread] [root/controller.py:15]: Reloading Application because of screen update.
2026-08-24 03:24:38,990 [INFO] [MainThread] [cli_server/cli_server.py:112]: Log pipe server stopped
2026-08-24 03:24:38,990 [DEBUG] [MainThread] [cli_server/cli_server.py:206]: CLI server stopped
2026-08-24 03:24:39,630 [INFO] [MainThread] [root/bar_manager.py:80]: Screens updated. Re-initialising all bars.
2026-08-24 03:24:39,631 [INFO] [MainThread] [root/controller.py:15]: Reloading Application because of screen update.
2026-08-24 03:24:39,736 [INFO] [MainThread] [cli_server/cli_server.py:112]: Log pipe server stopped
2026-08-24 03:24:39,736 [DEBUG] [MainThread] [cli_server/cli_server.py:206]: CLI server stopped
2026-08-24 03:24:46,628 [INFO] [MainThread] [root/bar_manager.py:92]: Stopping SystemEventListener...
2026-08-24 03:24:46,628 [INFO] [MainThread] [root/bar_manager.py:92]: Stopping KomorebiEventListener...
2026-08-24 03:24:46,629 [INFO] [MainThread] [root/bar_manager.py:92]: Stopping WindowsNotificationEventListener...
2026-08-24 03:24:46,637 [DEBUG] [MainThread] [systray_widget/systray.py:504]: Saving state to disk
2026-08-24 03:24:46,638 [DEBUG] [MainThread] [systray_widget/systray.py:508]: Saving state to C:\Users\Srinath\AppData\Local\YASB\systray_state_MLTDDISPLAY1.json
2026-08-24 03:24:46,659 [DEBUG] [MainThread] [systray_widget/utils.py:96]: Destroying window 1640524
2026-08-24 03:24:46,769 [DEBUG] [MainThread] [qasync._windows._EventPoller/_windows.py:220]: Stopping worker thread...
2026-08-24 03:24:46,775 [DEBUG] [Dummy-9] [qasync._windows._EventWorker/_windows.py:204]: Exiting thread
2026-08-24 03:24:46,778 [DEBUG] [MainThread] [qasync._windows._IocpProactor/_windows.py:78]: Closing
2026-08-24 03:24:46,839 [DEBUG] [MainThread] [systray_widget/utils.py:96]: Destroying window 1640524
2026-08-24 03:24:47,715 [INFO] [MainThread] [root/log.py:69]: YASB v1.8.5
2026-08-24 03:24:47,716 [INFO] [MainThread] [root/log.py:69]: YASB v1.8.5
2026-08-24 03:24:47,717 [INFO] [Thread-1 (_run_server)] [cli_server/cli_server.py:212]: CLI server started v1.1.4
2026-08-24 03:24:47,717 [INFO] [Thread-1 (_run_server)] [cli_server/cli_server.py:212]: CLI server started v1.1.4
2026-08-24 03:24:47,718 [INFO] [MainThread] [cli_server/cli_server.py:104]: Log pipe server started
2026-08-24 03:24:47,718 [INFO] [MainThread] [cli_server/cli_server.py:104]: Log pipe server started
2026-08-24 03:24:47,718 [INFO] [MainThread] [root/main.py:45]: Waiting for previous YASB instance to exit...
2026-08-24 03:39:57,510 [ERROR] [MainThread] [root/main.py:68]: Timeout waiting for previous instance. Aborting start.
2026-08-24 03:40:01,337 [INFO] [MainThread] [root/service.py:48]: AudioOutputService starting...
2026-08-24 03:40:02,193 [ERROR] [MainThread] [wifi_widget/wifi.py:193]: Error in wifi widget update: [Errno 11004] getaddrinfo failed
2026-08-24 03:40:03,526 [INFO] [MainThread] [root/bar_manager.py:85]: Starting KomorebiEventListener...
2026-08-24 03:40:03,527 [INFO] [MainThread] [root/bar_manager.py:85]: Starting SystemEventListener...
2026-08-24 03:40:03,527 [INFO] [MainThread] [root/bar_manager.py:85]: Starting WindowsNotificationEventListener...
2026-08-24 03:40:03,529 [INFO] [MainThread] [root/watcher.py:54]: Created file watcher for path C:\Users\Srinath\.config\yasb
2026-08-24 03:40:04,477 [INFO] [Dummy-6] [root/event_listener.py:51]: Created named pipe yasb-64091799-9f3f-11f1-8a9d-b48c9d368940
2026-08-24 03:40:04,635 [INFO] [MainThread] [root/update_service.py:404]: Background update checker started
2026-08-24 03:40:04,636 [DEBUG] [MainThread] [qasync._windows._EventPoller/_windows.py:215]: Starting (proactor: <_IocpProactor overlapped#=0 result#=0>)...
2026-08-24 03:40:04,693 [DEBUG] [Dummy-9] [qasync._windows._EventWorker/_windows.py:195]: Thread started
2026-08-24 03:40:04,767 [DEBUG] [MainThread] [systray_widget/systray.py:526]: Loading state from C:\Users\Srinath\AppData\Local\YASB\systray_state_MLTDDISPLAY1.json
2026-08-24 03:40:04,873 [DEBUG] [SystrayMonitor] [systray_widget/systray.py:57]: Systray thread is starting...
2026-08-24 03:40:05,411 [WARNING] [UpdateChecker] [root/update_service.py:274]: Network error checking for updates: [Errno 11001] getaddrinfo failed
2026-08-24 03:40:05,411 [WARNING] [UpdateChecker] [root/update_service.py:400]: Background update check failed: <urlopen error [Errno 11001] getaddrinfo failed>
2026-08-24 03:40:05,588 [DEBUG] [SystrayMonitor] [systray_widget/systray_monitor.py:242]: Finding real tray hwnd
2026-08-24 03:40:06,693 [DEBUG] [SystrayMonitor] [systray_widget/systray_monitor.py:164]: Adding TaskbandHWND prop to hwnd 197602
2026-08-24 03:50:04,595 [DEBUG] [MainThread] [systray_widget/systray.py:277]: Systray thread started
2026-08-24 03:50:04,917 [DEBUG] [SystrayMonitor] [systray_widget/systray_monitor.py:164]: Adding TaskbandHWND prop to hwnd 197602
2026-08-24 03:50:04,929 [DEBUG] [MainThread] [systray_widget/systray_monitor.py:157]: Sending TaskbarCreated message: 49366
2026-08-24 06:26:26,624 [INFO] [MainThread] [root/controller.py:35]: Exiting Application...
2026-08-24 06:26:26,737 [INFO] [MainThread] [cli_server/cli_server.py:112]: Log pipe server stopped
2026-08-24 06:26:26,737 [DEBUG] [MainThread] [cli_server/cli_server.py:206]: CLI server stopped
2026-08-24 06:26:27,232 [INFO] [MainThread] [root/bar_manager.py:92]: Stopping KomorebiEventListener...
2026-08-24 06:26:27,233 [INFO] [MainThread] [root/bar_manager.py:92]: Stopping SystemEventListener...
2026-08-24 06:26:27,233 [INFO] [MainThread] [root/bar_manager.py:92]: Stopping WindowsNotificationEventListener...
2026-08-24 06:26:27,243 [DEBUG] [MainThread] [systray_widget/systray.py:504]: Saving state to disk
2026-08-24 06:26:27,244 [DEBUG] [MainThread] [systray_widget/systray.py:508]: Saving state to C:\Users\Srinath\AppData\Local\YASB\systray_state_MLTDDISPLAY1.json
2026-08-24 06:26:27,258 [DEBUG] [MainThread] [systray_widget/utils.py:96]: Destroying window 197602
2026-08-24 06:26:27,295 [DEBUG] [MainThread] [qasync._windows._EventPoller/_windows.py:220]: Stopping worker thread...
2026-08-24 06:26:27,300 [DEBUG] [Dummy-9] [qasync._windows._EventWorker/_windows.py:204]: Exiting thread
2026-08-24 06:26:27,309 [DEBUG] [MainThread] [qasync._windows._IocpProactor/_windows.py:78]: Closing
2026-08-24 06:26:27,436 [DEBUG] [MainThread] [systray_widget/utils.py:96]: Destroying window 197602
2026-08-24 09:11:51,129 [INFO] [MainThread] [root/log.py:69]: YASB v1.8.5
2026-08-24 09:11:51,130 [INFO] [Thread-1 (_run_server)] [cli_server/cli_server.py:212]: CLI server started v1.1.4
2026-08-24 09:11:51,131 [INFO] [MainThread] [cli_server/cli_server.py:104]: Log pipe server started
2026-08-24 09:11:53,156 [INFO] [MainThread] [root/service.py:48]: AudioOutputService starting...
2026-08-24 09:11:57,027 [INFO] [MainThread] [root/bar_manager.py:85]: Starting KomorebiEventListener...
2026-08-24 09:11:57,028 [INFO] [MainThread] [root/bar_manager.py:85]: Starting WindowsNotificationEventListener...
2026-08-24 09:11:57,029 [INFO] [Dummy-4] [root/event_listener.py:51]: Created named pipe yasb-c16832d2-9f6d-11f1-95c6-b48c9d368940
2026-08-24 09:11:57,031 [INFO] [MainThread] [root/bar_manager.py:85]: Starting SystemEventListener...
2026-08-24 09:11:57,032 [INFO] [MainThread] [root/watcher.py:54]: Created file watcher for path C:\Users\Srinath\.config\yasb
2026-08-24 09:11:57,353 [INFO] [MainThread] [root/update_service.py:404]: Background update checker started
2026-08-24 09:11:57,353 [DEBUG] [MainThread] [qasync._windows._EventPoller/_windows.py:215]: Starting (proactor: <_IocpProactor overlapped#=0 result#=0>)...
2026-08-24 09:11:57,411 [DEBUG] [Dummy-9] [qasync._windows._EventWorker/_windows.py:195]: Thread started
2026-08-24 09:11:57,448 [DEBUG] [MainThread] [systray_widget/systray.py:526]: Loading state from C:\Users\Srinath\AppData\Local\YASB\systray_state_MLTDDISPLAY1.json
2026-08-24 09:11:57,571 [DEBUG] [SystrayMonitor] [systray_widget/systray.py:57]: Systray thread is starting...
2026-08-24 09:11:58,655 [DEBUG] [SystrayMonitor] [systray_widget/systray_monitor.py:242]: Finding real tray hwnd
2026-08-24 09:12:00,527 [DEBUG] [MainThread] [systray_widget/systray.py:277]: Systray thread started
2026-08-24 09:12:00,730 [DEBUG] [SystrayMonitor] [systray_widget/systray_monitor.py:164]: Adding TaskbandHWND prop to hwnd 67054
2026-08-24 09:12:00,746 [DEBUG] [MainThread] [systray_widget/systray_monitor.py:157]: Sending TaskbarCreated message: 49366
2026-08-24 09:38:29,869 [ERROR] [SystrayMonitor] [root/app_icons.py:282]: GetIconInfo failed: 0
2026-08-24 09:51:04,787 [ERROR] [MainThread] [wifi_widget/wifi.py:193]: Error in wifi widget update: [Errno 11004] getaddrinfo failed
2026-08-24 10:20:34,256 [ERROR] [MainThread] [root/gpu.py:170]: Error updating shared GPU data: Command '['C:\\WINDOWS\\system32\\nvidia-smi.EXE', '--query-gpu=index,utilization.gpu,memory.total,memory.used,memory.free,temperature.gpu,fan.speed', '--format=csv,noheader,nounits']' timed out after 2 seconds
2026-08-24 16:34:01,504 [ERROR] [MainThread] [root/gpu.py:170]: Error updating shared GPU data: Command '['C:\\WINDOWS\\system32\\nvidia-smi.EXE', '--query-gpu=index,utilization.gpu,memory.total,memory.used,memory.free,temperature.gpu,fan.speed', '--format=csv,noheader,nounits']' timed out after 2 seconds
2026-08-24 16:34:22,518 [INFO] [MainThread] [root/bar_manager.py:80]: Screens updated. Re-initialising all bars.
2026-08-24 16:34:22,518 [INFO] [MainThread] [root/controller.py:15]: Reloading Application because of screen update.
2026-08-24 16:34:22,622 [INFO] [MainThread] [cli_server/cli_server.py:112]: Log pipe server stopped
2026-08-24 16:34:22,623 [DEBUG] [MainThread] [cli_server/cli_server.py:206]: CLI server stopped
2026-08-24 16:34:22,689 [INFO] [MainThread] [root/bar_manager.py:80]: Screens updated. Re-initialising all bars.
2026-08-24 16:34:22,689 [INFO] [MainThread] [root/controller.py:15]: Reloading Application because of screen update.
2026-08-24 16:34:22,794 [INFO] [MainThread] [cli_server/cli_server.py:112]: Log pipe server stopped
2026-08-24 16:34:22,794 [DEBUG] [MainThread] [cli_server/cli_server.py:206]: CLI server stopped
2026-08-24 16:34:22,796 [INFO] [MainThread] [root/bar_manager.py:92]: Stopping KomorebiEventListener...
2026-08-24 16:34:22,796 [INFO] [MainThread] [root/bar_manager.py:92]: Stopping WindowsNotificationEventListener...
2026-08-24 16:34:22,797 [INFO] [MainThread] [root/bar_manager.py:92]: Stopping SystemEventListener...
2026-08-24 16:34:22,811 [DEBUG] [MainThread] [systray_widget/systray.py:504]: Saving state to disk
2026-08-24 16:34:22,812 [DEBUG] [MainThread] [systray_widget/systray.py:508]: Saving state to C:\Users\Srinath\AppData\Local\YASB\systray_state_ACERTECHNOLOGIESVG271UM31322131231233.json
2026-08-24 16:34:22,829 [DEBUG] [MainThread] [systray_widget/utils.py:96]: Destroying window 67054
2026-08-24 16:34:22,843 [DEBUG] [MainThread] [qasync._windows._EventPoller/_windows.py:220]: Stopping worker thread...
2026-08-24 16:34:22,856 [DEBUG] [Dummy-9] [qasync._windows._EventWorker/_windows.py:204]: Exiting thread
2026-08-24 16:34:22,868 [DEBUG] [MainThread] [qasync._windows._IocpProactor/_windows.py:78]: Closing
2026-08-24 16:34:23,489 [DEBUG] [MainThread] [systray_widget/utils.py:96]: Destroying window 67054
2026-08-24 16:34:24,543 [INFO] [MainThread] [root/log.py:69]: YASB v1.8.5
2026-08-24 16:34:24,544 [INFO] [Thread-1 (_run_server)] [cli_server/cli_server.py:212]: CLI server started v1.1.4
2026-08-24 16:34:24,545 [INFO] [MainThread] [root/log.py:69]: YASB v1.8.5
2026-08-24 16:34:24,545 [INFO] [MainThread] [cli_server/cli_server.py:104]: Log pipe server started
2026-08-24 16:34:24,546 [INFO] [Thread-1 (_run_server)] [cli_server/cli_server.py:212]: CLI server started v1.1.4
2026-08-24 16:34:24,547 [INFO] [MainThread] [cli_server/cli_server.py:104]: Log pipe server started
2026-08-24 16:34:24,547 [INFO] [MainThread] [root/main.py:45]: Waiting for previous YASB instance to exit...
2026-08-24 16:34:27,043 [INFO] [MainThread] [root/service.py:48]: AudioOutputService starting...
2026-08-24 16:34:28,524 [INFO] [MainThread] [root/bar_manager.py:85]: Starting WindowsNotificationEventListener...
2026-08-24 16:34:28,527 [INFO] [MainThread] [root/bar_manager.py:85]: Starting SystemEventListener...
2026-08-24 16:34:28,527 [INFO] [MainThread] [root/bar_manager.py:85]: Starting KomorebiEventListener...
2026-08-24 16:34:28,528 [INFO] [MainThread] [root/watcher.py:54]: Created file watcher for path C:\Users\Srinath\.config\yasb
2026-08-24 16:34:28,539 [INFO] [Dummy-6] [root/event_listener.py:51]: Created named pipe yasb-935594dc-9fab-11f1-ba2b-b48c9d368940
2026-08-24 16:34:29,263 [INFO] [MainThread] [root/update_service.py:404]: Background update checker started
2026-08-24 16:34:29,264 [DEBUG] [MainThread] [qasync._windows._EventPoller/_windows.py:215]: Starting (proactor: <_IocpProactor overlapped#=0 result#=0>)...
2026-08-24 16:34:29,276 [DEBUG] [Dummy-9] [qasync._windows._EventWorker/_windows.py:195]: Thread started
2026-08-24 16:34:29,293 [DEBUG] [MainThread] [systray_widget/systray.py:526]: Loading state from C:\Users\Srinath\AppData\Local\YASB\systray_state_ACERTECHNOLOGIESVG271UM31322131231233.json
2026-08-24 16:34:29,399 [DEBUG] [SystrayMonitor] [systray_widget/systray.py:57]: Systray thread is starting...
2026-08-24 16:34:30,160 [ERROR] [UpdateChecker] [root/update_service.py:271]: GitHub API HTTP error: 403 rate limit exceeded
2026-08-24 16:34:30,160 [WARNING] [UpdateChecker] [root/update_service.py:400]: Background update check failed: HTTP Error 403: rate limit exceeded
2026-08-24 16:34:30,175 [DEBUG] [MainThread] [systray_widget/systray.py:277]: Systray thread started
2026-08-24 16:34:30,378 [DEBUG] [SystrayMonitor] [systray_widget/systray_monitor.py:164]: Adding TaskbandHWND prop to hwnd 263600
2026-08-24 16:34:30,384 [DEBUG] [SystrayMonitor] [systray_widget/systray_monitor.py:242]: Finding real tray hwnd
2026-08-24 16:34:30,397 [DEBUG] [MainThread] [systray_widget/systray_monitor.py:157]: Sending TaskbarCreated message: 49366
2026-08-24 16:34:34,572 [ERROR] [MainThread] [root/main.py:68]: Timeout waiting for previous instance. Aborting start.
2026-08-24 16:53:08,244 [INFO] [MainThread] [root/controller.py:35]: Exiting Application...
2026-08-24 16:53:08,347 [INFO] [MainThread] [cli_server/cli_server.py:112]: Log pipe server stopped
2026-08-24 16:53:08,348 [DEBUG] [MainThread] [cli_server/cli_server.py:206]: CLI server stopped
2026-08-24 16:53:08,560 [INFO] [MainThread] [root/bar_manager.py:92]: Stopping WindowsNotificationEventListener...
2026-08-24 16:53:08,561 [INFO] [MainThread] [root/bar_manager.py:92]: Stopping SystemEventListener...
2026-08-24 16:53:08,562 [INFO] [MainThread] [root/bar_manager.py:92]: Stopping KomorebiEventListener...
2026-08-24 16:53:08,571 [DEBUG] [MainThread] [systray_widget/systray.py:504]: Saving state to disk
2026-08-24 16:53:08,572 [DEBUG] [MainThread] [systray_widget/systray.py:508]: Saving state to C:\Users\Srinath\AppData\Local\YASB\systray_state_ACERTECHNOLOGIESVG271UM31322131231233.json
2026-08-24 16:53:08,590 [DEBUG] [MainThread] [systray_widget/utils.py:96]: Destroying window 263600
2026-08-24 16:53:08,620 [DEBUG] [MainThread] [qasync._windows._EventPoller/_windows.py:220]: Stopping worker thread...
2026-08-24 16:53:08,628 [DEBUG] [Dummy-9] [qasync._windows._EventWorker/_windows.py:204]: Exiting thread
2026-08-24 16:53:08,633 [DEBUG] [MainThread] [qasync._windows._IocpProactor/_windows.py:78]: Closing
2026-08-24 16:53:08,663 [DEBUG] [MainThread] [systray_widget/utils.py:96]: Destroying window 263600
2026-08-24 18:32:03,321 [INFO] [MainThread] [root/log.py:69]: YASB v1.8.5
2026-08-24 18:32:03,323 [INFO] [Thread-1 (_run_server)] [cli_server/cli_server.py:212]: CLI server started v1.1.4
2026-08-24 18:32:03,323 [INFO] [MainThread] [cli_server/cli_server.py:104]: Log pipe server started
2026-08-24 18:32:06,233 [INFO] [MainThread] [root/service.py:48]: AudioOutputService starting...
2026-08-24 18:32:06,990 [INFO] [MainThread] [root/bar_manager.py:85]: Starting SystemEventListener...
2026-08-24 18:32:06,990 [INFO] [MainThread] [root/bar_manager.py:85]: Starting WindowsNotificationEventListener...
2026-08-24 18:32:06,991 [INFO] [MainThread] [root/bar_manager.py:85]: Starting KomorebiEventListener...
2026-08-24 18:32:06,992 [INFO] [MainThread] [root/watcher.py:54]: Created file watcher for path C:\Users\Srinath\.config\yasb
2026-08-24 18:32:06,993 [INFO] [Dummy-6] [root/event_listener.py:51]: Created named pipe yasb-0281bd2c-9fbc-11f1-aeb2-b48c9d368940
2026-08-24 18:32:07,127 [INFO] [MainThread] [root/update_service.py:404]: Background update checker started
2026-08-24 18:32:07,127 [DEBUG] [MainThread] [qasync._windows._EventPoller/_windows.py:215]: Starting (proactor: <_IocpProactor overlapped#=0 result#=0>)...
2026-08-24 18:32:07,128 [DEBUG] [Dummy-9] [qasync._windows._EventWorker/_windows.py:195]: Thread started
2026-08-24 18:32:07,131 [DEBUG] [MainThread] [systray_widget/systray.py:526]: Loading state from C:\Users\Srinath\AppData\Local\YASB\systray_state_ACERTECHNOLOGIESVG271UM31322131231233.json
2026-08-24 18:32:07,160 [DEBUG] [SystrayMonitor] [systray_widget/systray.py:57]: Systray thread is starting...
2026-08-24 18:32:07,528 [DEBUG] [MainThread] [systray_widget/systray.py:277]: Systray thread started
2026-08-24 18:32:07,534 [WARNING] [UpdateChecker] [root/update_service.py:274]: Network error checking for updates: [Errno 11001] getaddrinfo failed
2026-08-24 18:32:07,534 [WARNING] [UpdateChecker] [root/update_service.py:400]: Background update check failed: <urlopen error [Errno 11001] getaddrinfo failed>
2026-08-24 18:32:07,730 [DEBUG] [SystrayMonitor] [systray_widget/systray_monitor.py:164]: Adding TaskbandHWND prop to hwnd 67050
2026-08-24 18:32:07,736 [DEBUG] [SystrayMonitor] [systray_widget/systray_monitor.py:242]: Finding real tray hwnd
2026-08-24 18:32:07,740 [DEBUG] [MainThread] [systray_widget/systray_monitor.py:157]: Sending TaskbarCreated message: 49367
2026-08-24 18:37:03,621 [INFO] [MainThread] [root/controller.py:35]: Exiting Application...
2026-08-24 18:37:03,725 [INFO] [MainThread] [cli_server/cli_server.py:112]: Log pipe server stopped
2026-08-24 18:37:03,725 [DEBUG] [MainThread] [cli_server/cli_server.py:206]: CLI server stopped
2026-08-24 18:37:03,811 [INFO] [MainThread] [root/bar_manager.py:92]: Stopping SystemEventListener...
2026-08-24 18:37:03,811 [INFO] [MainThread] [root/bar_manager.py:92]: Stopping WindowsNotificationEventListener...
2026-08-24 18:37:03,812 [INFO] [MainThread] [root/bar_manager.py:92]: Stopping KomorebiEventListener...
2026-08-24 18:37:03,826 [DEBUG] [MainThread] [systray_widget/systray.py:504]: Saving state to disk
2026-08-24 18:37:03,827 [DEBUG] [MainThread] [systray_widget/systray.py:508]: Saving state to C:\Users\Srinath\AppData\Local\YASB\systray_state_ACERTECHNOLOGIESVG271UM31322131231233.json
2026-08-24 18:37:03,828 [DEBUG] [MainThread] [systray_widget/utils.py:96]: Destroying window 67050
2026-08-24 18:37:03,840 [DEBUG] [MainThread] [qasync._windows._EventPoller/_windows.py:220]: Stopping worker thread...
2026-08-24 18:37:03,850 [DEBUG] [Dummy-9] [qasync._windows._EventWorker/_windows.py:204]: Exiting thread
2026-08-24 18:37:03,869 [DEBUG] [MainThread] [qasync._windows._IocpProactor/_windows.py:78]: Closing
2026-08-24 18:37:03,945 [DEBUG] [MainThread] [systray_widget/utils.py:96]: Destroying window 67050
2026-08-24 18:39:22,249 [INFO] [MainThread] [root/log.py:69]: YASB v1.8.5
2026-08-24 18:39:22,251 [INFO] [Thread-1 (_run_server)] [cli_server/cli_server.py:212]: CLI server started v1.1.4
2026-08-24 18:39:22,251 [INFO] [MainThread] [cli_server/cli_server.py:104]: Log pipe server started
2026-08-24 18:39:23,817 [INFO] [MainThread] [root/service.py:48]: AudioOutputService starting...
2026-08-24 18:39:24,980 [INFO] [MainThread] [root/bar_manager.py:85]: Starting SystemEventListener...
2026-08-24 18:39:24,980 [INFO] [MainThread] [root/bar_manager.py:85]: Starting WindowsNotificationEventListener...
2026-08-24 18:39:24,982 [INFO] [MainThread] [root/bar_manager.py:85]: Starting KomorebiEventListener...
2026-08-24 18:39:24,983 [INFO] [MainThread] [root/watcher.py:54]: Created file watcher for path C:\Users\Srinath\.config\yasb
2026-08-24 18:39:24,984 [INFO] [Dummy-6] [root/event_listener.py:51]: Created named pipe yasb-0791c859-9fbd-11f1-86a2-b48c9d368940
2026-08-24 18:39:25,105 [INFO] [MainThread] [root/update_service.py:404]: Background update checker started
2026-08-24 18:39:25,105 [DEBUG] [MainThread] [qasync._windows._EventPoller/_windows.py:215]: Starting (proactor: <_IocpProactor overlapped#=0 result#=0>)...
2026-08-24 18:39:25,107 [DEBUG] [Dummy-9] [qasync._windows._EventWorker/_windows.py:195]: Thread started
2026-08-24 18:39:25,110 [DEBUG] [MainThread] [systray_widget/systray.py:526]: Loading state from C:\Users\Srinath\AppData\Local\YASB\systray_state_ACERTECHNOLOGIESVG271UM31322131231233.json
2026-08-24 18:39:25,138 [DEBUG] [SystrayMonitor] [systray_widget/systray.py:57]: Systray thread is starting...
2026-08-24 18:39:25,364 [DEBUG] [MainThread] [systray_widget/systray.py:277]: Systray thread started
2026-08-24 18:39:25,493 [WARNING] [UpdateChecker] [root/update_service.py:274]: Network error checking for updates: [Errno 11001] getaddrinfo failed
2026-08-24 18:39:25,493 [WARNING] [UpdateChecker] [root/update_service.py:400]: Background update check failed: <urlopen error [Errno 11001] getaddrinfo failed>
2026-08-24 18:39:25,565 [DEBUG] [SystrayMonitor] [systray_widget/systray_monitor.py:164]: Adding TaskbandHWND prop to hwnd 132390
2026-08-24 18:39:25,570 [DEBUG] [SystrayMonitor] [systray_widget/systray_monitor.py:242]: Finding real tray hwnd
2026-08-24 18:39:25,592 [DEBUG] [MainThread] [systray_widget/systray_monitor.py:157]: Sending TaskbarCreated message: 49367
2026-08-24 22:05:09,185 [ERROR] [MainThread] [root/gpu.py:170]: Error updating shared GPU data: Command '['C:\\WINDOWS\\system32\\nvidia-smi.EXE', '--query-gpu=index,utilization.gpu,memory.total,memory.used,memory.free,temperature.gpu,fan.speed', '--format=csv,noheader,nounits']' timed out after 2 seconds
2026-08-24 22:05:11,576 [INFO] [MainThread] [root/bar_manager.py:80]: Screens updated. Re-initialising all bars.
2026-08-24 22:05:11,576 [INFO] [MainThread] [root/controller.py:15]: Reloading Application because of screen update.
2026-08-24 22:05:11,677 [INFO] [MainThread] [cli_server/cli_server.py:112]: Log pipe server stopped
2026-08-24 22:05:11,678 [DEBUG] [MainThread] [cli_server/cli_server.py:206]: CLI server stopped
2026-08-24 22:05:12,232 [INFO] [MainThread] [root/bar_manager.py:80]: Screens updated. Re-initialising all bars.
2026-08-24 22:05:12,233 [INFO] [MainThread] [root/controller.py:15]: Reloading Application because of screen update.
2026-08-24 22:05:12,344 [INFO] [MainThread] [cli_server/cli_server.py:112]: Log pipe server stopped
2026-08-24 22:05:12,344 [DEBUG] [MainThread] [cli_server/cli_server.py:206]: CLI server stopped
2026-08-24 22:05:13,420 [INFO] [MainThread] [root/bar_manager.py:92]: Stopping SystemEventListener...
2026-08-24 22:05:13,421 [INFO] [MainThread] [root/bar_manager.py:92]: Stopping WindowsNotificationEventListener...
2026-08-24 22:05:13,422 [INFO] [MainThread] [root/bar_manager.py:92]: Stopping KomorebiEventListener...
2026-08-24 22:05:13,435 [DEBUG] [MainThread] [systray_widget/systray.py:504]: Saving state to disk
2026-08-24 22:05:13,437 [DEBUG] [MainThread] [systray_widget/systray.py:508]: Saving state to C:\Users\Srinath\AppData\Local\YASB\systray_state_MLTDDISPLAY1.json
2026-08-24 22:05:13,460 [DEBUG] [MainThread] [systray_widget/utils.py:96]: Destroying window 132390
2026-08-24 22:05:13,471 [DEBUG] [MainThread] [qasync._windows._EventPoller/_windows.py:220]: Stopping worker thread...
2026-08-24 22:05:13,475 [DEBUG] [Dummy-9] [qasync._windows._EventWorker/_windows.py:204]: Exiting thread
2026-08-24 22:05:13,479 [DEBUG] [MainThread] [qasync._windows._IocpProactor/_windows.py:78]: Closing
2026-08-24 22:05:13,528 [DEBUG] [MainThread] [systray_widget/utils.py:96]: Destroying window 132390
2026-08-24 22:05:14,956 [INFO] [MainThread] [root/log.py:69]: YASB v1.8.5
2026-08-24 22:05:14,957 [INFO] [Thread-1 (_run_server)] [cli_server/cli_server.py:212]: CLI server started v1.1.4
2026-08-24 22:05:14,957 [INFO] [MainThread] [root/log.py:69]: YASB v1.8.5
2026-08-24 22:05:14,958 [INFO] [MainThread] [cli_server/cli_server.py:104]: Log pipe server started
2026-08-24 22:05:14,959 [INFO] [Thread-1 (_run_server)] [cli_server/cli_server.py:212]: CLI server started v1.1.4
2026-08-24 22:05:14,959 [INFO] [MainThread] [cli_server/cli_server.py:104]: Log pipe server started
2026-08-24 22:05:14,959 [INFO] [MainThread] [root/main.py:45]: Waiting for previous YASB instance to exit...
2026-08-24 22:05:19,580 [INFO] [MainThread] [root/service.py:48]: AudioOutputService starting...
2026-08-24 22:05:21,217 [INFO] [MainThread] [root/bar_manager.py:85]: Starting WindowsNotificationEventListener...
2026-08-24 22:05:21,218 [INFO] [MainThread] [root/bar_manager.py:85]: Starting KomorebiEventListener...
2026-08-24 22:05:21,218 [INFO] [MainThread] [root/bar_manager.py:85]: Starting SystemEventListener...
2026-08-24 22:05:21,226 [INFO] [Dummy-4] [root/event_listener.py:51]: Created named pipe yasb-cc75c76f-9fd9-11f1-af75-b48c9d368940
2026-08-24 22:05:21,226 [INFO] [MainThread] [root/watcher.py:54]: Created file watcher for path C:\Users\Srinath\.config\yasb
2026-08-24 22:05:21,356 [INFO] [MainThread] [root/update_service.py:404]: Background update checker started
2026-08-24 22:05:21,356 [DEBUG] [MainThread] [qasync._windows._EventPoller/_windows.py:215]: Starting (proactor: <_IocpProactor overlapped#=0 result#=0>)...
2026-08-24 22:05:21,357 [DEBUG] [Dummy-9] [qasync._windows._EventWorker/_windows.py:195]: Thread started
2026-08-24 22:05:21,360 [DEBUG] [MainThread] [systray_widget/systray.py:526]: Loading state from C:\Users\Srinath\AppData\Local\YASB\systray_state_MLTDDISPLAY1.json
2026-08-24 22:05:21,361 [DEBUG] [SystrayMonitor] [systray_widget/systray.py:57]: Systray thread is starting...
2026-08-24 22:05:21,506 [DEBUG] [SystrayMonitor] [systray_widget/systray_monitor.py:242]: Finding real tray hwnd
2026-08-24 22:05:21,592 [DEBUG] [MainThread] [systray_widget/systray.py:277]: Systray thread started
2026-08-24 22:05:22,360 [DEBUG] [SystrayMonitor] [systray_widget/systray_monitor.py:164]: Adding TaskbandHWND prop to hwnd 263826
2026-08-24 22:05:22,368 [DEBUG] [MainThread] [systray_widget/systray_monitor.py:157]: Sending TaskbarCreated message: 49367
2026-08-24 22:05:25,026 [ERROR] [MainThread] [root/main.py:68]: Timeout waiting for previous instance. Aborting start.
2026-08-24 23:44:21,044 [ERROR] [MainThread] [root/gpu.py:170]: Error updating shared GPU data: Command '['C:\\WINDOWS\\system32\\nvidia-smi.EXE', '--query-gpu=index,utilization.gpu,memory.total,memory.used,memory.free,temperature.gpu,fan.speed', '--format=csv,noheader,nounits']' timed out after 2 seconds
2026-08-25 00:45:04,063 [ERROR] [SystrayMonitor] [root/app_icons.py:282]: GetIconInfo failed: 0
2026-08-25 04:08:29,870 [INFO] [MainThread] [root/log.py:69]: YASB v1.8.5
2026-08-25 04:08:29,871 [INFO] [Thread-1 (_run_server)] [cli_server/cli_server.py:212]: CLI server started v1.1.4
2026-08-25 04:08:29,871 [INFO] [MainThread] [cli_server/cli_server.py:104]: Log pipe server started
2026-08-25 04:08:31,524 [INFO] [MainThread] [root/service.py:48]: AudioOutputService starting...
2026-08-25 04:08:32,858 [INFO] [MainThread] [root/bar_manager.py:85]: Starting KomorebiEventListener...
2026-08-25 04:08:32,859 [INFO] [MainThread] [root/bar_manager.py:85]: Starting SystemEventListener...
2026-08-25 04:08:32,859 [INFO] [MainThread] [root/bar_manager.py:85]: Starting WindowsNotificationEventListener...
2026-08-25 04:08:32,861 [INFO] [MainThread] [root/watcher.py:54]: Created file watcher for path C:\Users\Srinath\.config\yasb
2026-08-25 04:08:32,861 [INFO] [Dummy-6] [root/event_listener.py:51]: Created named pipe yasb-894a3359-a00c-11f1-b842-b48c9d368940
2026-08-25 04:08:32,993 [INFO] [MainThread] [root/update_service.py:404]: Background update checker started
2026-08-25 04:08:32,994 [DEBUG] [MainThread] [qasync._windows._EventPoller/_windows.py:215]: Starting (proactor: <_IocpProactor overlapped#=0 result#=0>)...
2026-08-25 04:08:32,995 [DEBUG] [Dummy-9] [qasync._windows._EventWorker/_windows.py:195]: Thread started
2026-08-25 04:08:32,997 [DEBUG] [MainThread] [systray_widget/systray.py:526]: Loading state from C:\Users\Srinath\AppData\Local\YASB\systray_state_ACERTECHNOLOGIESVG271UM31322131231233.json
2026-08-25 04:08:33,034 [DEBUG] [SystrayMonitor] [systray_widget/systray.py:57]: Systray thread is starting...
2026-08-25 04:08:33,324 [DEBUG] [MainThread] [systray_widget/systray.py:277]: Systray thread started
2026-08-25 04:08:33,424 [WARNING] [UpdateChecker] [root/update_service.py:274]: Network error checking for updates: [Errno 11001] getaddrinfo failed
2026-08-25 04:08:33,424 [WARNING] [UpdateChecker] [root/update_service.py:400]: Background update check failed: <urlopen error [Errno 11001] getaddrinfo failed>
2026-08-25 04:08:33,526 [DEBUG] [SystrayMonitor] [systray_widget/systray_monitor.py:164]: Adding TaskbandHWND prop to hwnd 66992
2026-08-25 04:08:33,535 [DEBUG] [SystrayMonitor] [systray_widget/systray_monitor.py:242]: Finding real tray hwnd
2026-08-25 04:08:33,541 [DEBUG] [MainThread] [systray_widget/systray_monitor.py:157]: Sending TaskbarCreated message: 49366
2026-08-25 16:49:09,424 [ERROR] [SystrayMonitor] [root/app_icons.py:282]: GetIconInfo failed: 0
2026-08-25 18:06:49,764 [ERROR] [MainThread] [root/gpu.py:170]: Error updating shared GPU data: Command '['C:\\WINDOWS\\system32\\nvidia-smi.EXE', '--query-gpu=index,utilization.gpu,memory.total,memory.used,memory.free,temperature.gpu,fan.speed', '--format=csv,noheader,nounits']' timed out after 2 seconds
2026-08-25 18:36:04,803 [ERROR] [MainThread] [root/gpu.py:170]: Error updating shared GPU data: Command '['C:\\WINDOWS\\system32\\nvidia-smi.EXE', '--query-gpu=index,utilization.gpu,memory.total,memory.used,memory.free,temperature.gpu,fan.speed', '--format=csv,noheader,nounits']' timed out after 2 seconds
2026-08-25 20:08:12,054 [INFO] [MainThread] [root/bar_manager.py:80]: Screens updated. Re-initialising all bars.
2026-08-25 20:08:12,055 [INFO] [MainThread] [root/controller.py:15]: Reloading Application because of screen update.
2026-08-25 20:08:12,169 [INFO] [MainThread] [cli_server/cli_server.py:112]: Log pipe server stopped
2026-08-25 20:08:12,170 [DEBUG] [MainThread] [cli_server/cli_server.py:206]: CLI server stopped
2026-08-25 20:08:12,578 [INFO] [MainThread] [root/bar_manager.py:80]: Screens updated. Re-initialising all bars.
2026-08-25 20:08:12,578 [INFO] [MainThread] [root/controller.py:15]: Reloading Application because of screen update.
2026-08-25 20:08:12,682 [INFO] [MainThread] [cli_server/cli_server.py:112]: Log pipe server stopped
2026-08-25 20:08:12,682 [DEBUG] [MainThread] [cli_server/cli_server.py:206]: CLI server stopped
2026-08-25 20:08:13,676 [INFO] [MainThread] [root/bar_manager.py:92]: Stopping KomorebiEventListener...
2026-08-25 20:08:13,676 [INFO] [MainThread] [root/bar_manager.py:92]: Stopping SystemEventListener...
2026-08-25 20:08:13,677 [INFO] [MainThread] [root/bar_manager.py:92]: Stopping WindowsNotificationEventListener...
2026-08-25 20:08:13,699 [DEBUG] [MainThread] [systray_widget/systray.py:504]: Saving state to disk
2026-08-25 20:08:13,700 [DEBUG] [MainThread] [systray_widget/systray.py:508]: Saving state to C:\Users\Srinath\AppData\Local\YASB\systray_state_MLTDDISPLAY1.json
2026-08-25 20:08:13,719 [DEBUG] [MainThread] [systray_widget/utils.py:96]: Destroying window 66992
2026-08-25 20:08:13,749 [DEBUG] [MainThread] [qasync._windows._EventPoller/_windows.py:220]: Stopping worker thread...
2026-08-25 20:08:13,755 [DEBUG] [Dummy-9] [qasync._windows._EventWorker/_windows.py:204]: Exiting thread
2026-08-25 20:08:13,770 [DEBUG] [MainThread] [qasync._windows._IocpProactor/_windows.py:78]: Closing
2026-08-25 20:08:13,895 [DEBUG] [MainThread] [systray_widget/utils.py:96]: Destroying window 66992
2026-08-25 20:08:15,317 [INFO] [MainThread] [root/log.py:69]: YASB v1.8.5
2026-08-25 20:08:15,319 [INFO] [Thread-1 (_run_server)] [cli_server/cli_server.py:212]: CLI server started v1.1.4
2026-08-25 20:08:15,319 [INFO] [Thread-1 (_run_server)] [cli_server/cli_server.py:212]: CLI server started v1.1.4
2026-08-25 20:08:15,319 [INFO] [MainThread] [cli_server/cli_server.py:104]: Log pipe server started
2026-08-25 20:08:15,319 [INFO] [MainThread] [cli_server/cli_server.py:104]: Log pipe server started
2026-08-25 20:08:15,320 [INFO] [MainThread] [root/main.py:45]: Waiting for previous YASB instance to exit...
2026-08-25 20:08:17,376 [INFO] [MainThread] [root/service.py:48]: AudioOutputService starting...
2026-08-25 20:08:19,211 [INFO] [MainThread] [root/bar_manager.py:85]: Starting WindowsNotificationEventListener...
2026-08-25 20:08:19,212 [INFO] [MainThread] [root/bar_manager.py:85]: Starting SystemEventListener...
2026-08-25 20:08:19,212 [INFO] [MainThread] [root/bar_manager.py:85]: Starting KomorebiEventListener...
2026-08-25 20:08:19,213 [INFO] [MainThread] [root/watcher.py:54]: Created file watcher for path C:\Users\Srinath\.config\yasb
2026-08-25 20:08:19,220 [INFO] [Dummy-6] [root/event_listener.py:51]: Created named pipe yasb-9d6e7331-a092-11f1-add1-b48c9d368940
2026-08-25 20:08:19,338 [INFO] [MainThread] [root/update_service.py:404]: Background update checker started
2026-08-25 20:08:19,338 [DEBUG] [MainThread] [qasync._windows._EventPoller/_windows.py:215]: Starting (proactor: <_IocpProactor overlapped#=0 result#=0>)...
2026-08-25 20:08:19,339 [DEBUG] [Dummy-9] [qasync._windows._EventWorker/_windows.py:195]: Thread started
2026-08-25 20:08:19,343 [DEBUG] [MainThread] [systray_widget/systray.py:526]: Loading state from C:\Users\Srinath\AppData\Local\YASB\systray_state_MLTDDISPLAY1.json
2026-08-25 20:08:19,348 [DEBUG] [SystrayMonitor] [systray_widget/systray.py:57]: Systray thread is starting...
2026-08-25 20:08:19,584 [DEBUG] [MainThread] [systray_widget/systray.py:277]: Systray thread started
2026-08-25 20:08:19,658 [DEBUG] [SystrayMonitor] [systray_widget/systray_monitor.py:242]: Finding real tray hwnd
2026-08-25 20:08:19,722 [WARNING] [UpdateChecker] [root/update_service.py:274]: Network error checking for updates: [Errno 11001] getaddrinfo failed
2026-08-25 20:08:19,722 [WARNING] [UpdateChecker] [root/update_service.py:400]: Background update check failed: <urlopen error [Errno 11001] getaddrinfo failed>
2026-08-25 20:08:19,785 [DEBUG] [SystrayMonitor] [systray_widget/systray_monitor.py:164]: Adding TaskbandHWND prop to hwnd 132600
2026-08-25 20:08:19,794 [DEBUG] [MainThread] [systray_widget/systray_monitor.py:157]: Sending TaskbarCreated message: 49366
2026-08-25 20:08:25,427 [ERROR] [MainThread] [root/main.py:68]: Timeout waiting for previous instance. Aborting start.
2026-08-25 23:18:27,431 [INFO] [MainThread] [root/controller.py:35]: Exiting Application...
2026-08-25 23:18:27,545 [INFO] [MainThread] [cli_server/cli_server.py:112]: Log pipe server stopped
2026-08-25 23:18:27,559 [DEBUG] [MainThread] [cli_server/cli_server.py:206]: CLI server stopped
2026-08-25 23:18:27,904 [INFO] [MainThread] [root/bar_manager.py:92]: Stopping WindowsNotificationEventListener...
2026-08-25 23:18:27,904 [INFO] [MainThread] [root/bar_manager.py:92]: Stopping SystemEventListener...
2026-08-25 23:18:27,905 [INFO] [MainThread] [root/bar_manager.py:92]: Stopping KomorebiEventListener...
2026-08-25 23:18:27,915 [DEBUG] [MainThread] [systray_widget/systray.py:504]: Saving state to disk
2026-08-25 23:18:27,916 [DEBUG] [MainThread] [systray_widget/systray.py:508]: Saving state to C:\Users\Srinath\AppData\Local\YASB\systray_state_MLTDDISPLAY1.json
2026-08-25 23:18:27,930 [DEBUG] [MainThread] [systray_widget/utils.py:96]: Destroying window 132600
2026-08-25 23:18:27,965 [DEBUG] [MainThread] [qasync._windows._EventPoller/_windows.py:220]: Stopping worker thread...
2026-08-25 23:18:27,967 [DEBUG] [Dummy-9] [qasync._windows._EventWorker/_windows.py:204]: Exiting thread
2026-08-25 23:18:27,975 [DEBUG] [MainThread] [qasync._windows._IocpProactor/_windows.py:78]: Closing
2026-08-25 23:18:28,032 [DEBUG] [MainThread] [systray_widget/utils.py:96]: Destroying window 132600
2026-08-25 23:21:41,101 [INFO] [MainThread] [root/log.py:69]: YASB v1.8.5
2026-08-25 23:21:41,103 [INFO] [Thread-1 (_run_server)] [cli_server/cli_server.py:212]: CLI server started v1.1.4
2026-08-25 23:21:41,104 [INFO] [MainThread] [cli_server/cli_server.py:104]: Log pipe server started
2026-08-25 23:21:42,880 [INFO] [MainThread] [root/service.py:48]: AudioOutputService starting...
2026-08-25 23:21:44,416 [INFO] [MainThread] [root/bar_manager.py:85]: Starting KomorebiEventListener...
2026-08-25 23:21:44,417 [INFO] [MainThread] [root/bar_manager.py:85]: Starting SystemEventListener...
2026-08-25 23:21:44,417 [INFO] [MainThread] [root/bar_manager.py:85]: Starting WindowsNotificationEventListener...
2026-08-25 23:21:44,418 [INFO] [Dummy-4] [root/event_listener.py:51]: Created named pipe yasb-a2ac1f76-a0ad-11f1-baa1-b48c9d368940
2026-08-25 23:21:44,419 [INFO] [MainThread] [root/watcher.py:54]: Created file watcher for path C:\Users\Srinath\.config\yasb
2026-08-25 23:21:44,559 [INFO] [MainThread] [root/update_service.py:404]: Background update checker started
2026-08-25 23:21:44,559 [DEBUG] [MainThread] [qasync._windows._EventPoller/_windows.py:215]: Starting (proactor: <_IocpProactor overlapped#=0 result#=0>)...
2026-08-25 23:21:44,560 [DEBUG] [Dummy-9] [qasync._windows._EventWorker/_windows.py:195]: Thread started
2026-08-25 23:21:44,563 [DEBUG] [MainThread] [systray_widget/systray.py:526]: Loading state from C:\Users\Srinath\AppData\Local\YASB\systray_state_MLTDDISPLAY1.json
2026-08-25 23:21:44,594 [DEBUG] [SystrayMonitor] [systray_widget/systray.py:57]: Systray thread is starting...
2026-08-25 23:21:44,936 [DEBUG] [MainThread] [systray_widget/systray.py:277]: Systray thread started
2026-08-25 23:21:45,138 [DEBUG] [SystrayMonitor] [systray_widget/systray_monitor.py:164]: Adding TaskbandHWND prop to hwnd 66986
2026-08-25 23:21:45,147 [DEBUG] [SystrayMonitor] [systray_widget/systray_monitor.py:242]: Finding real tray hwnd
2026-08-25 23:21:45,149 [DEBUG] [MainThread] [systray_widget/systray_monitor.py:157]: Sending TaskbarCreated message: 49366
2026-08-25 23:21:51,944 [ERROR] [SystrayMonitor] [root/app_icons.py:282]: GetIconInfo failed: 0
2026-08-26 08:04:07,085 [ERROR] [MainThread] [wifi_widget/wifi.py:193]: Error in wifi widget update: [Errno 11004] getaddrinfo failed
2026-08-26 08:13:11,049 [ERROR] [MainThread] [wifi_widget/wifi.py:193]: Error in wifi widget update: [Errno 11004] getaddrinfo failed
2026-08-26 08:13:15,649 [ERROR] [MainThread] [wifi_widget/wifi.py:193]: Error in wifi widget update: [Errno 11004] getaddrinfo failed
2026-08-26 08:20:08,599 [INFO] [MainThread] [root/bar_manager.py:80]: Screens updated. Re-initialising all bars.
2026-08-26 08:20:08,599 [INFO] [MainThread] [root/controller.py:15]: Reloading Application because of screen update.
2026-08-26 08:20:08,712 [INFO] [MainThread] [cli_server/cli_server.py:112]: Log pipe server stopped
2026-08-26 08:20:08,713 [DEBUG] [MainThread] [cli_server/cli_server.py:206]: CLI server stopped
2026-08-26 08:20:09,712 [INFO] [MainThread] [root/bar_manager.py:80]: Screens updated. Re-initialising all bars.
2026-08-26 08:20:09,712 [INFO] [MainThread] [root/controller.py:15]: Reloading Application because of screen update.
2026-08-26 08:20:09,815 [INFO] [MainThread] [cli_server/cli_server.py:112]: Log pipe server stopped
2026-08-26 08:20:09,816 [DEBUG] [MainThread] [cli_server/cli_server.py:206]: CLI server stopped
2026-08-26 08:20:11,455 [INFO] [MainThread] [root/bar_manager.py:92]: Stopping KomorebiEventListener...
2026-08-26 08:20:11,455 [INFO] [MainThread] [root/bar_manager.py:92]: Stopping SystemEventListener...
2026-08-26 08:20:11,455 [INFO] [MainThread] [root/bar_manager.py:92]: Stopping WindowsNotificationEventListener...
2026-08-26 08:20:11,465 [DEBUG] [MainThread] [systray_widget/systray.py:504]: Saving state to disk
2026-08-26 08:20:11,465 [DEBUG] [MainThread] [systray_widget/systray.py:508]: Saving state to C:\Users\Srinath\AppData\Local\YASB\systray_state_DISPLAY4.json
2026-08-26 08:20:11,481 [DEBUG] [MainThread] [systray_widget/utils.py:96]: Destroying window 66986
2026-08-26 08:20:11,503 [DEBUG] [MainThread] [qasync._windows._EventPoller/_windows.py:220]: Stopping worker thread...
2026-08-26 08:20:11,506 [DEBUG] [Dummy-9] [qasync._windows._EventWorker/_windows.py:204]: Exiting thread
2026-08-26 08:20:11,551 [DEBUG] [MainThread] [qasync._windows._IocpProactor/_windows.py:78]: Closing
2026-08-26 08:20:11,733 [DEBUG] [MainThread] [systray_widget/utils.py:96]: Destroying window 66986
2026-08-26 08:20:12,723 [INFO] [MainThread] [root/log.py:69]: YASB v1.8.5
2026-08-26 08:20:12,724 [INFO] [Thread-1 (_run_server)] [cli_server/cli_server.py:212]: CLI server started v1.1.4
2026-08-26 08:20:12,724 [INFO] [MainThread] [cli_server/cli_server.py:104]: Log pipe server started
2026-08-26 08:20:12,724 [INFO] [MainThread] [cli_server/cli_server.py:104]: Log pipe server started
2026-08-26 08:20:12,724 [INFO] [MainThread] [root/main.py:45]: Waiting for previous YASB instance to exit...
2026-08-26 08:20:14,942 [ERROR] [Dummy-44433] [comtypes._vtbl/_vtbl.py:217]: Exception in IMMNotificationClient.OnDeviceStateChanged implementation:
Traceback (most recent call last):
  File "D:\a\yasb\yasb\venv\Lib\site-packages\comtypes\_vtbl.py", line 176, in call_without_this
  File "D:\a\yasb\yasb\venv\Lib\site-packages\pycaw\callbacks.py", line 332, in OnDeviceStateChanged
  File "D:\a\yasb\yasb\src\core\utils\widgets\volume\service.py", line 317, in on_device_state_changed
RuntimeError: wrapped C/C++ object of type AudioOutputService has been deleted
2026-08-26 08:20:18,452 [INFO] [MainThread] [root/service.py:48]: AudioOutputService starting...
2026-08-26 08:20:20,714 [INFO] [MainThread] [root/bar_manager.py:85]: Starting WindowsNotificationEventListener...
2026-08-26 08:20:20,716 [INFO] [MainThread] [root/bar_manager.py:85]: Starting KomorebiEventListener...
2026-08-26 08:20:20,716 [INFO] [MainThread] [root/bar_manager.py:85]: Starting SystemEventListener...
2026-08-26 08:20:20,717 [INFO] [MainThread] [root/watcher.py:54]: Created file watcher for path C:\Users\Srinath\.config\yasb
2026-08-26 08:20:21,019 [INFO] [Dummy-6] [root/event_listener.py:51]: Created named pipe yasb-e0b0087e-a0f8-11f1-b066-b48c9d368940
2026-08-26 08:20:21,090 [INFO] [MainThread] [root/update_service.py:404]: Background update checker started
2026-08-26 08:20:21,090 [DEBUG] [MainThread] [qasync._windows._EventPoller/_windows.py:215]: Starting (proactor: <_IocpProactor overlapped#=0 result#=0>)...
2026-08-26 08:20:21,097 [DEBUG] [Dummy-9] [qasync._windows._EventWorker/_windows.py:195]: Thread started
2026-08-26 08:20:21,105 [DEBUG] [MainThread] [systray_widget/systray.py:526]: Loading state from C:\Users\Srinath\AppData\Local\YASB\systray_state_ACERTECHNOLOGIESVG271UM31322131231233.json
2026-08-26 08:20:21,168 [DEBUG] [SystrayMonitor] [systray_widget/systray.py:57]: Systray thread is starting...
2026-08-26 08:20:22,758 [ERROR] [MainThread] [root/main.py:68]: Timeout waiting for previous instance. Aborting start.
2026-08-26 08:20:24,684 [DEBUG] [SystrayMonitor] [systray_widget/systray_monitor.py:242]: Finding real tray hwnd
2026-08-26 08:20:24,857 [DEBUG] [MainThread] [systray_widget/systray.py:277]: Systray thread started
2026-08-26 08:20:25,064 [DEBUG] [SystrayMonitor] [systray_widget/systray_monitor.py:164]: Adding TaskbandHWND prop to hwnd 2168638
2026-08-26 08:20:25,100 [DEBUG] [MainThread] [systray_widget/systray_monitor.py:157]: Sending TaskbarCreated message: 49366
2026-08-26 08:20:33,595 [WARNING] [UpdateChecker] [root/update_service.py:274]: Network error checking for updates: [Errno 11001] getaddrinfo failed
2026-08-26 08:20:33,596 [WARNING] [UpdateChecker] [root/update_service.py:400]: Background update check failed: <urlopen error [Errno 11001] getaddrinfo failed>
2026-08-26 20:21:53,891 [ERROR] [MainThread] [root/gpu.py:170]: Error updating shared GPU data: Command '['C:\\WINDOWS\\system32\\nvidia-smi.EXE', '--query-gpu=index,utilization.gpu,memory.total,memory.used,memory.free,temperature.gpu,fan.speed', '--format=csv,noheader,nounits']' timed out after 2 seconds
2026-08-27 00:58:25,593 [INFO] [MainThread] [root/bar_manager.py:80]: Screens updated. Re-initialising all bars.
2026-08-27 00:58:25,593 [INFO] [MainThread] [root/controller.py:15]: Reloading Application because of screen update.
2026-08-27 00:58:25,705 [INFO] [MainThread] [cli_server/cli_server.py:112]: Log pipe server stopped
2026-08-27 00:58:25,705 [DEBUG] [MainThread] [cli_server/cli_server.py:206]: CLI server stopped
2026-08-27 00:58:26,370 [INFO] [MainThread] [root/bar_manager.py:80]: Screens updated. Re-initialising all bars.
2026-08-27 00:58:26,373 [INFO] [MainThread] [root/controller.py:15]: Reloading Application because of screen update.
2026-08-27 00:58:26,558 [INFO] [MainThread] [cli_server/cli_server.py:112]: Log pipe server stopped
2026-08-27 00:58:26,559 [DEBUG] [MainThread] [cli_server/cli_server.py:206]: CLI server stopped
2026-08-27 00:58:31,415 [INFO] [MainThread] [root/bar_manager.py:92]: Stopping WindowsNotificationEventListener...
2026-08-27 00:58:31,416 [INFO] [MainThread] [root/bar_manager.py:92]: Stopping KomorebiEventListener...
2026-08-27 00:58:31,416 [INFO] [MainThread] [root/bar_manager.py:92]: Stopping SystemEventListener...
2026-08-27 00:58:31,431 [DEBUG] [MainThread] [systray_widget/systray.py:504]: Saving state to disk
2026-08-27 00:58:31,433 [DEBUG] [MainThread] [systray_widget/systray.py:508]: Saving state to C:\Users\Srinath\AppData\Local\YASB\systray_state_MLTDDISPLAY1.json
2026-08-27 00:58:31,490 [DEBUG] [MainThread] [systray_widget/utils.py:96]: Destroying window 2168638
2026-08-27 00:58:31,508 [DEBUG] [MainThread] [qasync._windows._EventPoller/_windows.py:220]: Stopping worker thread...
2026-08-27 00:58:31,509 [DEBUG] [Dummy-9] [qasync._windows._EventWorker/_windows.py:204]: Exiting thread
2026-08-27 00:58:31,515 [DEBUG] [MainThread] [qasync._windows._IocpProactor/_windows.py:78]: Closing
2026-08-27 00:58:31,595 [DEBUG] [MainThread] [systray_widget/utils.py:96]: Destroying window 2168638
2026-08-27 00:58:33,042 [INFO] [MainThread] [root/log.py:69]: YASB v1.8.5
2026-08-27 00:58:33,045 [INFO] [Thread-1 (_run_server)] [cli_server/cli_server.py:212]: CLI server started v1.1.4
2026-08-27 00:58:33,046 [INFO] [MainThread] [cli_server/cli_server.py:104]: Log pipe server started
2026-08-27 00:58:33,059 [INFO] [MainThread] [root/log.py:69]: YASB v1.8.5
2026-08-27 00:58:33,060 [INFO] [Thread-1 (_run_server)] [cli_server/cli_server.py:212]: CLI server started v1.1.4
2026-08-27 00:58:33,062 [INFO] [MainThread] [cli_server/cli_server.py:104]: Log pipe server started
2026-08-27 00:58:33,063 [INFO] [MainThread] [root/main.py:45]: Waiting for previous YASB instance to exit...
2026-08-27 00:58:36,548 [INFO] [MainThread] [root/service.py:48]: AudioOutputService starting...
2026-08-27 00:58:38,515 [INFO] [MainThread] [root/bar_manager.py:85]: Starting WindowsNotificationEventListener...
2026-08-27 00:58:38,517 [INFO] [MainThread] [root/bar_manager.py:85]: Starting KomorebiEventListener...
2026-08-27 00:58:38,518 [INFO] [MainThread] [root/bar_manager.py:85]: Starting SystemEventListener...
2026-08-27 00:58:38,519 [INFO] [MainThread] [root/watcher.py:54]: Created file watcher for path C:\Users\Srinath\.config\yasb
2026-08-27 00:58:38,531 [INFO] [Dummy-6] [root/event_listener.py:51]: Created named pipe yasb-568f4402-a184-11f1-9fb2-b48c9d368940
2026-08-27 00:58:38,724 [INFO] [MainThread] [root/update_service.py:404]: Background update checker started
2026-08-27 00:58:38,724 [DEBUG] [MainThread] [qasync._windows._EventPoller/_windows.py:215]: Starting (proactor: <_IocpProactor overlapped#=0 result#=0>)...
2026-08-27 00:58:38,726 [DEBUG] [Dummy-9] [qasync._windows._EventWorker/_windows.py:195]: Thread started
2026-08-27 00:58:38,741 [DEBUG] [MainThread] [systray_widget/systray.py:526]: Loading state from C:\Users\Srinath\AppData\Local\YASB\systray_state_MLTDDISPLAY1.json
2026-08-27 00:58:38,743 [DEBUG] [SystrayMonitor] [systray_widget/systray.py:57]: Systray thread is starting...
2026-08-27 00:58:38,810 [DEBUG] [SystrayMonitor] [systray_widget/systray_monitor.py:242]: Finding real tray hwnd
2026-08-27 00:58:39,174 [DEBUG] [MainThread] [systray_widget/systray.py:277]: Systray thread started
2026-08-27 00:58:39,377 [DEBUG] [SystrayMonitor] [systray_widget/systray_monitor.py:164]: Adding TaskbandHWND prop to hwnd 1189684
2026-08-27 00:58:39,388 [DEBUG] [MainThread] [systray_widget/systray_monitor.py:157]: Sending TaskbarCreated message: 49366
2026-08-27 00:58:43,114 [ERROR] [MainThread] [root/main.py:68]: Timeout waiting for previous instance. Aborting start.
2026-08-27 03:40:17,529 [INFO] [MainThread] [root/controller.py:35]: Exiting Application...
2026-08-27 03:40:17,632 [INFO] [MainThread] [cli_server/cli_server.py:112]: Log pipe server stopped
2026-08-27 03:40:17,632 [DEBUG] [MainThread] [cli_server/cli_server.py:206]: CLI server stopped
2026-08-27 03:40:17,717 [INFO] [MainThread] [root/bar_manager.py:92]: Stopping WindowsNotificationEventListener...
2026-08-27 03:40:17,718 [INFO] [MainThread] [root/bar_manager.py:92]: Stopping KomorebiEventListener...
2026-08-27 03:40:17,718 [INFO] [MainThread] [root/bar_manager.py:92]: Stopping SystemEventListener...
2026-08-27 03:40:17,724 [DEBUG] [MainThread] [systray_widget/systray.py:504]: Saving state to disk
2026-08-27 03:40:17,725 [DEBUG] [MainThread] [systray_widget/systray.py:508]: Saving state to C:\Users\Srinath\AppData\Local\YASB\systray_state_MLTDDISPLAY1.json
2026-08-27 03:40:17,735 [DEBUG] [MainThread] [systray_widget/utils.py:96]: Destroying window 1189684
2026-08-27 03:40:17,747 [DEBUG] [MainThread] [qasync._windows._EventPoller/_windows.py:220]: Stopping worker thread...
2026-08-27 03:40:17,756 [DEBUG] [Dummy-9] [qasync._windows._EventWorker/_windows.py:204]: Exiting thread
2026-08-27 03:40:17,776 [DEBUG] [MainThread] [qasync._windows._IocpProactor/_windows.py:78]: Closing
2026-08-27 03:40:17,865 [DEBUG] [MainThread] [systray_widget/utils.py:96]: Destroying window 1189684
2026-08-27 18:16:00,342 [INFO] [MainThread] [root/log.py:69]: YASB v1.8.5
2026-08-27 18:16:00,345 [INFO] [Thread-1 (_run_server)] [cli_server/cli_server.py:212]: CLI server started v1.1.4
2026-08-27 18:16:00,345 [INFO] [MainThread] [cli_server/cli_server.py:104]: Log pipe server started
2026-08-27 18:16:02,403 [INFO] [MainThread] [root/service.py:48]: AudioOutputService starting...
2026-08-27 18:16:04,135 [INFO] [MainThread] [root/bar_manager.py:85]: Starting WindowsNotificationEventListener...
2026-08-27 18:16:04,136 [INFO] [MainThread] [root/bar_manager.py:85]: Starting KomorebiEventListener...
2026-08-27 18:16:04,136 [INFO] [MainThread] [root/bar_manager.py:85]: Starting SystemEventListener...
2026-08-27 18:16:04,137 [INFO] [MainThread] [root/watcher.py:54]: Created file watcher for path C:\Users\Srinath\.config\yasb
2026-08-27 18:16:04,139 [INFO] [Dummy-6] [root/event_listener.py:51]: Created named pipe yasb-43d6e712-a215-11f1-b7fd-b48c9d368940
2026-08-27 18:16:04,283 [INFO] [MainThread] [root/update_service.py:404]: Background update checker started
2026-08-27 18:16:04,284 [DEBUG] [MainThread] [qasync._windows._EventPoller/_windows.py:215]: Starting (proactor: <_IocpProactor overlapped#=0 result#=0>)...
2026-08-27 18:16:04,326 [DEBUG] [Dummy-9] [qasync._windows._EventWorker/_windows.py:195]: Thread started
2026-08-27 18:16:04,330 [DEBUG] [MainThread] [systray_widget/systray.py:526]: Loading state from C:\Users\Srinath\AppData\Local\YASB\systray_state_ACERTECHNOLOGIESVG271UM31322131231233.json
2026-08-27 18:16:04,342 [DEBUG] [SystrayMonitor] [systray_widget/systray.py:57]: Systray thread is starting...
2026-08-27 18:16:04,827 [DEBUG] [MainThread] [systray_widget/systray.py:277]: Systray thread started
2026-08-27 18:16:04,912 [ERROR] [UpdateChecker] [root/update_service.py:271]: GitHub API HTTP error: 403 rate limit exceeded
2026-08-27 18:16:04,912 [WARNING] [UpdateChecker] [root/update_service.py:400]: Background update check failed: HTTP Error 403: rate limit exceeded
2026-08-27 18:16:05,031 [DEBUG] [SystrayMonitor] [systray_widget/systray_monitor.py:164]: Adding TaskbandHWND prop to hwnd 67084
2026-08-27 18:16:05,039 [DEBUG] [SystrayMonitor] [systray_widget/systray_monitor.py:242]: Finding real tray hwnd
2026-08-27 18:16:05,043 [DEBUG] [MainThread] [systray_widget/systray_monitor.py:157]: Sending TaskbarCreated message: 49367
2026-08-27 18:27:05,662 [ERROR] [SystrayMonitor] [root/app_icons.py:282]: GetIconInfo failed: 0
2026-08-27 19:07:40,871 [INFO] [MainThread] [root/controller.py:35]: Exiting Application...
2026-08-27 19:07:40,985 [INFO] [MainThread] [cli_server/cli_server.py:112]: Log pipe server stopped
2026-08-27 19:07:40,985 [DEBUG] [MainThread] [cli_server/cli_server.py:206]: CLI server stopped
2026-08-27 19:07:41,250 [INFO] [MainThread] [root/bar_manager.py:92]: Stopping WindowsNotificationEventListener...
2026-08-27 19:07:41,251 [INFO] [MainThread] [root/bar_manager.py:92]: Stopping KomorebiEventListener...
2026-08-27 19:07:41,251 [INFO] [MainThread] [root/bar_manager.py:92]: Stopping SystemEventListener...
2026-08-27 19:07:41,260 [DEBUG] [MainThread] [systray_widget/systray.py:504]: Saving state to disk
2026-08-27 19:07:41,261 [DEBUG] [MainThread] [systray_widget/systray.py:508]: Saving state to C:\Users\Srinath\AppData\Local\YASB\systray_state_ACERTECHNOLOGIESVG271UM31322131231233.json
2026-08-27 19:07:41,277 [DEBUG] [MainThread] [systray_widget/utils.py:96]: Destroying window 67084
2026-08-27 19:07:41,298 [DEBUG] [MainThread] [qasync._windows._EventPoller/_windows.py:220]: Stopping worker thread...
2026-08-27 19:07:41,299 [DEBUG] [Dummy-9] [qasync._windows._EventWorker/_windows.py:204]: Exiting thread
2026-08-27 19:07:41,303 [DEBUG] [MainThread] [qasync._windows._IocpProactor/_windows.py:78]: Closing
2026-08-28 05:22:23,409 [INFO] [MainThread] [root/log.py:69]: YASB v1.8.5
2026-08-28 05:22:23,411 [INFO] [Thread-1 (_run_server)] [cli_server/cli_server.py:212]: CLI server started v1.1.4
2026-08-28 05:22:23,411 [INFO] [MainThread] [cli_server/cli_server.py:104]: Log pipe server started
2026-08-28 05:22:25,536 [INFO] [MainThread] [root/service.py:48]: AudioOutputService starting...
2026-08-28 05:22:27,421 [INFO] [MainThread] [root/bar_manager.py:85]: Starting KomorebiEventListener...
2026-08-28 05:22:27,422 [INFO] [MainThread] [root/bar_manager.py:85]: Starting WindowsNotificationEventListener...
2026-08-28 05:22:27,423 [INFO] [Dummy-4] [root/event_listener.py:51]: Created named pipe yasb-5bbc11ca-a272-11f1-8a21-b48c9d368940
2026-08-28 05:22:27,424 [INFO] [MainThread] [root/bar_manager.py:85]: Starting SystemEventListener...
2026-08-28 05:22:27,425 [INFO] [MainThread] [root/watcher.py:54]: Created file watcher for path C:\Users\Srinath\.config\yasb
2026-08-28 05:22:27,599 [INFO] [MainThread] [root/update_service.py:404]: Background update checker started
2026-08-28 05:22:27,599 [DEBUG] [MainThread] [qasync._windows._EventPoller/_windows.py:215]: Starting (proactor: <_IocpProactor overlapped#=0 result#=0>)...
2026-08-28 05:22:27,602 [DEBUG] [Dummy-9] [qasync._windows._EventWorker/_windows.py:195]: Thread started
2026-08-28 05:22:27,605 [DEBUG] [MainThread] [systray_widget/systray.py:526]: Loading state from C:\Users\Srinath\AppData\Local\YASB\systray_state_MLTDDISPLAY1.json
2026-08-28 05:22:27,647 [DEBUG] [SystrayMonitor] [systray_widget/systray.py:57]: Systray thread is starting...
2026-08-28 05:22:28,122 [DEBUG] [MainThread] [systray_widget/systray.py:277]: Systray thread started
2026-08-28 05:22:28,324 [DEBUG] [SystrayMonitor] [systray_widget/systray_monitor.py:164]: Adding TaskbandHWND prop to hwnd 132492
2026-08-28 05:22:28,333 [DEBUG] [SystrayMonitor] [systray_widget/systray_monitor.py:242]: Finding real tray hwnd
2026-08-28 05:22:28,336 [DEBUG] [MainThread] [systray_widget/systray_monitor.py:157]: Sending TaskbarCreated message: 49366
2026-08-28 05:25:09,567 [ERROR] [SystrayMonitor] [root/app_icons.py:282]: GetIconInfo failed: 0
2026-08-28 05:30:32,392 [INFO] [MainThread] [root/controller.py:15]: Reloading Application because of config change.
2026-08-28 05:30:32,505 [INFO] [MainThread] [cli_server/cli_server.py:112]: Log pipe server stopped
2026-08-28 05:30:32,505 [DEBUG] [MainThread] [cli_server/cli_server.py:206]: CLI server stopped
2026-08-28 05:30:32,534 [INFO] [MainThread] [root/bar_manager.py:76]: Successfully loaded updated config and re-initialised all bars.
2026-08-28 05:30:32,636 [INFO] [MainThread] [root/bar_manager.py:92]: Stopping KomorebiEventListener...
2026-08-28 05:30:32,636 [INFO] [MainThread] [root/bar_manager.py:92]: Stopping WindowsNotificationEventListener...
2026-08-28 05:30:32,637 [INFO] [MainThread] [root/bar_manager.py:92]: Stopping SystemEventListener...
2026-08-28 05:30:32,642 [DEBUG] [MainThread] [systray_widget/systray.py:504]: Saving state to disk
2026-08-28 05:30:32,643 [DEBUG] [MainThread] [systray_widget/systray.py:508]: Saving state to C:\Users\Srinath\AppData\Local\YASB\systray_state_MLTDDISPLAY1.json
2026-08-28 05:30:32,644 [DEBUG] [MainThread] [systray_widget/utils.py:96]: Destroying window 132492
2026-08-28 05:30:32,653 [DEBUG] [MainThread] [qasync._windows._EventPoller/_windows.py:220]: Stopping worker thread...
2026-08-28 05:30:32,662 [DEBUG] [Dummy-9] [qasync._windows._EventWorker/_windows.py:204]: Exiting thread
2026-08-28 05:30:32,676 [DEBUG] [MainThread] [qasync._windows._IocpProactor/_windows.py:78]: Closing
2026-08-28 05:30:32,782 [DEBUG] [MainThread] [systray_widget/utils.py:96]: Destroying window 132492
2026-08-28 05:30:33,070 [INFO] [MainThread] [root/log.py:69]: YASB v1.8.5
2026-08-28 05:30:33,071 [INFO] [Thread-1 (_run_server)] [cli_server/cli_server.py:212]: CLI server started v1.1.4
2026-08-28 05:30:33,071 [INFO] [MainThread] [cli_server/cli_server.py:104]: Log pipe server started
2026-08-28 05:30:34,022 [INFO] [MainThread] [root/service.py:48]: AudioOutputService starting...
2026-08-28 05:30:34,864 [INFO] [MainThread] [root/bar_manager.py:85]: Starting WindowsNotificationEventListener...
2026-08-28 05:30:34,865 [INFO] [MainThread] [root/bar_manager.py:85]: Starting SystemEventListener...
2026-08-28 05:30:34,865 [INFO] [MainThread] [root/bar_manager.py:85]: Starting KomorebiEventListener...
2026-08-28 05:30:34,865 [ERROR] [MainThread] [root/widget_builder.py:100]: Failed to validate widget(s) due to invalid options  - ubuntu_boot
      tooltip:
      - must be of boolean type
      
2026-08-28 05:30:34,869 [INFO] [Dummy-4] [root/event_listener.py:51]: Created named pipe yasb-7e460b57-a273-11f1-934f-b48c9d368940
2026-08-28 05:30:34,904 [INFO] [MainThread] [root/watcher.py:54]: Created file watcher for path C:\Users\Srinath\.config\yasb
2026-08-28 05:30:34,960 [INFO] [MainThread] [root/update_service.py:404]: Background update checker started
2026-08-28 05:30:34,960 [DEBUG] [MainThread] [qasync._windows._EventPoller/_windows.py:215]: Starting (proactor: <_IocpProactor overlapped#=0 result#=0>)...
2026-08-28 05:30:34,962 [DEBUG] [Dummy-9] [qasync._windows._EventWorker/_windows.py:195]: Thread started
2026-08-28 05:30:34,964 [DEBUG] [MainThread] [systray_widget/systray.py:526]: Loading state from C:\Users\Srinath\AppData\Local\YASB\systray_state_MLTDDISPLAY1.json
2026-08-28 05:30:34,970 [DEBUG] [SystrayMonitor] [systray_widget/systray.py:57]: Systray thread is starting...
2026-08-28 05:30:35,122 [DEBUG] [MainThread] [systray_widget/systray.py:277]: Systray thread started
2026-08-28 05:30:35,342 [DEBUG] [SystrayMonitor] [systray_widget/systray_monitor.py:164]: Adding TaskbandHWND prop to hwnd 198082
2026-08-28 05:30:35,348 [DEBUG] [SystrayMonitor] [systray_widget/systray_monitor.py:242]: Finding real tray hwnd
2026-08-28 05:30:35,351 [DEBUG] [MainThread] [systray_widget/systray_monitor.py:157]: Sending TaskbarCreated message: 49366
2026-08-28 05:30:47,800 [INFO] [MainThread] [root/controller.py:15]: Reloading Application because of config change.
2026-08-28 05:30:47,905 [INFO] [MainThread] [cli_server/cli_server.py:112]: Log pipe server stopped
2026-08-28 05:30:47,905 [DEBUG] [MainThread] [cli_server/cli_server.py:206]: CLI server stopped
2026-08-28 05:30:48,009 [INFO] [MainThread] [root/bar_manager.py:76]: Successfully loaded updated config and re-initialised all bars.
2026-08-28 05:30:48,108 [INFO] [MainThread] [root/bar_manager.py:92]: Stopping WindowsNotificationEventListener...
2026-08-28 05:30:48,109 [INFO] [MainThread] [root/bar_manager.py:92]: Stopping SystemEventListener...
2026-08-28 05:30:48,109 [INFO] [MainThread] [root/bar_manager.py:92]: Stopping KomorebiEventListener...
2026-08-28 05:30:48,114 [DEBUG] [MainThread] [systray_widget/systray.py:504]: Saving state to disk
2026-08-28 05:30:48,115 [DEBUG] [MainThread] [systray_widget/systray.py:508]: Saving state to C:\Users\Srinath\AppData\Local\YASB\systray_state_MLTDDISPLAY1.json
2026-08-28 05:30:48,127 [DEBUG] [MainThread] [systray_widget/utils.py:96]: Destroying window 198082
2026-08-28 05:30:48,134 [DEBUG] [MainThread] [qasync._windows._EventPoller/_windows.py:220]: Stopping worker thread...
2026-08-28 05:30:48,137 [DEBUG] [Dummy-9] [qasync._windows._EventWorker/_windows.py:204]: Exiting thread
2026-08-28 05:30:48,139 [DEBUG] [MainThread] [qasync._windows._IocpProactor/_windows.py:78]: Closing
2026-08-28 05:30:48,235 [DEBUG] [MainThread] [systray_widget/utils.py:96]: Destroying window 198082
2026-08-28 05:30:49,447 [INFO] [MainThread] [root/log.py:69]: YASB v1.8.5
2026-08-28 05:30:49,448 [INFO] [Thread-1 (_run_server)] [cli_server/cli_server.py:212]: CLI server started v1.1.4
2026-08-28 05:30:49,448 [INFO] [MainThread] [cli_server/cli_server.py:104]: Log pipe server started
2026-08-28 05:30:50,887 [INFO] [MainThread] [root/service.py:48]: AudioOutputService starting...
2026-08-28 05:30:52,411 [INFO] [MainThread] [root/bar_manager.py:85]: Starting WindowsNotificationEventListener...
2026-08-28 05:30:52,413 [INFO] [MainThread] [root/bar_manager.py:85]: Starting KomorebiEventListener...
2026-08-28 05:30:52,413 [INFO] [MainThread] [root/bar_manager.py:85]: Starting SystemEventListener...
2026-08-28 05:30:52,418 [INFO] [Dummy-4] [root/event_listener.py:51]: Created named pipe yasb-88bba609-a273-11f1-a43a-b48c9d368940
2026-08-28 05:30:52,419 [INFO] [MainThread] [root/watcher.py:54]: Created file watcher for path C:\Users\Srinath\.config\yasb
2026-08-28 05:30:52,537 [INFO] [MainThread] [root/update_service.py:404]: Background update checker started
2026-08-28 05:30:52,537 [DEBUG] [MainThread] [qasync._windows._EventPoller/_windows.py:215]: Starting (proactor: <_IocpProactor overlapped#=0 result#=0>)...
2026-08-28 05:30:52,538 [DEBUG] [Dummy-9] [qasync._windows._EventWorker/_windows.py:195]: Thread started
2026-08-28 05:30:52,540 [DEBUG] [MainThread] [systray_widget/systray.py:526]: Loading state from C:\Users\Srinath\AppData\Local\YASB\systray_state_MLTDDISPLAY1.json
2026-08-28 05:30:52,545 [DEBUG] [SystrayMonitor] [systray_widget/systray.py:57]: Systray thread is starting...
2026-08-28 05:30:52,793 [DEBUG] [MainThread] [systray_widget/systray.py:277]: Systray thread started
2026-08-28 05:30:52,994 [DEBUG] [SystrayMonitor] [systray_widget/systray_monitor.py:164]: Adding TaskbandHWND prop to hwnd 198042
2026-08-28 05:30:53,000 [DEBUG] [SystrayMonitor] [systray_widget/systray_monitor.py:242]: Finding real tray hwnd
2026-08-28 05:30:53,004 [DEBUG] [MainThread] [systray_widget/systray_monitor.py:157]: Sending TaskbarCreated message: 49366
2026-08-28 05:31:00,195 [INFO] [MainThread] [root/bar_manager.py:92]: Stopping WindowsNotificationEventListener...
2026-08-28 05:31:00,196 [INFO] [MainThread] [root/bar_manager.py:92]: Stopping KomorebiEventListener...
2026-08-28 05:31:00,196 [INFO] [MainThread] [root/bar_manager.py:92]: Stopping SystemEventListener...
2026-08-28 05:31:00,198 [DEBUG] [MainThread] [systray_widget/systray.py:504]: Saving state to disk
2026-08-28 05:31:00,199 [DEBUG] [MainThread] [systray_widget/systray.py:508]: Saving state to C:\Users\Srinath\AppData\Local\YASB\systray_state_MLTDDISPLAY1.json
2026-08-28 05:31:00,201 [DEBUG] [MainThread] [systray_widget/utils.py:96]: Destroying window 198042
2026-08-28 06:18:14,422 [INFO] [MainThread] [root/log.py:69]: YASB v1.8.5
2026-08-28 06:18:14,424 [INFO] [Thread-1 (_run_server)] [cli_server/cli_server.py:212]: CLI server started v1.1.4
2026-08-28 06:18:14,425 [INFO] [MainThread] [cli_server/cli_server.py:104]: Log pipe server started
2026-08-28 06:18:16,130 [INFO] [MainThread] [root/service.py:48]: AudioOutputService starting...
2026-08-28 06:18:17,715 [INFO] [MainThread] [root/bar_manager.py:85]: Starting KomorebiEventListener...
2026-08-28 06:18:17,716 [INFO] [MainThread] [root/bar_manager.py:85]: Starting SystemEventListener...
2026-08-28 06:18:17,716 [INFO] [MainThread] [root/bar_manager.py:85]: Starting WindowsNotificationEventListener...
2026-08-28 06:18:17,717 [INFO] [Dummy-4] [root/event_listener.py:51]: Created named pipe yasb-28aa5afc-a27a-11f1-962d-b48c9d368940
2026-08-28 06:18:17,718 [INFO] [MainThread] [root/watcher.py:54]: Created file watcher for path C:\Users\Srinath\.config\yasb
2026-08-28 06:18:17,886 [INFO] [MainThread] [root/update_service.py:404]: Background update checker started
2026-08-28 06:18:17,886 [DEBUG] [MainThread] [qasync._windows._EventPoller/_windows.py:215]: Starting (proactor: <_IocpProactor overlapped#=0 result#=0>)...
2026-08-28 06:18:17,888 [DEBUG] [Dummy-9] [qasync._windows._EventWorker/_windows.py:195]: Thread started
2026-08-28 06:18:17,892 [DEBUG] [MainThread] [systray_widget/systray.py:526]: Loading state from C:\Users\Srinath\AppData\Local\YASB\systray_state_MLTDDISPLAY1.json
2026-08-28 06:18:17,906 [DEBUG] [SystrayMonitor] [systray_widget/systray.py:57]: Systray thread is starting...
2026-08-28 06:18:18,298 [DEBUG] [MainThread] [systray_widget/systray.py:277]: Systray thread started
2026-08-28 06:18:18,500 [DEBUG] [SystrayMonitor] [systray_widget/systray_monitor.py:164]: Adding TaskbandHWND prop to hwnd 66878
2026-08-28 06:18:18,510 [DEBUG] [SystrayMonitor] [systray_widget/systray_monitor.py:242]: Finding real tray hwnd
2026-08-28 06:18:18,514 [DEBUG] [MainThread] [systray_widget/systray_monitor.py:157]: Sending TaskbarCreated message: 49366
2026-08-28 06:32:03,064 [INFO] [MainThread] [root/bar_manager.py:92]: Stopping KomorebiEventListener...
2026-08-28 06:32:03,064 [INFO] [MainThread] [root/bar_manager.py:92]: Stopping SystemEventListener...
2026-08-28 06:32:03,064 [INFO] [MainThread] [root/bar_manager.py:92]: Stopping WindowsNotificationEventListener...
2026-08-28 06:32:03,066 [DEBUG] [MainThread] [systray_widget/systray.py:504]: Saving state to disk
2026-08-28 06:32:03,067 [DEBUG] [MainThread] [systray_widget/systray.py:508]: Saving state to C:\Users\Srinath\AppData\Local\YASB\systray_state_MLTDDISPLAY1.json
2026-08-28 06:32:03,068 [DEBUG] [MainThread] [systray_widget/utils.py:96]: Destroying window 66878
2026-08-28 07:20:16,120 [INFO] [MainThread] [root/log.py:69]: YASB v1.8.5
2026-08-28 07:20:16,125 [INFO] [Thread-1 (_run_server)] [cli_server/cli_server.py:212]: CLI server started v1.1.4
2026-08-28 07:20:16,125 [INFO] [MainThread] [cli_server/cli_server.py:104]: Log pipe server started
2026-08-28 07:20:18,050 [INFO] [MainThread] [root/service.py:48]: AudioOutputService starting...
2026-08-28 07:20:19,658 [INFO] [MainThread] [root/bar_manager.py:85]: Starting KomorebiEventListener...
2026-08-28 07:20:19,659 [INFO] [MainThread] [root/bar_manager.py:85]: Starting SystemEventListener...
2026-08-28 07:20:19,659 [INFO] [MainThread] [root/bar_manager.py:85]: Starting WindowsNotificationEventListener...
2026-08-28 07:20:19,661 [INFO] [Dummy-4] [root/event_listener.py:51]: Created named pipe yasb-d31ddad6-a282-11f1-8750-b48c9d368940
2026-08-28 07:20:19,662 [INFO] [MainThread] [root/watcher.py:54]: Created file watcher for path C:\Users\Srinath\.config\yasb
2026-08-28 07:20:19,828 [INFO] [MainThread] [root/update_service.py:404]: Background update checker started
2026-08-28 07:20:19,828 [DEBUG] [MainThread] [qasync._windows._EventPoller/_windows.py:215]: Starting (proactor: <_IocpProactor overlapped#=0 result#=0>)...
2026-08-28 07:20:19,830 [DEBUG] [Dummy-9] [qasync._windows._EventWorker/_windows.py:195]: Thread started
2026-08-28 07:20:19,834 [DEBUG] [MainThread] [systray_widget/systray.py:526]: Loading state from C:\Users\Srinath\AppData\Local\YASB\systray_state_MLTDDISPLAY1.json
2026-08-28 07:20:19,876 [DEBUG] [SystrayMonitor] [systray_widget/systray.py:57]: Systray thread is starting...
2026-08-28 07:20:20,284 [DEBUG] [MainThread] [systray_widget/systray.py:277]: Systray thread started
2026-08-28 07:20:20,485 [DEBUG] [SystrayMonitor] [systray_widget/systray_monitor.py:164]: Adding TaskbandHWND prop to hwnd 66910
2026-08-28 07:20:20,493 [DEBUG] [SystrayMonitor] [systray_widget/systray_monitor.py:242]: Finding real tray hwnd
2026-08-28 07:20:20,497 [DEBUG] [MainThread] [systray_widget/systray_monitor.py:157]: Sending TaskbarCreated message: 49353
2026-08-28 07:21:10,719 [ERROR] [SystrayMonitor] [root/app_icons.py:282]: GetIconInfo failed: 0
2026-08-29 08:45:45,182 [ERROR] [MainThread] [root/gpu.py:170]: Error updating shared GPU data: Command '['C:\\WINDOWS\\system32\\nvidia-smi.EXE', '--query-gpu=index,utilization.gpu,memory.total,memory.used,memory.free,temperature.gpu,fan.speed', '--format=csv,noheader,nounits']' timed out after 2 seconds
2026-08-29 08:46:11,832 [INFO] [MainThread] [root/bar_manager.py:80]: Screens updated. Re-initialising all bars.
2026-08-29 08:46:11,832 [INFO] [MainThread] [root/controller.py:15]: Reloading Application because of screen update.
2026-08-29 08:46:11,935 [INFO] [MainThread] [cli_server/cli_server.py:112]: Log pipe server stopped
2026-08-29 08:46:11,935 [DEBUG] [MainThread] [cli_server/cli_server.py:206]: CLI server stopped
2026-08-29 08:46:13,273 [INFO] [MainThread] [root/log.py:69]: YASB v1.8.5
2026-08-29 08:46:13,275 [INFO] [Thread-1 (_run_server)] [cli_server/cli_server.py:212]: CLI server started v1.1.4
2026-08-29 08:46:13,275 [INFO] [MainThread] [cli_server/cli_server.py:104]: Log pipe server started
2026-08-29 08:46:13,276 [INFO] [MainThread] [root/main.py:45]: Waiting for previous YASB instance to exit...
2026-08-29 08:46:15,751 [INFO] [MainThread] [root/bar_manager.py:80]: Screens updated. Re-initialising all bars.
2026-08-29 08:46:15,751 [INFO] [MainThread] [root/controller.py:15]: Reloading Application because of screen update.
2026-08-29 08:46:15,852 [INFO] [MainThread] [cli_server/cli_server.py:112]: Log pipe server stopped
2026-08-29 08:46:15,853 [DEBUG] [MainThread] [cli_server/cli_server.py:206]: CLI server stopped
2026-08-29 08:46:16,335 [INFO] [MainThread] [root/bar_manager.py:92]: Stopping KomorebiEventListener...
2026-08-29 08:46:16,335 [INFO] [MainThread] [root/bar_manager.py:92]: Stopping SystemEventListener...
2026-08-29 08:46:16,335 [INFO] [MainThread] [root/bar_manager.py:92]: Stopping WindowsNotificationEventListener...
2026-08-29 08:46:16,354 [DEBUG] [MainThread] [systray_widget/systray.py:504]: Saving state to disk
2026-08-29 08:46:16,355 [DEBUG] [MainThread] [systray_widget/systray.py:508]: Saving state to C:\Users\Srinath\AppData\Local\YASB\systray_state_MLTDDISPLAY1.json
2026-08-29 08:46:16,358 [DEBUG] [MainThread] [systray_widget/utils.py:96]: Destroying window 66910
2026-08-29 08:46:17,249 [DEBUG] [MainThread] [qasync._windows._EventPoller/_windows.py:220]: Stopping worker thread...
2026-08-29 08:46:17,262 [DEBUG] [Dummy-9] [qasync._windows._EventWorker/_windows.py:204]: Exiting thread
2026-08-29 08:46:17,267 [DEBUG] [MainThread] [qasync._windows._IocpProactor/_windows.py:78]: Closing
2026-08-29 08:46:17,379 [DEBUG] [MainThread] [systray_widget/utils.py:96]: Destroying window 66910
2026-08-29 08:46:17,532 [INFO] [MainThread] [root/main.py:71]: Previous instance exited, continuing startup.
2026-08-29 08:46:17,948 [INFO] [MainThread] [root/log.py:69]: YASB v1.8.5
2026-08-29 08:46:17,950 [INFO] [Thread-1 (_run_server)] [cli_server/cli_server.py:212]: CLI server started v1.1.4
2026-08-29 08:46:17,951 [INFO] [MainThread] [cli_server/cli_server.py:104]: Log pipe server started
2026-08-29 08:46:17,952 [INFO] [MainThread] [root/main.py:45]: Waiting for previous YASB instance to exit...
2026-08-29 08:46:20,259 [INFO] [MainThread] [root/service.py:48]: AudioOutputService starting...
2026-08-29 08:46:22,075 [INFO] [MainThread] [root/bar_manager.py:85]: Starting WindowsNotificationEventListener...
2026-08-29 08:46:22,076 [INFO] [MainThread] [root/bar_manager.py:85]: Starting SystemEventListener...
2026-08-29 08:46:22,077 [INFO] [MainThread] [root/bar_manager.py:85]: Starting KomorebiEventListener...
2026-08-29 08:46:22,078 [INFO] [MainThread] [root/watcher.py:54]: Created file watcher for path C:\Users\Srinath\.config\yasb
2026-08-29 08:46:22,279 [INFO] [Dummy-6] [root/event_listener.py:51]: Created named pipe yasb-02922bfe-a358-11f1-973a-b48c9d368940
2026-08-29 08:46:22,383 [INFO] [MainThread] [root/update_service.py:404]: Background update checker started
2026-08-29 08:46:22,383 [DEBUG] [MainThread] [qasync._windows._EventPoller/_windows.py:215]: Starting (proactor: <_IocpProactor overlapped#=0 result#=0>)...
2026-08-29 08:46:22,389 [DEBUG] [Dummy-9] [qasync._windows._EventWorker/_windows.py:195]: Thread started
2026-08-29 08:46:22,432 [DEBUG] [MainThread] [systray_widget/systray.py:526]: Loading state from C:\Users\Srinath\AppData\Local\YASB\systray_state_ACERTECHNOLOGIESVG271UM31322131231233.json
2026-08-29 08:46:22,495 [DEBUG] [SystrayMonitor] [systray_widget/systray.py:57]: Systray thread is starting...
2026-08-29 08:46:23,943 [DEBUG] [MainThread] [systray_widget/systray.py:277]: Systray thread started
2026-08-29 08:46:24,213 [DEBUG] [SystrayMonitor] [systray_widget/systray_monitor.py:242]: Finding real tray hwnd
2026-08-29 08:46:24,382 [DEBUG] [SystrayMonitor] [systray_widget/systray_monitor.py:164]: Adding TaskbandHWND prop to hwnd 4261304
2026-08-29 08:46:24,403 [DEBUG] [MainThread] [systray_widget/systray_monitor.py:157]: Sending TaskbarCreated message: 49353
2026-08-29 08:46:27,966 [ERROR] [MainThread] [root/main.py:68]: Timeout waiting for previous instance. Aborting start.
2026-08-29 08:49:34,439 [INFO] [MainThread] [root/log.py:69]: YASB v1.8.5
2026-08-29 08:49:34,440 [INFO] [Thread-1 (_run_server)] [cli_server/cli_server.py:212]: CLI server started v1.1.4
2026-08-29 08:49:34,441 [INFO] [MainThread] [cli_server/cli_server.py:104]: Log pipe server started
2026-08-29 08:49:35,892 [INFO] [MainThread] [root/service.py:48]: AudioOutputService starting...
2026-08-29 08:49:36,831 [INFO] [MainThread] [root/bar_manager.py:85]: Starting KomorebiEventListener...
2026-08-29 08:49:36,832 [INFO] [MainThread] [root/bar_manager.py:85]: Starting SystemEventListener...
2026-08-29 08:49:36,832 [INFO] [MainThread] [root/bar_manager.py:85]: Starting WindowsNotificationEventListener...
2026-08-29 08:49:36,833 [INFO] [Dummy-4] [root/event_listener.py:51]: Created named pipe yasb-76a75287-a358-11f1-b1c0-b48c9d368940
2026-08-29 08:49:36,835 [INFO] [MainThread] [root/watcher.py:54]: Created file watcher for path C:\Users\Srinath\.config\yasb
2026-08-29 08:49:37,013 [INFO] [MainThread] [root/update_service.py:404]: Background update checker started
2026-08-29 08:49:37,013 [DEBUG] [MainThread] [qasync._windows._EventPoller/_windows.py:215]: Starting (proactor: <_IocpProactor overlapped#=0 result#=0>)...
2026-08-29 08:49:37,015 [DEBUG] [Dummy-9] [qasync._windows._EventWorker/_windows.py:195]: Thread started
2026-08-29 08:49:37,018 [DEBUG] [MainThread] [systray_widget/systray.py:526]: Loading state from C:\Users\Srinath\AppData\Local\YASB\systray_state_ACERTECHNOLOGIESVG271UM31322131231233.json
2026-08-29 08:49:37,042 [DEBUG] [SystrayMonitor] [systray_widget/systray.py:57]: Systray thread is starting...
2026-08-29 08:49:37,282 [DEBUG] [MainThread] [systray_widget/systray.py:277]: Systray thread started
2026-08-29 08:49:37,437 [DEBUG] [SystrayMonitor] [systray_widget/systray_monitor.py:242]: Finding real tray hwnd
2026-08-29 08:49:37,484 [DEBUG] [SystrayMonitor] [systray_widget/systray_monitor.py:164]: Adding TaskbandHWND prop to hwnd 66978
2026-08-29 08:49:37,517 [DEBUG] [MainThread] [systray_widget/systray_monitor.py:157]: Sending TaskbarCreated message: 49367
2026-08-29 20:27:15,583 [INFO] [MainThread] [root/bar_manager.py:80]: Screens updated. Re-initialising all bars.
2026-08-29 20:27:15,583 [INFO] [MainThread] [root/controller.py:15]: Reloading Application because of screen update.
2026-08-29 20:27:15,686 [INFO] [MainThread] [cli_server/cli_server.py:112]: Log pipe server stopped
2026-08-29 20:27:15,686 [DEBUG] [MainThread] [cli_server/cli_server.py:206]: CLI server stopped
2026-08-29 20:27:16,295 [INFO] [MainThread] [root/bar_manager.py:80]: Screens updated. Re-initialising all bars.
2026-08-29 20:27:16,295 [INFO] [MainThread] [root/controller.py:15]: Reloading Application because of screen update.
2026-08-29 20:27:16,405 [INFO] [MainThread] [cli_server/cli_server.py:112]: Log pipe server stopped
2026-08-29 20:27:16,406 [DEBUG] [MainThread] [cli_server/cli_server.py:206]: CLI server stopped
2026-08-29 20:27:16,661 [INFO] [MainThread] [root/bar_manager.py:92]: Stopping KomorebiEventListener...
2026-08-29 20:27:16,661 [INFO] [MainThread] [root/bar_manager.py:92]: Stopping SystemEventListener...
2026-08-29 20:27:16,661 [INFO] [MainThread] [root/bar_manager.py:92]: Stopping WindowsNotificationEventListener...
2026-08-29 20:27:16,667 [DEBUG] [MainThread] [systray_widget/systray.py:504]: Saving state to disk
2026-08-29 20:27:16,668 [DEBUG] [MainThread] [systray_widget/systray.py:508]: Saving state to C:\Users\Srinath\AppData\Local\YASB\systray_state_ACERTECHNOLOGIESVG271UM31322131231233.json
2026-08-29 20:27:16,682 [DEBUG] [MainThread] [systray_widget/utils.py:96]: Destroying window 66978
2026-08-29 20:27:17,676 [DEBUG] [MainThread] [qasync._windows._EventPoller/_windows.py:220]: Stopping worker thread...
2026-08-29 20:27:17,686 [DEBUG] [Dummy-9] [qasync._windows._EventWorker/_windows.py:204]: Exiting thread
2026-08-29 20:27:17,688 [DEBUG] [MainThread] [qasync._windows._IocpProactor/_windows.py:78]: Closing
2026-08-29 20:27:17,708 [INFO] [MainThread] [root/log.py:69]: YASB v1.8.5
2026-08-29 20:27:17,708 [DEBUG] [MainThread] [systray_widget/utils.py:96]: Destroying window 66978
2026-08-29 20:27:17,709 [INFO] [Thread-1 (_run_server)] [cli_server/cli_server.py:212]: CLI server started v1.1.4
2026-08-29 20:27:17,709 [INFO] [MainThread] [root/log.py:69]: YASB v1.8.5
2026-08-29 20:27:17,709 [INFO] [MainThread] [cli_server/cli_server.py:104]: Log pipe server started
2026-08-29 20:27:17,710 [INFO] [Thread-1 (_run_server)] [cli_server/cli_server.py:212]: CLI server started v1.1.4
2026-08-29 20:27:17,711 [INFO] [MainThread] [cli_server/cli_server.py:104]: Log pipe server started
2026-08-29 20:27:17,711 [INFO] [MainThread] [root/main.py:45]: Waiting for previous YASB instance to exit...
2026-08-29 20:27:19,018 [INFO] [MainThread] [root/service.py:48]: AudioOutputService starting...
2026-08-29 20:27:20,701 [INFO] [MainThread] [root/bar_manager.py:85]: Starting KomorebiEventListener...
2026-08-29 20:27:20,702 [INFO] [MainThread] [root/bar_manager.py:85]: Starting SystemEventListener...
2026-08-29 20:27:20,702 [INFO] [MainThread] [root/bar_manager.py:85]: Starting WindowsNotificationEventListener...
2026-08-29 20:27:20,703 [INFO] [Dummy-4] [root/event_listener.py:51]: Created named pipe yasb-ef76e654-a3b9-11f1-863e-b48c9d368940
2026-08-29 20:27:20,704 [INFO] [MainThread] [root/watcher.py:54]: Created file watcher for path C:\Users\Srinath\.config\yasb
2026-08-29 20:27:20,833 [INFO] [MainThread] [root/update_service.py:404]: Background update checker started
2026-08-29 20:27:20,833 [DEBUG] [MainThread] [qasync._windows._EventPoller/_windows.py:215]: Starting (proactor: <_IocpProactor overlapped#=0 result#=0>)...
2026-08-29 20:27:20,834 [DEBUG] [Dummy-9] [qasync._windows._EventWorker/_windows.py:195]: Thread started
2026-08-29 20:27:20,837 [DEBUG] [MainThread] [systray_widget/systray.py:526]: Loading state from C:\Users\Srinath\AppData\Local\YASB\systray_state_MLTDDISPLAY1.json
2026-08-29 20:27:20,862 [DEBUG] [SystrayMonitor] [systray_widget/systray.py:57]: Systray thread is starting...
2026-08-29 20:27:21,139 [DEBUG] [MainThread] [systray_widget/systray.py:277]: Systray thread started
2026-08-29 20:27:21,159 [DEBUG] [SystrayMonitor] [systray_widget/systray_monitor.py:242]: Finding real tray hwnd
2026-08-29 20:27:21,222 [WARNING] [UpdateChecker] [root/update_service.py:274]: Network error checking for updates: [Errno 11001] getaddrinfo failed
2026-08-29 20:27:21,222 [WARNING] [UpdateChecker] [root/update_service.py:400]: Background update check failed: <urlopen error [Errno 11001] getaddrinfo failed>
2026-08-29 20:27:21,341 [DEBUG] [SystrayMonitor] [systray_widget/systray_monitor.py:164]: Adding TaskbandHWND prop to hwnd 198020
2026-08-29 20:27:21,348 [DEBUG] [MainThread] [systray_widget/systray_monitor.py:157]: Sending TaskbarCreated message: 49367
2026-08-29 20:27:27,726 [ERROR] [MainThread] [root/main.py:68]: Timeout waiting for previous instance. Aborting start.
2026-08-29 23:21:52,144 [INFO] [MainThread] [root/bar_manager.py:92]: Stopping KomorebiEventListener...
2026-08-29 23:21:52,145 [INFO] [MainThread] [root/bar_manager.py:92]: Stopping SystemEventListener...
2026-08-29 23:21:52,145 [INFO] [MainThread] [root/bar_manager.py:92]: Stopping WindowsNotificationEventListener...
2026-08-29 23:21:52,148 [DEBUG] [MainThread] [systray_widget/systray.py:504]: Saving state to disk
2026-08-29 23:21:52,148 [DEBUG] [MainThread] [systray_widget/systray.py:508]: Saving state to C:\Users\Srinath\AppData\Local\YASB\systray_state_MLTDDISPLAY1.json
2026-08-29 23:21:52,170 [DEBUG] [MainThread] [systray_widget/utils.py:96]: Destroying window 198020
2026-08-30 00:00:36,501 [INFO] [MainThread] [root/log.py:69]: YASB v1.8.5
2026-08-30 00:00:36,502 [INFO] [Thread-1 (_run_server)] [cli_server/cli_server.py:212]: CLI server started v1.1.4
2026-08-30 00:00:36,503 [INFO] [MainThread] [cli_server/cli_server.py:104]: Log pipe server started
2026-08-30 00:00:38,097 [INFO] [MainThread] [root/service.py:48]: AudioOutputService starting...
2026-08-30 00:00:39,355 [INFO] [MainThread] [root/bar_manager.py:85]: Starting KomorebiEventListener...
2026-08-30 00:00:39,355 [INFO] [MainThread] [root/bar_manager.py:85]: Starting SystemEventListener...
2026-08-30 00:00:39,356 [INFO] [MainThread] [root/bar_manager.py:85]: Starting WindowsNotificationEventListener...
2026-08-30 00:00:39,356 [INFO] [Dummy-4] [root/event_listener.py:51]: Created named pipe yasb-bc0e799c-a3d7-11f1-a4ad-b48c9d368940
2026-08-30 00:00:39,358 [INFO] [MainThread] [root/watcher.py:54]: Created file watcher for path C:\Users\Srinath\.config\yasb
2026-08-30 00:00:39,517 [INFO] [MainThread] [root/update_service.py:404]: Background update checker started
2026-08-30 00:00:39,518 [DEBUG] [MainThread] [qasync._windows._EventPoller/_windows.py:215]: Starting (proactor: <_IocpProactor overlapped#=0 result#=0>)...
2026-08-30 00:00:39,520 [DEBUG] [Dummy-9] [qasync._windows._EventWorker/_windows.py:195]: Thread started
2026-08-30 00:00:39,524 [DEBUG] [MainThread] [systray_widget/systray.py:526]: Loading state from C:\Users\Srinath\AppData\Local\YASB\systray_state_MLTDDISPLAY1.json
2026-08-30 00:00:39,555 [DEBUG] [SystrayMonitor] [systray_widget/systray.py:57]: Systray thread is starting...
2026-08-30 00:00:39,781 [DEBUG] [MainThread] [systray_widget/systray.py:277]: Systray thread started
2026-08-30 00:00:40,007 [DEBUG] [SystrayMonitor] [systray_widget/systray_monitor.py:164]: Adding TaskbandHWND prop to hwnd 66794
2026-08-30 00:00:40,013 [DEBUG] [SystrayMonitor] [systray_widget/systray_monitor.py:242]: Finding real tray hwnd
2026-08-30 00:00:40,016 [DEBUG] [MainThread] [systray_widget/systray_monitor.py:157]: Sending TaskbarCreated message: 49359
2026-08-30 00:28:54,673 [ERROR] [SystrayMonitor] [root/app_icons.py:282]: GetIconInfo failed: 0
2026-08-30 01:03:43,174 [ERROR] [MainThread] [wifi_widget/wifi.py:193]: Error in wifi widget update: [Errno 11004] getaddrinfo failed
2026-08-30 01:03:47,462 [ERROR] [MainThread] [wifi_widget/wifi.py:193]: Error in wifi widget update: [Errno 11004] getaddrinfo failed
2026-08-30 22:21:07,500 [ERROR] [MainThread] [root/gpu.py:170]: Error updating shared GPU data: Command '['C:\\WINDOWS\\system32\\nvidia-smi.EXE', '--query-gpu=index,utilization.gpu,memory.total,memory.used,memory.free,temperature.gpu,fan.speed', '--format=csv,noheader,nounits']' timed out after 2 seconds
2026-08-31 01:56:24,253 [ERROR] [MainThread] [root/gpu.py:170]: Error updating shared GPU data: Command '['C:\\WINDOWS\\system32\\nvidia-smi.EXE', '--query-gpu=index,utilization.gpu,memory.total,memory.used,memory.free,temperature.gpu,fan.speed', '--format=csv,noheader,nounits']' timed out after 2 seconds
2026-08-31 03:51:14,114 [INFO] [MainThread] [root/controller.py:35]: Exiting Application...
2026-08-31 03:51:14,226 [INFO] [MainThread] [cli_server/cli_server.py:112]: Log pipe server stopped
2026-08-31 03:51:14,226 [DEBUG] [MainThread] [cli_server/cli_server.py:206]: CLI server stopped
2026-08-31 03:51:14,508 [INFO] [MainThread] [root/bar_manager.py:92]: Stopping KomorebiEventListener...
2026-08-31 03:51:14,508 [INFO] [MainThread] [root/bar_manager.py:92]: Stopping SystemEventListener...
2026-08-31 03:51:14,509 [INFO] [MainThread] [root/bar_manager.py:92]: Stopping WindowsNotificationEventListener...
2026-08-31 03:51:14,526 [DEBUG] [MainThread] [systray_widget/systray.py:504]: Saving state to disk
2026-08-31 03:51:14,527 [DEBUG] [MainThread] [systray_widget/systray.py:508]: Saving state to C:\Users\Srinath\AppData\Local\YASB\systray_state_MLTDDISPLAY1.json
2026-08-31 03:51:14,558 [DEBUG] [MainThread] [systray_widget/utils.py:96]: Destroying window 66794
2026-08-31 03:51:14,618 [DEBUG] [MainThread] [qasync._windows._EventPoller/_windows.py:220]: Stopping worker thread...
2026-08-31 03:51:14,632 [DEBUG] [Dummy-9] [qasync._windows._EventWorker/_windows.py:204]: Exiting thread
2026-08-31 03:51:14,636 [DEBUG] [MainThread] [qasync._windows._IocpProactor/_windows.py:78]: Closing
2026-08-31 03:51:14,700 [DEBUG] [MainThread] [systray_widget/utils.py:96]: Destroying window 66794
2026-08-31 03:59:54,504 [INFO] [MainThread] [root/log.py:69]: YASB v1.8.5
2026-08-31 03:59:54,506 [INFO] [Thread-1 (_run_server)] [cli_server/cli_server.py:212]: CLI server started v1.1.4
2026-08-31 03:59:54,507 [INFO] [MainThread] [cli_server/cli_server.py:104]: Log pipe server started
2026-08-31 03:59:57,267 [INFO] [MainThread] [root/service.py:48]: AudioOutputService starting...
2026-08-31 03:59:59,399 [INFO] [MainThread] [root/bar_manager.py:85]: Starting SystemEventListener...
2026-08-31 03:59:59,399 [INFO] [MainThread] [root/bar_manager.py:85]: Starting WindowsNotificationEventListener...
2026-08-31 03:59:59,402 [INFO] [MainThread] [root/bar_manager.py:85]: Starting KomorebiEventListener...
2026-08-31 03:59:59,403 [INFO] [MainThread] [root/watcher.py:54]: Created file watcher for path C:\Users\Srinath\.config\yasb
2026-08-31 03:59:59,405 [INFO] [Dummy-6] [root/event_listener.py:51]: Created named pipe yasb-55b97a8b-a4c2-11f1-8242-b48c9d368940
2026-08-31 03:59:59,564 [INFO] [MainThread] [root/update_service.py:404]: Background update checker started
2026-08-31 03:59:59,564 [DEBUG] [MainThread] [qasync._windows._EventPoller/_windows.py:215]: Starting (proactor: <_IocpProactor overlapped#=0 result#=0>)...
2026-08-31 03:59:59,572 [DEBUG] [Dummy-9] [qasync._windows._EventWorker/_windows.py:195]: Thread started
2026-08-31 03:59:59,577 [DEBUG] [MainThread] [systray_widget/systray.py:526]: Loading state from C:\Users\Srinath\AppData\Local\YASB\systray_state_MLTDDISPLAY1.json
2026-08-31 03:59:59,613 [DEBUG] [SystrayMonitor] [systray_widget/systray.py:57]: Systray thread is starting...
2026-08-31 04:00:00,025 [DEBUG] [MainThread] [systray_widget/systray.py:277]: Systray thread started
2026-08-31 04:00:00,268 [DEBUG] [SystrayMonitor] [systray_widget/systray_monitor.py:164]: Adding TaskbandHWND prop to hwnd 66868
2026-08-31 04:00:00,276 [DEBUG] [SystrayMonitor] [systray_widget/systray_monitor.py:242]: Finding real tray hwnd
2026-08-31 04:00:00,279 [DEBUG] [MainThread] [systray_widget/systray_monitor.py:157]: Sending TaskbarCreated message: 49366
2026-08-31 05:22:45,858 [ERROR] [SystrayMonitor] [root/app_icons.py:282]: GetIconInfo failed: 0
2026-08-31 06:11:56,423 [INFO] [MainThread] [root/bar_manager.py:92]: Stopping SystemEventListener...
2026-08-31 06:11:56,423 [INFO] [MainThread] [root/bar_manager.py:92]: Stopping WindowsNotificationEventListener...
2026-08-31 06:11:56,424 [INFO] [MainThread] [root/bar_manager.py:92]: Stopping KomorebiEventListener...
2026-08-31 06:11:56,426 [DEBUG] [MainThread] [systray_widget/systray.py:504]: Saving state to disk
2026-08-31 06:11:56,427 [DEBUG] [MainThread] [systray_widget/systray.py:508]: Saving state to C:\Users\Srinath\AppData\Local\YASB\systray_state_MLTDDISPLAY1.json
2026-08-31 06:11:56,446 [DEBUG] [MainThread] [systray_widget/utils.py:96]: Destroying window 66868
2026-08-31 06:40:34,342 [INFO] [MainThread] [root/log.py:69]: YASB v1.8.5
2026-08-31 06:40:34,343 [INFO] [Thread-1 (_run_server)] [cli_server/cli_server.py:212]: CLI server started v1.1.4
2026-08-31 06:40:34,344 [INFO] [MainThread] [cli_server/cli_server.py:104]: Log pipe server started
2026-08-31 06:40:36,191 [INFO] [MainThread] [root/service.py:48]: AudioOutputService starting...
2026-08-31 06:40:37,907 [INFO] [MainThread] [root/bar_manager.py:85]: Starting KomorebiEventListener...
2026-08-31 06:40:37,908 [INFO] [MainThread] [root/bar_manager.py:85]: Starting WindowsNotificationEventListener...
2026-08-31 06:40:37,909 [INFO] [Dummy-4] [root/event_listener.py:51]: Created named pipe yasb-c6b8b4b3-a4d8-11f1-8394-b48c9d368940
2026-08-31 06:40:37,910 [INFO] [MainThread] [root/bar_manager.py:85]: Starting SystemEventListener...
2026-08-31 06:40:37,910 [INFO] [MainThread] [root/watcher.py:54]: Created file watcher for path C:\Users\Srinath\.config\yasb
2026-08-31 06:40:38,082 [INFO] [MainThread] [root/update_service.py:404]: Background update checker started
2026-08-31 06:40:38,082 [DEBUG] [MainThread] [qasync._windows._EventPoller/_windows.py:215]: Starting (proactor: <_IocpProactor overlapped#=0 result#=0>)...
2026-08-31 06:40:38,084 [DEBUG] [Dummy-9] [qasync._windows._EventWorker/_windows.py:195]: Thread started
2026-08-31 06:40:38,088 [DEBUG] [MainThread] [systray_widget/systray.py:526]: Loading state from C:\Users\Srinath\AppData\Local\YASB\systray_state_MLTDDISPLAY1.json
2026-08-31 06:40:38,134 [DEBUG] [SystrayMonitor] [systray_widget/systray.py:57]: Systray thread is starting...
2026-08-31 06:40:38,559 [DEBUG] [MainThread] [systray_widget/systray.py:277]: Systray thread started
2026-08-31 06:40:38,760 [DEBUG] [SystrayMonitor] [systray_widget/systray_monitor.py:164]: Adding TaskbandHWND prop to hwnd 66876
2026-08-31 06:40:38,768 [DEBUG] [SystrayMonitor] [systray_widget/systray_monitor.py:242]: Finding real tray hwnd
2026-08-31 06:40:38,772 [DEBUG] [MainThread] [systray_widget/systray_monitor.py:157]: Sending TaskbarCreated message: 49366
2026-08-31 06:44:51,550 [ERROR] [MainThread] [wifi_widget/wifi.py:193]: Error in wifi widget update: [WinError -2147024809] The parameter is incorrect.
2026-08-31 07:50:18,339 [ERROR] [SystrayMonitor] [root/app_icons.py:282]: GetIconInfo failed: 0
2026-08-31 11:07:47,886 [ERROR] [MainThread] [wifi_widget/wifi.py:193]: Error in wifi widget update: [Errno 11004] getaddrinfo failed
2026-08-31 20:09:21,545 [ERROR] [MainThread] [root/gpu.py:170]: Error updating shared GPU data: Command '['C:\\WINDOWS\\system32\\nvidia-smi.EXE', '--query-gpu=index,utilization.gpu,memory.total,memory.used,memory.free,temperature.gpu,fan.speed', '--format=csv,noheader,nounits']' timed out after 2 seconds
2026-08-31 22:54:10,958 [INFO] [MainThread] [root/bar_manager.py:92]: Stopping KomorebiEventListener...
2026-08-31 22:54:10,959 [INFO] [MainThread] [root/bar_manager.py:92]: Stopping WindowsNotificationEventListener...
2026-08-31 22:54:10,959 [INFO] [MainThread] [root/bar_manager.py:92]: Stopping SystemEventListener...
2026-08-31 22:54:10,963 [DEBUG] [MainThread] [systray_widget/systray.py:504]: Saving state to disk
2026-08-31 22:54:10,964 [DEBUG] [MainThread] [systray_widget/systray.py:508]: Saving state to C:\Users\Srinath\AppData\Local\YASB\systray_state_MLTDDISPLAY1.json
2026-08-31 22:54:10,986 [DEBUG] [MainThread] [systray_widget/utils.py:96]: Destroying window 66876
2026-09-01 01:44:21,307 [INFO] [MainThread] [root/log.py:69]: YASB v1.8.5
2026-09-01 01:44:21,309 [INFO] [Thread-1 (_run_server)] [cli_server/cli_server.py:212]: CLI server started v1.1.4
2026-09-01 01:44:21,309 [INFO] [MainThread] [cli_server/cli_server.py:104]: Log pipe server started
2026-09-01 01:44:23,719 [INFO] [MainThread] [root/service.py:48]: AudioOutputService starting...
2026-09-01 01:44:25,563 [INFO] [MainThread] [root/bar_manager.py:85]: Starting WindowsNotificationEventListener...
2026-09-01 01:44:25,565 [INFO] [MainThread] [root/bar_manager.py:85]: Starting KomorebiEventListener...
2026-09-01 01:44:25,565 [INFO] [MainThread] [root/bar_manager.py:85]: Starting SystemEventListener...
2026-09-01 01:44:25,566 [INFO] [MainThread] [root/watcher.py:54]: Created file watcher for path C:\Users\Srinath\.config\yasb
2026-09-01 01:44:25,567 [INFO] [Dummy-6] [root/event_listener.py:51]: Created named pipe yasb-8ffe33f5-a578-11f1-8d28-b48c9d368940
2026-09-01 01:44:25,737 [INFO] [MainThread] [root/update_service.py:404]: Background update checker started
2026-09-01 01:44:25,738 [DEBUG] [MainThread] [qasync._windows._EventPoller/_windows.py:215]: Starting (proactor: <_IocpProactor overlapped#=0 result#=0>)...
2026-09-01 01:44:25,740 [DEBUG] [Dummy-9] [qasync._windows._EventWorker/_windows.py:195]: Thread started
2026-09-01 01:44:25,762 [DEBUG] [MainThread] [systray_widget/systray.py:526]: Loading state from C:\Users\Srinath\AppData\Local\YASB\systray_state_MLTDDISPLAY1.json
2026-09-01 01:44:25,819 [DEBUG] [SystrayMonitor] [systray_widget/systray.py:57]: Systray thread is starting...
2026-09-01 01:44:26,448 [DEBUG] [MainThread] [systray_widget/systray.py:277]: Systray thread started
2026-09-01 01:44:26,650 [DEBUG] [SystrayMonitor] [systray_widget/systray_monitor.py:164]: Adding TaskbandHWND prop to hwnd 67076
2026-09-01 01:44:26,655 [DEBUG] [SystrayMonitor] [systray_widget/systray_monitor.py:242]: Finding real tray hwnd
2026-09-01 01:44:26,660 [DEBUG] [MainThread] [systray_widget/systray_monitor.py:157]: Sending TaskbarCreated message: 49323
2026-09-01 01:55:15,662 [INFO] [MainThread] [root/controller.py:35]: Exiting Application...
2026-09-01 01:55:15,771 [INFO] [MainThread] [cli_server/cli_server.py:112]: Log pipe server stopped
2026-09-01 01:55:15,771 [DEBUG] [MainThread] [cli_server/cli_server.py:206]: CLI server stopped
2026-09-01 01:55:15,967 [INFO] [MainThread] [root/bar_manager.py:92]: Stopping WindowsNotificationEventListener...
2026-09-01 01:55:15,968 [INFO] [MainThread] [root/bar_manager.py:92]: Stopping KomorebiEventListener...
2026-09-01 01:55:15,968 [INFO] [MainThread] [root/bar_manager.py:92]: Stopping SystemEventListener...
2026-09-01 01:55:15,978 [DEBUG] [MainThread] [systray_widget/systray.py:504]: Saving state to disk
2026-09-01 01:55:15,979 [DEBUG] [MainThread] [systray_widget/systray.py:508]: Saving state to C:\Users\Srinath\AppData\Local\YASB\systray_state_MLTDDISPLAY1.json
2026-09-01 01:55:16,000 [DEBUG] [MainThread] [systray_widget/utils.py:96]: Destroying window 67076
2026-09-01 01:55:16,018 [DEBUG] [MainThread] [qasync._windows._EventPoller/_windows.py:220]: Stopping worker thread...
2026-09-01 01:55:16,022 [DEBUG] [Dummy-9] [qasync._windows._EventWorker/_windows.py:204]: Exiting thread
2026-09-01 01:55:16,025 [DEBUG] [MainThread] [qasync._windows._IocpProactor/_windows.py:78]: Closing
2026-09-01 01:55:16,048 [DEBUG] [MainThread] [systray_widget/utils.py:96]: Destroying window 67076
2026-09-02 09:00:50,808 [INFO] [MainThread] [root/log.py:69]: YASB v1.8.5
2026-09-02 09:00:50,810 [INFO] [Thread-1 (_run_server)] [cli_server/cli_server.py:212]: CLI server started v1.1.4
2026-09-02 09:00:50,810 [INFO] [MainThread] [cli_server/cli_server.py:104]: Log pipe server started
2026-09-02 09:00:52,700 [INFO] [MainThread] [root/service.py:48]: AudioOutputService starting...
2026-09-02 09:00:53,652 [INFO] [MainThread] [root/bar_manager.py:85]: Starting WindowsNotificationEventListener...
2026-09-02 09:00:53,653 [INFO] [MainThread] [root/bar_manager.py:85]: Starting KomorebiEventListener...
2026-09-02 09:00:53,654 [INFO] [MainThread] [root/bar_manager.py:85]: Starting SystemEventListener...
2026-09-02 09:00:53,654 [INFO] [MainThread] [root/watcher.py:54]: Created file watcher for path C:\Users\Srinath\.config\yasb
2026-09-02 09:00:53,656 [INFO] [Dummy-6] [root/event_listener.py:51]: Created named pipe yasb-b3b9251f-a67e-11f1-b979-b48c9d368940
2026-09-02 09:00:53,775 [INFO] [MainThread] [root/update_service.py:404]: Background update checker started
2026-09-02 09:00:53,775 [DEBUG] [MainThread] [qasync._windows._EventPoller/_windows.py:215]: Starting (proactor: <_IocpProactor overlapped#=0 result#=0>)...
2026-09-02 09:00:53,777 [DEBUG] [Dummy-9] [qasync._windows._EventWorker/_windows.py:195]: Thread started
2026-09-02 09:00:53,780 [DEBUG] [MainThread] [systray_widget/systray.py:526]: Loading state from C:\Users\Srinath\AppData\Local\YASB\systray_state_ACERTECHNOLOGIESVG271UM31322131231233.json
2026-09-02 09:00:53,816 [DEBUG] [SystrayMonitor] [systray_widget/systray.py:57]: Systray thread is starting...
2026-09-02 09:00:54,073 [DEBUG] [MainThread] [systray_widget/systray.py:277]: Systray thread started
2026-09-02 09:00:54,258 [WARNING] [UpdateChecker] [root/update_service.py:274]: Network error checking for updates: [Errno 11001] getaddrinfo failed
2026-09-02 09:00:54,258 [WARNING] [UpdateChecker] [root/update_service.py:400]: Background update check failed: <urlopen error [Errno 11001] getaddrinfo failed>
2026-09-02 09:00:54,275 [DEBUG] [SystrayMonitor] [systray_widget/systray_monitor.py:164]: Adding TaskbandHWND prop to hwnd 66906
2026-09-02 09:00:54,281 [DEBUG] [SystrayMonitor] [systray_widget/systray_monitor.py:242]: Finding real tray hwnd
2026-09-02 09:00:54,285 [DEBUG] [MainThread] [systray_widget/systray_monitor.py:157]: Sending TaskbarCreated message: 49367
2026-09-02 09:45:46,970 [ERROR] [SystrayMonitor] [root/app_icons.py:282]: GetIconInfo failed: 0
2026-09-02 11:28:48,972 [INFO] [MainThread] [root/controller.py:35]: Exiting Application...
2026-09-02 11:28:49,086 [INFO] [MainThread] [cli_server/cli_server.py:112]: Log pipe server stopped
2026-09-02 11:28:49,086 [DEBUG] [MainThread] [cli_server/cli_server.py:206]: CLI server stopped
2026-09-02 11:28:49,212 [INFO] [MainThread] [root/bar_manager.py:92]: Stopping WindowsNotificationEventListener...
2026-09-02 11:28:49,213 [INFO] [MainThread] [root/bar_manager.py:92]: Stopping KomorebiEventListener...
2026-09-02 11:28:49,213 [INFO] [MainThread] [root/bar_manager.py:92]: Stopping SystemEventListener...
2026-09-02 11:28:49,241 [DEBUG] [MainThread] [systray_widget/systray.py:504]: Saving state to disk
2026-09-02 11:28:49,242 [DEBUG] [MainThread] [systray_widget/systray.py:508]: Saving state to C:\Users\Srinath\AppData\Local\YASB\systray_state_ACERTECHNOLOGIESVG271UM31322131231233.json
2026-09-02 11:28:49,257 [DEBUG] [MainThread] [systray_widget/utils.py:96]: Destroying window 66906
2026-09-02 11:28:49,288 [DEBUG] [MainThread] [qasync._windows._EventPoller/_windows.py:220]: Stopping worker thread...
2026-09-02 11:28:49,291 [DEBUG] [Dummy-9] [qasync._windows._EventWorker/_windows.py:204]: Exiting thread
2026-09-02 11:28:49,295 [DEBUG] [MainThread] [qasync._windows._IocpProactor/_windows.py:78]: Closing
2026-09-02 11:28:49,383 [DEBUG] [MainThread] [systray_widget/utils.py:96]: Destroying window 66906
2026-09-03 08:14:22,968 [INFO] [MainThread] [root/log.py:69]: YASB v1.8.5
2026-09-03 08:14:22,970 [INFO] [Thread-1 (_run_server)] [cli_server/cli_server.py:212]: CLI server started v1.1.4
2026-09-03 08:14:22,970 [INFO] [MainThread] [cli_server/cli_server.py:104]: Log pipe server started
2026-09-03 08:14:25,097 [INFO] [MainThread] [root/service.py:48]: AudioOutputService starting...
2026-09-03 08:14:26,457 [INFO] [MainThread] [root/bar_manager.py:85]: Starting SystemEventListener...
2026-09-03 08:14:26,458 [INFO] [MainThread] [root/bar_manager.py:85]: Starting WindowsNotificationEventListener...
2026-09-03 08:14:26,459 [INFO] [MainThread] [root/bar_manager.py:85]: Starting KomorebiEventListener...
2026-09-03 08:14:26,461 [INFO] [MainThread] [root/watcher.py:54]: Created file watcher for path C:\Users\Srinath\.config\yasb
2026-09-03 08:14:26,461 [INFO] [Dummy-6] [root/event_listener.py:51]: Created named pipe yasb-60d6bd94-a741-11f1-b650-b48c9d368940
2026-09-03 08:14:26,615 [INFO] [MainThread] [root/update_service.py:404]: Background update checker started
2026-09-03 08:14:26,616 [DEBUG] [MainThread] [qasync._windows._EventPoller/_windows.py:215]: Starting (proactor: <_IocpProactor overlapped#=0 result#=0>)...
2026-09-03 08:14:26,618 [DEBUG] [Dummy-9] [qasync._windows._EventWorker/_windows.py:195]: Thread started
2026-09-03 08:14:26,622 [DEBUG] [MainThread] [systray_widget/systray.py:526]: Loading state from C:\Users\Srinath\AppData\Local\YASB\systray_state_MLTDACERTECHNOLOGIESVG271UM31322131231233.json
2026-09-03 08:14:26,667 [DEBUG] [SystrayMonitor] [systray_widget/systray.py:57]: Systray thread is starting...
2026-09-03 08:14:27,103 [DEBUG] [MainThread] [systray_widget/systray.py:277]: Systray thread started
2026-09-03 08:14:27,305 [DEBUG] [SystrayMonitor] [systray_widget/systray_monitor.py:164]: Adding TaskbandHWND prop to hwnd 66884
2026-09-03 08:14:27,311 [DEBUG] [SystrayMonitor] [systray_widget/systray_monitor.py:242]: Finding real tray hwnd
2026-09-03 08:14:27,315 [DEBUG] [MainThread] [systray_widget/systray_monitor.py:157]: Sending TaskbarCreated message: 49367
2026-09-03 08:15:31,348 [INFO] [MainThread] [root/bar_manager.py:80]: Screens updated. Re-initialising all bars.
2026-09-03 08:15:31,348 [INFO] [MainThread] [root/controller.py:15]: Reloading Application because of screen update.
2026-09-03 08:15:31,450 [INFO] [MainThread] [cli_server/cli_server.py:112]: Log pipe server stopped
2026-09-03 08:15:31,450 [DEBUG] [MainThread] [cli_server/cli_server.py:206]: CLI server stopped
2026-09-03 08:15:31,920 [INFO] [MainThread] [root/log.py:69]: YASB v1.8.5
2026-09-03 08:15:31,921 [INFO] [Thread-1 (_run_server)] [cli_server/cli_server.py:212]: CLI server started v1.1.4
2026-09-03 08:15:31,921 [INFO] [MainThread] [cli_server/cli_server.py:104]: Log pipe server started
2026-09-03 08:15:31,922 [INFO] [MainThread] [root/main.py:45]: Waiting for previous YASB instance to exit...
2026-09-03 08:15:32,145 [INFO] [MainThread] [root/bar_manager.py:80]: Screens updated. Re-initialising all bars.
2026-09-03 08:15:32,145 [INFO] [MainThread] [root/controller.py:15]: Reloading Application because of screen update.
2026-09-03 08:15:32,260 [INFO] [MainThread] [cli_server/cli_server.py:112]: Log pipe server stopped
2026-09-03 08:15:32,260 [DEBUG] [MainThread] [cli_server/cli_server.py:206]: CLI server stopped
2026-09-03 08:15:33,562 [INFO] [MainThread] [root/bar_manager.py:92]: Stopping SystemEventListener...
2026-09-03 08:15:33,563 [INFO] [MainThread] [root/bar_manager.py:92]: Stopping WindowsNotificationEventListener...
2026-09-03 08:15:33,563 [INFO] [MainThread] [root/bar_manager.py:92]: Stopping KomorebiEventListener...
2026-09-03 08:15:33,575 [DEBUG] [MainThread] [systray_widget/systray.py:504]: Saving state to disk
2026-09-03 08:15:33,576 [DEBUG] [MainThread] [systray_widget/systray.py:508]: Saving state to C:\Users\Srinath\AppData\Local\YASB\systray_state_MLTDACERTECHNOLOGIESVG271UM31322131231233.json
2026-09-03 08:15:33,579 [DEBUG] [MainThread] [systray_widget/utils.py:96]: Destroying window 66884
2026-09-03 08:15:34,221 [DEBUG] [MainThread] [qasync._windows._EventPoller/_windows.py:220]: Stopping worker thread...
2026-09-03 08:15:34,221 [DEBUG] [Dummy-9] [qasync._windows._EventWorker/_windows.py:204]: Exiting thread
2026-09-03 08:15:34,223 [DEBUG] [MainThread] [qasync._windows._IocpProactor/_windows.py:78]: Closing
2026-09-03 08:15:34,238 [DEBUG] [MainThread] [systray_widget/utils.py:96]: Destroying window 66884
2026-09-03 08:15:34,292 [INFO] [MainThread] [root/log.py:69]: YASB v1.8.5
2026-09-03 08:15:34,293 [INFO] [Thread-1 (_run_server)] [cli_server/cli_server.py:212]: CLI server started v1.1.4
2026-09-03 08:15:34,293 [INFO] [MainThread] [cli_server/cli_server.py:104]: Log pipe server started
2026-09-03 08:15:35,252 [INFO] [MainThread] [root/service.py:48]: AudioOutputService starting...
2026-09-03 08:15:35,690 [INFO] [MainThread] [root/bar_manager.py:85]: Starting WindowsNotificationEventListener...
2026-09-03 08:15:35,691 [INFO] [MainThread] [root/bar_manager.py:85]: Starting SystemEventListener...
2026-09-03 08:15:35,691 [INFO] [MainThread] [root/bar_manager.py:85]: Starting KomorebiEventListener...
2026-09-03 08:15:35,692 [INFO] [MainThread] [root/watcher.py:54]: Created file watcher for path C:\Users\Srinath\.config\yasb
2026-09-03 08:15:35,693 [INFO] [Dummy-6] [root/event_listener.py:51]: Created named pipe yasb-8a1ac73b-a741-11f1-bc64-b48c9d368940
2026-09-03 08:15:35,747 [INFO] [MainThread] [root/update_service.py:404]: Background update checker started
2026-09-03 08:15:35,748 [DEBUG] [MainThread] [qasync._windows._EventPoller/_windows.py:215]: Starting (proactor: <_IocpProactor overlapped#=0 result#=0>)...
2026-09-03 08:15:35,750 [DEBUG] [Dummy-9] [qasync._windows._EventWorker/_windows.py:195]: Thread started
2026-09-03 08:15:35,753 [DEBUG] [MainThread] [systray_widget/systray.py:526]: Loading state from C:\Users\Srinath\AppData\Local\YASB\systray_state_ACERTECHNOLOGIESVG271UM31322131231233.json
2026-09-03 08:15:35,767 [DEBUG] [SystrayMonitor] [systray_widget/systray.py:57]: Systray thread is starting...
2026-09-03 08:15:35,966 [DEBUG] [MainThread] [systray_widget/systray.py:277]: Systray thread started
2026-09-03 08:15:36,167 [DEBUG] [SystrayMonitor] [systray_widget/systray_monitor.py:164]: Adding TaskbandHWND prop to hwnd 263508
2026-09-03 08:15:36,171 [DEBUG] [SystrayMonitor] [systray_widget/systray_monitor.py:242]: Finding real tray hwnd
2026-09-03 08:15:36,188 [DEBUG] [MainThread] [systray_widget/systray_monitor.py:157]: Sending TaskbarCreated message: 49367
2026-09-03 08:15:42,065 [ERROR] [MainThread] [root/main.py:68]: Timeout waiting for previous instance. Aborting start.
2026-09-03 08:36:47,435 [ERROR] [SystrayMonitor] [root/app_icons.py:282]: GetIconInfo failed: 0
2026-09-03 08:52:13,207 [INFO] [MainThread] [root/controller.py:35]: Exiting Application...
2026-09-03 08:52:13,311 [INFO] [MainThread] [cli_server/cli_server.py:112]: Log pipe server stopped
2026-09-03 08:52:13,311 [DEBUG] [MainThread] [cli_server/cli_server.py:206]: CLI server stopped
2026-09-03 08:52:13,410 [INFO] [MainThread] [root/bar_manager.py:92]: Stopping WindowsNotificationEventListener...
2026-09-03 08:52:13,411 [INFO] [MainThread] [root/bar_manager.py:92]: Stopping SystemEventListener...
2026-09-03 08:52:13,411 [INFO] [MainThread] [root/bar_manager.py:92]: Stopping KomorebiEventListener...
2026-09-03 08:52:13,416 [DEBUG] [MainThread] [systray_widget/systray.py:504]: Saving state to disk
2026-09-03 08:52:13,417 [DEBUG] [MainThread] [systray_widget/systray.py:508]: Saving state to C:\Users\Srinath\AppData\Local\YASB\systray_state_ACERTECHNOLOGIESVG271UM31322131231233.json
2026-09-03 08:52:13,428 [DEBUG] [MainThread] [systray_widget/utils.py:96]: Destroying window 263508
2026-09-03 08:52:13,498 [DEBUG] [MainThread] [qasync._windows._EventPoller/_windows.py:220]: Stopping worker thread...
2026-09-03 08:52:13,512 [DEBUG] [Dummy-9] [qasync._windows._EventWorker/_windows.py:204]: Exiting thread
2026-09-03 08:52:13,524 [DEBUG] [MainThread] [qasync._windows._IocpProactor/_windows.py:78]: Closing
2026-09-03 08:52:13,615 [DEBUG] [MainThread] [systray_widget/utils.py:96]: Destroying window 263508
2026-09-04 13:42:57,271 [INFO] [MainThread] [root/log.py:69]: YASB v1.8.5
2026-09-04 13:42:57,272 [INFO] [Thread-1 (_run_server)] [cli_server/cli_server.py:212]: CLI server started v1.1.4
2026-09-04 13:42:57,272 [INFO] [MainThread] [cli_server/cli_server.py:104]: Log pipe server started
2026-09-04 13:42:58,860 [INFO] [MainThread] [root/service.py:48]: AudioOutputService starting...
2026-09-04 13:43:00,933 [INFO] [MainThread] [root/bar_manager.py:85]: Starting SystemEventListener...
2026-09-04 13:43:00,933 [INFO] [MainThread] [root/bar_manager.py:85]: Starting KomorebiEventListener...
2026-09-04 13:43:00,934 [INFO] [MainThread] [root/bar_manager.py:85]: Starting WindowsNotificationEventListener...
2026-09-04 13:43:00,935 [INFO] [Dummy-4] [root/event_listener.py:51]: Created named pipe yasb-71fe8d86-a838-11f1-a060-b48c9d368940
2026-09-04 13:43:00,937 [INFO] [MainThread] [root/watcher.py:54]: Created file watcher for path C:\Users\Srinath\.config\yasb
2026-09-04 13:43:01,076 [INFO] [MainThread] [root/update_service.py:404]: Background update checker started
2026-09-04 13:43:01,076 [DEBUG] [MainThread] [qasync._windows._EventPoller/_windows.py:215]: Starting (proactor: <_IocpProactor overlapped#=0 result#=0>)...
2026-09-04 13:43:01,077 [DEBUG] [Dummy-9] [qasync._windows._EventWorker/_windows.py:195]: Thread started
2026-09-04 13:43:01,080 [DEBUG] [MainThread] [systray_widget/systray.py:526]: Loading state from C:\Users\Srinath\AppData\Local\YASB\systray_state_MLTDDISPLAY1.json
2026-09-04 13:43:01,122 [DEBUG] [SystrayMonitor] [systray_widget/systray.py:57]: Systray thread is starting...
2026-09-04 13:43:02,026 [DEBUG] [MainThread] [systray_widget/systray.py:277]: Systray thread started
2026-09-04 13:43:02,228 [DEBUG] [SystrayMonitor] [systray_widget/systray_monitor.py:164]: Adding TaskbandHWND prop to hwnd 67262
2026-09-04 13:43:02,242 [DEBUG] [SystrayMonitor] [systray_widget/systray_monitor.py:242]: Finding real tray hwnd
2026-09-04 13:43:02,555 [DEBUG] [MainThread] [systray_widget/systray_monitor.py:157]: Sending TaskbarCreated message: 49335
2026-09-04 17:07:48,942 [ERROR] [MainThread] [wifi_widget/wifi.py:193]: Error in wifi widget update: [Errno 11004] getaddrinfo failed
2026-09-04 17:49:02,577 [INFO] [MainThread] [root/log.py:69]: YASB v1.8.5
2026-09-04 17:49:02,578 [INFO] [Thread-1 (_run_server)] [cli_server/cli_server.py:212]: CLI server started v1.1.4
2026-09-04 17:49:02,578 [INFO] [MainThread] [cli_server/cli_server.py:104]: Log pipe server started
2026-09-04 17:49:03,976 [INFO] [MainThread] [root/service.py:48]: AudioOutputService starting...
2026-09-04 17:49:05,263 [INFO] [MainThread] [root/bar_manager.py:85]: Starting WindowsNotificationEventListener...
2026-09-04 17:49:05,264 [INFO] [MainThread] [root/bar_manager.py:85]: Starting KomorebiEventListener...
2026-09-04 17:49:05,265 [INFO] [MainThread] [root/bar_manager.py:85]: Starting SystemEventListener...
2026-09-04 17:49:05,265 [INFO] [MainThread] [root/watcher.py:54]: Created file watcher for path C:\Users\Srinath\.config\yasb
2026-09-04 17:49:05,267 [INFO] [Dummy-6] [root/event_listener.py:51]: Created named pipe yasb-d238b45b-a85a-11f1-8cf3-b48c9d368940
2026-09-04 17:49:05,427 [INFO] [MainThread] [root/update_service.py:404]: Background update checker started
2026-09-04 17:49:05,428 [DEBUG] [MainThread] [qasync._windows._EventPoller/_windows.py:215]: Starting (proactor: <_IocpProactor overlapped#=0 result#=0>)...
2026-09-04 17:49:05,430 [DEBUG] [Dummy-9] [qasync._windows._EventWorker/_windows.py:195]: Thread started
2026-09-04 17:49:05,433 [DEBUG] [MainThread] [systray_widget/systray.py:526]: Loading state from C:\Users\Srinath\AppData\Local\YASB\systray_state_MLTDCASIOCOMPUTERCOLTDCASIOPJ16843009.json
2026-09-04 17:49:05,433 [DEBUG] [MainThread] [systray_widget/systray.py:536]: State file not found.
2026-09-04 17:49:05,434 [DEBUG] [SystrayMonitor] [systray_widget/systray.py:57]: Systray thread is starting...
2026-09-04 17:49:07,125 [DEBUG] [SystrayMonitor] [systray_widget/systray_monitor.py:242]: Finding real tray hwnd
2026-09-04 17:49:12,865 [DEBUG] [MainThread] [systray_widget/systray.py:277]: Systray thread started
2026-09-04 17:49:13,067 [DEBUG] [SystrayMonitor] [systray_widget/systray_monitor.py:164]: Adding TaskbandHWND prop to hwnd 67310
2026-09-04 17:49:13,077 [DEBUG] [MainThread] [systray_widget/systray_monitor.py:157]: Sending TaskbarCreated message: 49366
2026-09-04 17:54:22,509 [INFO] [MainThread] [root/bar_manager.py:80]: Screens updated. Re-initialising all bars.
2026-09-04 17:54:22,509 [INFO] [MainThread] [root/controller.py:15]: Reloading Application because of screen update.
2026-09-04 17:54:22,613 [INFO] [MainThread] [cli_server/cli_server.py:112]: Log pipe server stopped
2026-09-04 17:54:22,613 [DEBUG] [MainThread] [cli_server/cli_server.py:206]: CLI server stopped
2026-09-04 17:54:26,374 [INFO] [MainThread] [root/bar_manager.py:80]: Screens updated. Re-initialising all bars.
2026-09-04 17:54:26,374 [INFO] [MainThread] [root/controller.py:15]: Reloading Application because of screen update.
2026-09-04 17:54:26,479 [INFO] [MainThread] [cli_server/cli_server.py:112]: Log pipe server stopped
2026-09-04 17:54:26,479 [DEBUG] [MainThread] [cli_server/cli_server.py:206]: CLI server stopped
2026-09-04 17:54:26,587 [INFO] [MainThread] [root/bar_manager.py:92]: Stopping WindowsNotificationEventListener...
2026-09-04 17:54:26,587 [INFO] [MainThread] [root/bar_manager.py:92]: Stopping KomorebiEventListener...
2026-09-04 17:54:26,587 [INFO] [MainThread] [root/bar_manager.py:92]: Stopping SystemEventListener...
2026-09-04 17:54:26,595 [DEBUG] [MainThread] [systray_widget/systray.py:504]: Saving state to disk
2026-09-04 17:54:26,596 [DEBUG] [MainThread] [systray_widget/systray.py:508]: Saving state to C:\Users\Srinath\AppData\Local\YASB\systray_state_MLTDCASIOCOMPUTERCOLTDCASIOPJ16843009.json
2026-09-04 17:54:26,596 [DEBUG] [MainThread] [systray_widget/systray.py:516]: State file not found.
2026-09-04 17:54:26,597 [DEBUG] [MainThread] [systray_widget/utils.py:96]: Destroying window 67310
2026-09-04 17:54:26,607 [DEBUG] [MainThread] [qasync._windows._EventPoller/_windows.py:220]: Stopping worker thread...
2026-09-04 17:54:26,615 [DEBUG] [Dummy-9] [qasync._windows._EventWorker/_windows.py:204]: Exiting thread
2026-09-04 17:54:26,617 [DEBUG] [MainThread] [qasync._windows._IocpProactor/_windows.py:78]: Closing
2026-09-04 17:54:26,632 [DEBUG] [MainThread] [systray_widget/utils.py:96]: Destroying window 67310
2026-09-04 17:54:27,044 [INFO] [MainThread] [root/log.py:69]: YASB v1.8.5
2026-09-04 17:54:27,045 [INFO] [Thread-1 (_run_server)] [cli_server/cli_server.py:212]: CLI server started v1.1.4
2026-09-04 17:54:27,046 [INFO] [MainThread] [cli_server/cli_server.py:104]: Log pipe server started
2026-09-04 17:54:27,276 [INFO] [MainThread] [root/log.py:69]: YASB v1.8.5
2026-09-04 17:54:27,277 [INFO] [Thread-1 (_run_server)] [cli_server/cli_server.py:212]: CLI server started v1.1.4
2026-09-04 17:54:27,278 [INFO] [MainThread] [cli_server/cli_server.py:104]: Log pipe server started
2026-09-04 17:54:27,278 [INFO] [MainThread] [root/main.py:45]: Waiting for previous YASB instance to exit...
2026-09-04 17:55:14,108 [ERROR] [MainThread] [root/main.py:68]: Timeout waiting for previous instance. Aborting start.
2026-09-04 17:55:15,017 [INFO] [MainThread] [root/service.py:48]: AudioOutputService starting...
2026-09-04 17:55:15,329 [ERROR] [MainThread] [wifi_widget/wifi.py:193]: Error in wifi widget update: [Errno 11004] getaddrinfo failed
2026-09-04 17:55:17,321 [INFO] [MainThread] [root/bar_manager.py:85]: Starting SystemEventListener...
2026-09-04 17:55:17,322 [INFO] [MainThread] [root/bar_manager.py:85]: Starting WindowsNotificationEventListener...
2026-09-04 17:55:17,325 [INFO] [MainThread] [root/bar_manager.py:85]: Starting KomorebiEventListener...
2026-09-04 17:55:17,326 [INFO] [MainThread] [root/watcher.py:54]: Created file watcher for path C:\Users\Srinath\.config\yasb
2026-09-04 17:55:17,382 [INFO] [Dummy-6] [root/event_listener.py:51]: Created named pipe yasb-affcb40e-a85b-11f1-afb2-b48c9d368940
2026-09-04 17:55:17,507 [INFO] [MainThread] [root/update_service.py:404]: Background update checker started
2026-09-04 17:55:17,508 [DEBUG] [MainThread] [qasync._windows._EventPoller/_windows.py:215]: Starting (proactor: <_IocpProactor overlapped#=0 result#=0>)...
2026-09-04 17:55:17,512 [DEBUG] [Dummy-9] [qasync._windows._EventWorker/_windows.py:195]: Thread started
2026-09-04 17:55:17,525 [DEBUG] [MainThread] [systray_widget/systray.py:526]: Loading state from C:\Users\Srinath\AppData\Local\YASB\systray_state_CASIOCOMPUTERCOLTDCASIOPJ16843009.json
2026-09-04 17:55:17,526 [DEBUG] [MainThread] [systray_widget/systray.py:536]: State file not found.
2026-09-04 17:55:17,555 [DEBUG] [SystrayMonitor] [systray_widget/systray.py:57]: Systray thread is starting...
2026-09-04 17:55:17,615 [DEBUG] [SystrayMonitor] [systray_widget/systray_monitor.py:242]: Finding real tray hwnd
2026-09-04 18:24:31,982 [DEBUG] [MainThread] [systray_widget/systray.py:277]: Systray thread started
2026-09-04 18:24:32,183 [DEBUG] [SystrayMonitor] [systray_widget/systray_monitor.py:164]: Adding TaskbandHWND prop to hwnd 656438
2026-09-05 03:49:36,417 [DEBUG] [MainThread] [systray_widget/systray_monitor.py:157]: Sending TaskbarCreated message: 49366
2026-09-05 03:49:37,468 [INFO] [MainThread] [root/bar_manager.py:80]: Screens updated. Re-initialising all bars.
2026-09-05 03:49:37,468 [INFO] [MainThread] [root/controller.py:15]: Reloading Application because of screen update.
2026-09-05 03:49:37,570 [INFO] [MainThread] [cli_server/cli_server.py:112]: Log pipe server stopped
2026-09-05 03:49:37,570 [DEBUG] [MainThread] [cli_server/cli_server.py:206]: CLI server stopped
2026-09-05 03:49:38,144 [INFO] [MainThread] [root/bar_manager.py:80]: Screens updated. Re-initialising all bars.
2026-09-05 03:49:38,144 [INFO] [MainThread] [root/controller.py:15]: Reloading Application because of screen update.
2026-09-05 03:49:38,245 [INFO] [MainThread] [cli_server/cli_server.py:112]: Log pipe server stopped
2026-09-05 03:49:38,245 [DEBUG] [MainThread] [cli_server/cli_server.py:206]: CLI server stopped
2026-09-05 03:49:39,273 [INFO] [MainThread] [root/bar_manager.py:92]: Stopping SystemEventListener...
2026-09-05 03:49:39,274 [INFO] [MainThread] [root/bar_manager.py:92]: Stopping WindowsNotificationEventListener...
2026-09-05 03:49:39,274 [INFO] [MainThread] [root/bar_manager.py:92]: Stopping KomorebiEventListener...
2026-09-05 03:49:39,282 [DEBUG] [MainThread] [systray_widget/systray.py:504]: Saving state to disk
2026-09-05 03:49:39,283 [DEBUG] [MainThread] [systray_widget/systray.py:508]: Saving state to C:\Users\Srinath\AppData\Local\YASB\systray_state_MLTDACERTECHNOLOGIESVG271UM31322131231233.json
2026-09-05 03:49:39,297 [DEBUG] [MainThread] [systray_widget/utils.py:96]: Destroying window 656438
2026-09-05 03:49:39,308 [DEBUG] [MainThread] [qasync._windows._EventPoller/_windows.py:220]: Stopping worker thread...
2026-09-05 03:49:39,309 [DEBUG] [Dummy-9] [qasync._windows._EventWorker/_windows.py:204]: Exiting thread
2026-09-05 03:49:39,313 [DEBUG] [MainThread] [qasync._windows._IocpProactor/_windows.py:78]: Closing
2026-09-05 03:49:39,343 [DEBUG] [MainThread] [systray_widget/utils.py:96]: Destroying window 656438
2026-09-05 03:49:39,645 [INFO] [MainThread] [root/log.py:69]: YASB v1.8.5
2026-09-05 03:49:39,646 [INFO] [Thread-1 (_run_server)] [cli_server/cli_server.py:212]: CLI server started v1.1.4
2026-09-05 03:49:39,647 [INFO] [MainThread] [cli_server/cli_server.py:104]: Log pipe server started
2026-09-05 03:49:39,656 [INFO] [MainThread] [root/log.py:69]: YASB v1.8.5
2026-09-05 03:49:39,657 [INFO] [Thread-1 (_run_server)] [cli_server/cli_server.py:212]: CLI server started v1.1.4
2026-09-05 03:49:39,657 [INFO] [MainThread] [cli_server/cli_server.py:104]: Log pipe server started
2026-09-05 03:49:39,658 [INFO] [MainThread] [root/main.py:45]: Waiting for previous YASB instance to exit...
2026-09-05 03:49:43,548 [INFO] [MainThread] [root/service.py:48]: AudioOutputService starting...
2026-09-05 03:49:44,111 [INFO] [MainThread] [root/bar_manager.py:85]: Starting SystemEventListener...
2026-09-05 03:49:44,111 [INFO] [MainThread] [root/bar_manager.py:85]: Starting WindowsNotificationEventListener...
2026-09-05 03:49:44,112 [INFO] [MainThread] [root/bar_manager.py:85]: Starting KomorebiEventListener...
2026-09-05 03:49:44,113 [INFO] [MainThread] [root/watcher.py:54]: Created file watcher for path C:\Users\Srinath\.config\yasb
2026-09-05 03:49:44,114 [INFO] [Dummy-6] [root/event_listener.py:51]: Created named pipe yasb-bb0c7b87-a8ae-11f1-af88-b48c9d368940
2026-09-05 03:49:44,200 [INFO] [MainThread] [root/update_service.py:404]: Background update checker started
2026-09-05 03:49:44,200 [DEBUG] [MainThread] [qasync._windows._EventPoller/_windows.py:215]: Starting (proactor: <_IocpProactor overlapped#=0 result#=0>)...
2026-09-05 03:49:44,203 [DEBUG] [Dummy-9] [qasync._windows._EventWorker/_windows.py:195]: Thread started
2026-09-05 03:49:44,220 [DEBUG] [MainThread] [systray_widget/systray.py:526]: Loading state from C:\Users\Srinath\AppData\Local\YASB\systray_state_MLTDACERTECHNOLOGIESVG271UM31322131231233.json
2026-09-05 03:49:44,235 [DEBUG] [SystrayMonitor] [systray_widget/systray.py:57]: Systray thread is starting...
2026-09-05 03:49:44,281 [DEBUG] [SystrayMonitor] [systray_widget/systray_monitor.py:242]: Finding real tray hwnd
2026-09-05 03:49:44,535 [DEBUG] [MainThread] [systray_widget/systray.py:277]: Systray thread started
2026-09-05 03:49:44,699 [ERROR] [UpdateChecker] [root/update_service.py:271]: GitHub API HTTP error: 403 rate limit exceeded
2026-09-05 03:49:44,699 [WARNING] [UpdateChecker] [root/update_service.py:400]: Background update check failed: HTTP Error 403: rate limit exceeded
2026-09-05 03:49:44,737 [DEBUG] [SystrayMonitor] [systray_widget/systray_monitor.py:164]: Adding TaskbandHWND prop to hwnd 329780
2026-09-05 03:49:44,745 [DEBUG] [MainThread] [systray_widget/systray_monitor.py:157]: Sending TaskbarCreated message: 49366
2026-09-05 03:49:49,673 [ERROR] [MainThread] [root/main.py:68]: Timeout waiting for previous instance. Aborting start.
2026-09-05 03:53:39,635 [INFO] [MainThread] [root/bar_manager.py:80]: Screens updated. Re-initialising all bars.
2026-09-05 03:53:39,635 [INFO] [MainThread] [root/controller.py:15]: Reloading Application because of screen update.
2026-09-05 03:53:39,737 [INFO] [MainThread] [cli_server/cli_server.py:112]: Log pipe server stopped
2026-09-05 03:53:39,737 [DEBUG] [MainThread] [cli_server/cli_server.py:206]: CLI server stopped
2026-09-05 03:53:40,497 [INFO] [MainThread] [root/bar_manager.py:92]: Stopping SystemEventListener...
2026-09-05 03:53:40,498 [INFO] [MainThread] [root/bar_manager.py:92]: Stopping WindowsNotificationEventListener...
2026-09-05 03:53:40,498 [INFO] [MainThread] [root/bar_manager.py:92]: Stopping KomorebiEventListener...
2026-09-05 03:53:40,507 [DEBUG] [MainThread] [systray_widget/systray.py:504]: Saving state to disk
2026-09-05 03:53:40,507 [DEBUG] [MainThread] [systray_widget/systray.py:508]: Saving state to C:\Users\Srinath\AppData\Local\YASB\systray_state_MLTDACERTECHNOLOGIESVG271UM31322131231233.json
2026-09-05 03:53:40,508 [DEBUG] [MainThread] [systray_widget/utils.py:96]: Destroying window 329780
2026-09-05 03:53:40,523 [DEBUG] [MainThread] [qasync._windows._EventPoller/_windows.py:220]: Stopping worker thread...
2026-09-05 03:53:40,535 [DEBUG] [Dummy-9] [qasync._windows._EventWorker/_windows.py:204]: Exiting thread
2026-09-05 03:53:40,543 [DEBUG] [MainThread] [qasync._windows._IocpProactor/_windows.py:78]: Closing
2026-09-05 03:53:40,598 [DEBUG] [MainThread] [systray_widget/utils.py:96]: Destroying window 329780
2026-09-05 03:53:40,633 [INFO] [MainThread] [root/log.py:69]: YASB v1.8.5
2026-09-05 03:53:40,634 [INFO] [Thread-1 (_run_server)] [cli_server/cli_server.py:212]: CLI server started v1.1.4
2026-09-05 03:53:40,635 [INFO] [MainThread] [cli_server/cli_server.py:104]: Log pipe server started
2026-09-05 03:53:41,957 [INFO] [MainThread] [root/service.py:48]: AudioOutputService starting...
2026-09-05 03:53:42,603 [INFO] [MainThread] [root/bar_manager.py:85]: Starting KomorebiEventListener...
2026-09-05 03:53:42,603 [INFO] [MainThread] [root/bar_manager.py:85]: Starting SystemEventListener...
2026-09-05 03:53:42,603 [INFO] [MainThread] [root/bar_manager.py:85]: Starting WindowsNotificationEventListener...
2026-09-05 03:53:42,604 [INFO] [Dummy-5] [root/event_listener.py:51]: Created named pipe yasb-49334208-a8af-11f1-bb36-b48c9d368940
2026-09-05 03:53:42,605 [INFO] [MainThread] [root/watcher.py:54]: Created file watcher for path C:\Users\Srinath\.config\yasb
2026-09-05 03:53:42,666 [INFO] [MainThread] [root/update_service.py:404]: Background update checker started
2026-09-05 03:53:42,666 [DEBUG] [MainThread] [qasync._windows._EventPoller/_windows.py:215]: Starting (proactor: <_IocpProactor overlapped#=0 result#=0>)...
2026-09-05 03:53:42,668 [DEBUG] [Dummy-10] [qasync._windows._EventWorker/_windows.py:195]: Thread started
2026-09-05 03:53:42,676 [DEBUG] [MainThread] [systray_widget/systray.py:526]: Loading state from C:\Users\Srinath\AppData\Local\YASB\systray_state_MLTDDISPLAY1.json
2026-09-05 03:53:42,697 [DEBUG] [SystrayMonitor] [systray_widget/systray.py:57]: Systray thread is starting...
2026-09-05 03:53:42,913 [DEBUG] [MainThread] [systray_widget/systray.py:526]: Loading state from C:\Users\Srinath\AppData\Local\YASB\systray_state_ACERTECHNOLOGIESVG271UM31322131231233.json
2026-09-05 03:53:43,112 [DEBUG] [MainThread] [systray_widget/systray.py:277]: Systray thread started
2026-09-05 03:53:43,184 [ERROR] [UpdateChecker] [root/update_service.py:271]: GitHub API HTTP error: 403 rate limit exceeded
2026-09-05 03:53:43,185 [WARNING] [UpdateChecker] [root/update_service.py:400]: Background update check failed: HTTP Error 403: rate limit exceeded
2026-09-05 03:53:43,313 [DEBUG] [SystrayMonitor] [systray_widget/systray_monitor.py:164]: Adding TaskbandHWND prop to hwnd 132282
2026-09-05 03:53:43,321 [DEBUG] [MainThread] [systray_widget/systray_monitor.py:157]: Sending TaskbarCreated message: 49366
2026-09-05 03:54:00,105 [DEBUG] [SystrayMonitor] [systray_widget/systray_monitor.py:242]: Finding real tray hwnd
2026-09-05 03:54:00,107 [ERROR] [SystrayMonitor] [root/app_icons.py:282]: GetIconInfo failed: 0
2026-09-05 04:07:29,116 [INFO] [MainThread] [root/bar.py:154]: Screen geometry changed. Updating position for bar status-bar on screen VG271U M3
2026-09-05 04:08:17,066 [INFO] [Dummy-5] [root/event_listener.py:125]: Komorebi connected to named pipe: yasb-49334208-a8af-11f1-bb36-b48c9d368940
2026-09-05 04:08:57,785 [INFO] [MainThread] [root/bar_manager.py:80]: Screens updated. Re-initialising all bars.
2026-09-05 04:08:57,785 [INFO] [MainThread] [root/controller.py:15]: Reloading Application because of screen update.
2026-09-05 04:08:57,887 [INFO] [MainThread] [cli_server/cli_server.py:112]: Log pipe server stopped
2026-09-05 04:08:57,888 [DEBUG] [MainThread] [cli_server/cli_server.py:206]: CLI server stopped
2026-09-05 04:08:57,926 [INFO] [MainThread] [root/bar.py:154]: Screen geometry changed. Updating position for bar status-bar on screen VG271U M3
2026-09-05 04:09:03,347 [INFO] [MainThread] [root/bar_manager.py:92]: Stopping KomorebiEventListener...
2026-09-05 04:09:03,348 [INFO] [MainThread] [root/bar_manager.py:92]: Stopping SystemEventListener...
2026-09-05 04:09:03,348 [INFO] [MainThread] [root/bar_manager.py:92]: Stopping WindowsNotificationEventListener...
2026-09-05 04:09:03,364 [DEBUG] [MainThread] [systray_widget/systray.py:504]: Saving state to disk
2026-09-05 04:09:03,365 [DEBUG] [MainThread] [systray_widget/systray.py:508]: Saving state to C:\Users\Srinath\AppData\Local\YASB\systray_state_ACERTECHNOLOGIESVG271UM31322131231233.json
2026-09-05 04:09:03,379 [DEBUG] [MainThread] [systray_widget/utils.py:96]: Destroying window 132282
2026-09-05 04:09:03,379 [DEBUG] [MainThread] [systray_widget/systray.py:504]: Saving state to disk
2026-09-05 04:09:03,380 [DEBUG] [MainThread] [systray_widget/systray.py:508]: Saving state to C:\Users\Srinath\AppData\Local\YASB\systray_state_ACERTECHNOLOGIESVG271UM31322131231233.json
2026-09-05 04:09:03,397 [INFO] [Dummy-5] [root/event_listener.py:92]: Attempting to reconnect to Komorebi...
2026-09-05 04:09:03,400 [DEBUG] [MainThread] [systray_widget/utils.py:96]: Destroying window 132282
2026-09-05 04:09:04,619 [DEBUG] [MainThread] [qasync._windows._EventPoller/_windows.py:220]: Stopping worker thread...
2026-09-05 04:09:04,625 [DEBUG] [Dummy-10] [qasync._windows._EventWorker/_windows.py:204]: Exiting thread
2026-09-05 04:09:04,657 [DEBUG] [MainThread] [qasync._windows._IocpProactor/_windows.py:78]: Closing
2026-09-05 04:09:04,776 [INFO] [MainThread] [root/log.py:69]: YASB v1.8.5
2026-09-05 04:09:04,778 [INFO] [Thread-1 (_run_server)] [cli_server/cli_server.py:212]: CLI server started v1.1.4
2026-09-05 04:09:04,779 [INFO] [MainThread] [cli_server/cli_server.py:104]: Log pipe server started
2026-09-05 04:09:04,779 [INFO] [MainThread] [root/main.py:45]: Waiting for previous YASB instance to exit...
2026-09-05 04:09:04,873 [DEBUG] [MainThread] [systray_widget/utils.py:96]: Destroying window 132282
